Row.Barcode.IDs	ROI	gRNApairs	SimpleName	Norm_Acute_Neg	Norm_Acute_Low	Norm_Acute_M1	Norm_Acute_M2	Norm_Acute_High	Norm_Chronic_Neg	Norm_Chronic_Low	Norm_Chronic_M1	Norm_Chronic_M2	Norm_Chronic_High
RanDel_chr12-68423775-68425129_2	chr12-68423775-68425129	GCACAGCCACATGGACATGT;ATACAGCTATCATGAGTCAA	ClosedChromatinRegion	0.1585064063403425	-0.07788331804215107	-0.23275822947433059	-0.7339059261614023	-0.6410203068400268	0.40558073933189026	0.7836444823288183	1.0437010936817017	-0.8547077105286922	-0.10060346313858763
RanDel_chr12-68521003-68521593_2	chr12-68521003-68521593	AGTGATCAGAACAGCAGTAC;GTATCATATAAACAGAATAA	ClosedChromatinRegion	0.4595088610892367	-0.0870219047401334	-0.7145613113678287	-1.307543913788808	0.3311978495046022	0.7298188593488288	-0.03348190438428177	-1.2299666261017068	0.061199832151872226	-0.6879806817216595
RanDel_chr12-68203666-68204440_1	chr12-68203666-68204440	AAATCTGATCTACTATAGTG;AAAGTGTAGCTCTATAGATA	ClosedChromatinRegion	-0.2915743759541891	-0.1277090893193112	0.19119849939139594	-1.4200718133798105	0.11091119225809319	-0.570042976733845	0.04558013998372758	0.6910422295120549	-0.12149192611252471	-2.1552101127888896
RanDel_chr12-68423775-68425129_1	chr12-68423775-68425129	GCACAGCCACATGGACATGT;ATGCTCCTCAATCTACAACG	ClosedChromatinRegion	-0.3418664468396941	-0.1613494931302891	0.18374715244570086	0.4962253422256147	0.8864950258143686	1.9737753517583512	1.6859433038718876	0.0868529702029792	-1.3229821197196499	-0.7178756130914893
RanDel_chr12-68203666-68204440_2	chr12-68203666-68204440	AAAAGACGTAGGTAAACTCT;AAAGTGTAGCTCTATAGATA	ClosedChromatinRegion	-0.19372205956639135	0.31051044284256724	0.8095257040623681	-1.0977140530342708	-0.6468742193330832	0.6137484057873506	0.3511461703451812	0.019326918646556775	0.3804052705432296	0.7603951557533466
RanDel_chr12-68275298-68275563_1	chr12-68275298-68275563	AAGTTGGTAGGGTACAGAAT;ATAATGTGACAGTATTAGCA	ClosedChromatinRegion	0.10975435940753442	-0.3275889390987798	-0.6668239460367213	0.10253300562724531	-0.3972979894154293	0.7399264856084808	0.27761365759176454	-0.39206820090271266	-0.3281608157386157	0.47872029852945974
RanDel_chr12-68203666-68204440_3	chr12-68203666-68204440	AAATCTGATCTACTATAGTG;TCTTAGGTATCATTACCCAA	ClosedChromatinRegion	0.021423643222603133	-0.3492930711992732	-0.5817149480440432	-0.7588233383742232	-0.47481588129860536	-0.23181960046694094	-0.6362377125300406	-0.6403302725749194	-1.142922879792346	-4.723512251091773
RanDel_chr12-68637542-68638381_2	chr12-68637542-68638381	CAAGGAGGGACTTTGTAACC;AGCATGAAGCTGCTCAAGGG	ClosedChromatinRegion	-0.4763874341088565	-0.3884927517352363	-0.06461613410025105	0.0973461448070993	-0.5244035435942992	-0.4944324933618236	-1.9742359258583393	-3.3794832235811323	-0.6457026533029495	-0.658836868602536
RanDel_chr12-68275298-68275563_2	chr12-68275298-68275563	AAGTTGGTAGGGTACAGAAT;CAGGTCAGATGGTCAACAGG	ClosedChromatinRegion	0.057698766529138044	-0.41262923321776473	-0.7655262766901677	-0.35431195455910214	-0.701559477890481	0.4483810275050241	-0.9358525766228473	-3.9237103647917064	-0.36411851981913484	0.1715871574743118
RanDel_chr12-68521003-68521593_1	chr12-68521003-68521593	ATGGTGCCAGGAACATACAC;GTATCATATAAACAGAATAA	ClosedChromatinRegion	1.0674559967799564	-0.4274168441523963	-3.845115318063317	-0.35961970156523376	0.024526002786745403	0.9890120918024455	2.279553055992713	2.7570548341885344	0.17123395043136588	-3.8148304857124935
RanDel_chr12-68637542-68638381_3	chr12-68637542-68638381	ATCTTTAGAGGGCTCCACTT;AAGAGCATGAAGCTGCTCAA	ClosedChromatinRegion	0.3638657482674257	-0.6015807354319368	-1.8113689218452456	-1.8020190280615955	-0.6607976235955882	-0.35675182357982765	-1.3146241091621615	-1.8418338844359317	-1.0465845169560974	-3.105225351927151
RanDel_chr12-68316090-68316886_2	chr12-68316090-68316886	AATACTGTGAGCTGCAATGT;ATTCTGAGGTACCACATGTT	ClosedChromatinRegion	0.7363951742126759	0.7055425450904731	0.5219112272956387	0.8804536394301596	-0.17152210783594193	-0.24642163032497397	-0.9122381018212075	-1.155709163675876	0.2707057325332895	-0.17629686628754515
RanDel_chr12-68179883-68180670_2	chr12-68179883-68180670	TAATGGTAAGATACAAACTT;ATAGATTGATGGGATATCAT	ClosedChromatinRegion	-0.8120148051808914	-0.7109997020626854	-0.27835214087830407	-1.521140342307385	-0.848450649324607	1.0581588024685216	0.34377261628493166	-1.1417410976107638	0.8652222840222111	-0.047668472016126895
RanDel_chr12-68151494-68151866_2	chr12-68151494-68151866	AGGAGCACTAGGTCACATGA;AAGGATTAATGAATTATCAC	ClosedChromatinRegion	-0.8168503723521703	-0.7311002333352301	-0.3067421790298761	-1.2576087968031309	-1.3687472132877776	-0.5528297130062534	-1.0895821115868438	-1.0464419404282612	-1.7470294275118639	-0.8616619370742582
RanDel_chr12-68316090-68316886_3	chr12-68316090-68316886	CTGGACCCGAGGCACTGAGT;TAGTATATGAGGATGAAGTC	ClosedChromatinRegion	0.9493744800204768	0.7371421212755711	0.2826539499220885	0.7165562408313059	-0.7046801709470848	-0.9906430141213578	-0.4858624221373801	0.22623412908785634	-0.7776128176688035	-0.1957256313964444
RanDel_chr12-68316090-68316886_1	chr12-68316090-68316886	AATACTGTGAGCTGCAATGT;TAGTATATGAGGATGAAGTC	ClosedChromatinRegion	0.149400542264185	-0.7606134280897849	-1.7444811603677906	0.26084198693142596	-1.1839175261219355	-1.2985475444650374	-2.057979790214182	-1.8427427541486916	-2.3656085168699192	-4.73778250666538
RanDel_chr12-68151494-68151866_1	chr12-68151494-68151866	AGGAGCACTAGGTCACATGA;GGGACACATCTGGTGAGATG	ClosedChromatinRegion	1.2061407386673164	0.8152984591014539	0.021292096684453848	-1.0132938620968153	0.02174006069747106	-1.6738008724410698	-1.0907321056606725	-0.21232957953610154	0.31941854147268406	-2.7796800339605365
RanDel_chr12-68279283-68279622_1	chr12-68279283-68279622	AGAAGGATAAAATAGTCACC;AGTTCAGAGCATAAGAGAGA	ClosedChromatinRegion	-0.2041109981919294	-0.8162320858486117	-1.2135931438135186	-1.07104311058326	-0.602297552375511	-0.7718382830003716	-1.3007318144730176	-1.1499340134241336	-0.46860828734272	0.4219828450615712
RanDel_chr12-68313331-68314433_2	chr12-68313331-68314433	ATTGTGAGAAAATAGGTATA;AGTGATAGGAGCCCTAGGAA	ClosedChromatinRegion	-0.8257907212624674	-0.867531560355121	-0.52505120448424	-0.22776657464403896	-1.0793697578829113	0.9568308579025385	0.43832558698191837	-0.5093300776438008	-0.03664135005608177	-0.6222727524396294
RanDel_chr12-68179883-68180670_1	chr12-68179883-68180670	TAATGGTAAGATACAAACTT;GAAGACTAAAGATTGTGCTA	ClosedChromatinRegion	1.1323593222809327	0.8733693700350234	0.2830153834016274	0.4686683647862829	-0.8205282301999453	-0.3000029777515834	-0.8502366627877815	-0.9476576558599685	0.14629257155977937	-3.0136686794015097
RanDel_chr12-68279283-68279622_3	chr12-68279283-68279622	AGGCCCAACTAAGTACTATG;AGTTCAGAGCATAAGAGAGA	ClosedChromatinRegion	0.502598693606703	0.9338167914666209	1.1912202601179587	0.3016282066152848	0.3646346177331872	0.7592800911709497	0.017150632550294302	-1.166610474648353	0.20385994024377813	0.2622364231124023
RanDel_chr12-68279283-68279622_2	chr12-68279283-68279622	AGAAGGATAAAATAGTCACC;TGAGGAGATAAAATAACCAG	ClosedChromatinRegion	0.2347543635507314	-0.9374568100990944	-2.463187538857296	-2.8578267361940912	-0.6979606427133477	0.7918843763387795	0.1220099961791169	-0.9472085622522483	0.2425708249488108	0.1799925736454338
RanDel_chr12-68313331-68314433_3	chr12-68313331-68314433	TCTTGGGTGATGCTACCAGG;GTGACCGAATGCCAGGCTAA	ClosedChromatinRegion	-0.7600487721980627	-1.0225305426467692	-0.8656802431428614	-1.5885984703776321	-1.7762260343468528	-0.1726078915536207	-0.4071916597582203	-0.3063033198900067	-2.055238372236056	-0.7231098484809296
RanDel_chr12-68423775-68425129_3	chr12-68423775-68425129	ACACAGCCAAATCATATCAC;ATGCTCCTCAATCTACAACG	ClosedChromatinRegion	-0.6571923828990321	-1.0304914716585816	-1.0033851118039836	-0.34582225708244274	-2.025049116933495	-9.27237298905463	-2.1889091883138376	-0.7011661882350112	-7.784626701132273	-3.888322152762463
NonTargeting_6	NonTargeting	GTTGTCGAACTCGAACGTCG;GCTCTACGCGACGCCGTTAA	NonTargeting	-0.48996745788603735	-0.02075180240770942	0.537877012561743	-0.3922412106533148	-1.9496081628214794	1.5096399562787082	1.07931746905116	-0.2789124001353031	0.41335127423216395	1.1987222284252772
NonTargeting_2	NonTargeting	ACCACCGTTCGTACCGGTCG;GTCCGACTCGACGCGTATCG	NonTargeting	-0.10857010516268484	-0.08207966295999548	0.08125764873605995	-1.43881270083564	0.47162397080547785	0.14468355638413197	0.4710715334547665	0.7941687891706484	-0.5014635077497103	0.5520504287059524
NonTargeting_29	NonTargeting	GAGATCGGACCGTCGCGTTA;CAAGCTCGATTCGTCGTAAT	NonTargeting	-0.5108060699121141	-0.1008865862020587	0.43082021180646246	0.8507907886671254	0.5908422088399555	0.4502983274449554	0.11988493045581229	-0.18566812886877102	0.28165290853169295	0.0353227932381799
NonTargeting_3	NonTargeting	AGACCGTCGTCGATCGATAC;CCACGCGACCGTATTGTCGA	NonTargeting	0.2080161809673354	-0.10098337762943406	-0.346657194472597	-0.9918913577890776	-0.769770620033082	0.43459286756079596	0.24690677285758222	0.09183708634187598	-0.4157017508626809	0.6295704601925397
NonTargeting_20	NonTargeting	TGCCGTTACGCCCGACGAAT;GTTTAATCGCACTCGACGCG	NonTargeting	0.09835729120055056	-0.2692847919396683	-0.5300218096129798	-1.1277357184617867	-0.9343075534611247	-0.9963408037590372	-1.4579451711572478	-1.1671648664003833	-2.2287622002257397	-0.745154429477221
NonTargeting_8	NonTargeting	CAACGTACGACGCGATAATA;CCGCGTCCTACGGTCGCGAA	NonTargeting	-0.027852009855103763	0.3504140098379966	0.7295326726534457	1.5499026656856802	0.39005100778552054	-1.9178129689715446	-0.5469860257819791	0.4954259214001743	1.4878694711288365	1.370445539759774
NonTargeting_7	NonTargeting	CCTTAACGGCAATCGCGCGT;GGATCGAAACGTCGTACGCG	NonTargeting	-0.26177245022953577	0.4230350057495241	1.034515398319405	-0.2517188550562472	-0.6528504321414765	0.5040956821986436	0.5659689185923433	0.5839852536673311	-0.30583012959522266	0.47700797528147254
NonTargeting_28	NonTargeting	GGACGTATCGATATCGGCCG;TTTCTATAATCTCGCGCCGA	NonTargeting	-0.5323904249113017	0.4630787125005975	1.2761907233860492	-0.07638322728856094	0.26341999601800054	-0.42348914977849533	-0.6052420791224623	-0.36393597886717405	0.6611397487085323	0.25625750350816234
NonTargeting_19	NonTargeting	CCCACGTCGGTCGCGCGATA;TCACGATACGAAGTCGTGCG	NonTargeting	-0.7200002980365875	-0.4645325611208438	0.03607175430417672	0.7137707610545373	0.3587508608899197	-1.7899767693384268	-0.6030520538307871	0.39852205946731484	-0.3046299755651472	-0.4000355499025389
NonTargeting_4	NonTargeting	GTCGTACGGATTCGCGCGTA;CCAGACGCGACGATATATCG	NonTargeting	0.401852730380379	-0.6437448283318215	-2.0298723427955427	-1.1644895961392612	-0.1482285361944239	0.8120639674240133	0.4326113781032299	-0.17542811773344408	0.6182800758946053	0.7258505910005878
NonTargeting_27	NonTargeting	TGTATTATACCGTACGCGCG;ATTTCGATAACTTACGCGAG	NonTargeting	0.644020704663646	0.660368162540509	0.5540697139856781	-0.655004977523137	0.22924685355704763	-0.4898205627478181	-1.3100828246667142	-1.5727289099670396	-0.24590625349207576	0.10524268196931268
NonTargeting_18	NonTargeting	ATATTCGCGTTACGCGCATT;CGGACGATATGCGTCGCGAA	NonTargeting	-0.4660772947166718	-0.6715990112482012	-0.5700598689020058	-1.0271024263387434	-0.5604968898290965	-0.31470720331349683	0.5015231890376537	1.1472024561148322	0.5547312773988917	-0.6733428419031223
NonTargeting_17	NonTargeting	TAGAACCGGCGTAATTCGCG;GCTTTCGCGCGTACGACCAA	NonTargeting	0.5606678028846354	0.6728022708177743	0.6775241766597804	-0.14425325960392996	-0.8263253033188785	0.0488566436013504	-0.4782945871029926	-0.7518171320008747	-0.7692858814945439	0.6488387640390489
NonTargeting_13	NonTargeting	AGCCGATCGATTCGCAATCG;CAGCGACGACGCGATATAGT	NonTargeting	0.09666502194772593	-0.7500307372490699	-1.6054956543405212	0.3996119732369626	-0.0019345585728883779	-0.4511407830912265	-1.3607360067933725	-1.7549403536530384	-0.5727955775598296	-0.10735223275877434
NonTargeting_21	NonTargeting	TGGCCGTATCGCTACGCGGT;CCAATTAGATCGATCGCGCG	NonTargeting	0.7452836129318421	0.7661881418605594	0.6265407374838928	1.1748703737236474	-1.085045009585294	1.0477152427628353	2.340294488599919	2.803607603822918	2.021613399385297	0.8705985945340572
NonTargeting_24	NonTargeting	CTCGTACGTACTCCGCCGTA;GCGACGCGACGACTCGGTTA	NonTargeting	0.7690552742188785	0.7813504417534817	0.6250464653481363	1.3181073742485263	1.9179057014111502	0.33957469203717505	0.7928027330514719	1.114876675425945	0.6405046937296202	0.9833642578314659
NonTargeting_15	NonTargeting	AGTTCGTCGGTTCGTTCGAA;ACAGGTATATCGCGCGACTA	NonTargeting	1.04015524769855	0.9277750840102842	0.5423971385704452	-0.32954880556319827	-1.3777644369001285	0.12135575705643117	-0.6566888830684623	-1.2986620199935448	0.9697519507047114	0.19685092792734665
NonTargeting_26	NonTargeting	GACACGATAGCGCGCAATCG;TACCGTCGACCGGTCGAAAA	NonTargeting	-0.14238456865338667	-0.9342882916084998	-1.5852742183064814	-0.78795653150074485	0.33177713550577803	-2.6359257208962315	-2.161668407691576	-1.1267003206226658	-1.1307990966264778	0.07205769608287793
NonTargeting_9	NonTargeting	GTACGTCGATCGTATATCGA;AGTCCGCAATTTGCGACGAT	NonTargeting	-0.9597018812935206	-0.9907389401689903	-0.6001118451647336	0.19108159085565382	0.007604122452267854	1.4147123829820618	1.4360898444405465	0.9171291669082368	-1.2121723781296794	-4.396088715757325
NonTargeting_12	NonTargeting	TGGCGCCGATACGTCGGCTA;GGCTCAAAACGGCGCGCGAT	NonTargeting	-0.7239620821054586	-1.0218040274064595	-0.9062864219184651	-0.356747327076655	0.048288953340691027	-0.01450179958539842	-0.10619483172274458	0.027753252508964113	0.39455310114608255	-0.16064877743623604
NonTargeting_22	NonTargeting	TGCACGACACGATCGTACGA;GTACTACGATCTATCGCGAC	NonTargeting	1.3774454526425004	1.0401061829383822	0.23138832516810215	1.6102218687037142	0.6779448572884931	0.0172557336035272	-0.6145759636593515	-0.9863546386171057	0.06698132987914478	-0.3536251880259852
NonTargeting_14	NonTargeting	TATATCGCGGCGTCGTTACA;AGTCGCGAATCGTCGTCAGT	NonTargeting	1.118938888209463	1.0711824293128975	0.7202041075931196	-0.9960355764979617	-1.7723954814876828	0.5461216698961657	0.18188649705941504	-0.22151788541691986	1.8182974982539848	0.4105467974685896
NonTargeting_25	NonTargeting	CCAAATTCGCGATCGACGTC;TCCGTACGATTGATCGCCGG	NonTargeting	0.3039520199974923	1.1362928001907389	1.679227849757706	-0.06464305514921588	0.6741452856977403	-0.21869741772767848	-0.28708278872573667	-0.05516630609496073	-0.6571795391019352	-0.6698973586131175
NonTargeting_5	NonTargeting	CCCCGATCTTACGTCGCGTA;GCTGGTCGCGTACCGTAATA	NonTargeting	1.0445762226413091	1.1664145529938699	1.0062096736448267	1.785345731410581	1.8191941913106806	0.33987200724962713	0.9209529614860824	1.3038161652040672	0.9492056814393192	0.18223714086596265
chr12-68563164-68563463_10	chr12-68563164-68563463	AAAGTGTAATATAGCTATAA;TTAGCATAGATTATGTCGCA	-10	-0.7682602163642762	-0.24316375817607877	0.415926655683235	0.26084198693142596	-1.036479251999715	-0.3975236934072076	-0.7794342778997824	-0.6872868543662403	-2.7072385135770882	-4.73778250666538
chr12-68563164-68563463_4	chr12-68563164-68563463	TAGCTATAATGGGAAGACAG;ACACAGAGTACTGCAGACTA	-10	-0.35783688417571796	-0.3994047538664743	-0.2055963345688929	-0.6828718695489948	-0.07249563970587115	-1.0360241488400566	-1.509023165763119	-1.2097856454882756	0.20557981773191655	-0.09780303381503082
chr12-68563164-68563463_6	chr12-68563164-68563463	GTGGTGAGGGAAGTCCCAAG;TATGCTAACAATGTGATCTA	-10	0.919049078423988	0.2557606978774477	-0.7819391957501415	0.09824765307820078	-0.5616010009122604	1.2851634069178497	0.8091360260982763	-0.39156967795393816	-0.9555588155678955	-4.402966740223245
chr12-68563164-68563463_2	chr12-68563164-68563463	AAATGGACATGACTATGATT;ACACAGAGTACTGCAGACTA	-10	-0.5236655792617496	-0.6374895495115659	-0.4438505628925966	-1.252177588943857	0.18636400198964248	-0.3729995378624649	-0.01024669338473919	0.49177159631155193	0.43913564361653906	-0.11066284011720635
chr12-68563164-68563463_3	chr12-68563164-68563463	TAGCTATAATGGGAAGACAG;TATGCTAACAATGTGATCTA	-10	-0.09565978134371382	0.3728722133764284	0.8249826726098091	-1.5852684736840528	-0.815304926168271	0.22471332454027385	-0.32021911859128044	-0.7258666075098733	0.33956393586435424	-4.729667494328554
chr12-68563164-68563463_1	chr12-68563164-68563463	AAATGGACATGACTATGATT;TATGCTAACAATGTGATCTA	-10	0.3728899678607856	0.5853044854484696	0.7305563510024599	0.39347726312403425	0.24024561353405446	1.019823249802212	0.9796654950243661	0.6403930061882604	-1.4548818746479888	-1.0086558119575066
chr12-68563164-68563463_8	chr12-68563164-68563463	GTGGTGAGGGAAGTCCCAAG;ACACAGAGTACTGCAGACTA	-10	-0.12891209814488577	0.6005172556416417	1.200854602967083	0.9950848246776399	-0.9351104531456453	0.12552794770746062	0.31216612295786067	0.5660285900879898	0.16855098787721176	-1.2940351082583583
chr12-68563164-68563463_5	chr12-68563164-68563463	AAATGGACATGACTATGATT;AAACCAAAGACACTCTTATC	-10	-0.5761838822499198	-0.9954350301652357	-1.040083095229288	-2.646798622130946	-1.420839551462595	-0.04775086232158552	-0.004852593836636606	0.2292594686082353	-0.2243886740083953	-3.2037107833472844
chr12-68653020-68653612_10	chr12-68653020-68653612	AGGGCTGACTTAGCTATTCG;CTGAACAAATATATACCCTG	-100	0.046466969765881855	0.7271342931824312	1.2580792289894926	0.1206665527112426	-1.8231876323135674	0.023232838665712695	-0.5664503674777377	-0.8931907567191801	0.19291041359966668	0.6084711966990806
chr12-68653020-68653612_9	chr12-68653020-68653612	TAGCAAAAGGGTATAAAAGA;TAAGACAACACCAAGAATCA	-100	0.9798450378273187	0.7817181711784865	0.32960718244312204	0.17973910592110667	1.5855361755052004	0.6138372156414406	0.11484559836486204	-0.5093471121998563	-1.6952686557017713	0.6181140288691076
chr12-68653020-68653612_4	chr12-68653020-68653612	AGAGACATGGTCGATACTCT;GACAGTAGAGGGCAGATGTT	-100	0.8599860682981729	0.9250340195450959	0.7824040983217113	0.37907667133679607	-0.037270037037828274	1.1693400398781386	0.7813978984644657	-0.13501220154643986	0.5661383547187192	0.2838452920599026
chr12-68653020-68653612_2	chr12-68653020-68653612	AGACACTCTTCAGTAATGAC;AGATCCTCTCAGCCTTTGAT	-100	0.21740463816610145	1.0595919979312098	1.629109632971588	-1.6168742016834103	-0.10616542554888367	0.7553859475626205	-0.3766459248770527	-2.794580681445609	-3.1763308409693995	0.9498596287958632
chr12-68653020-68653612_8	chr12-68653020-68653612	TAGCAAAAGGGTATAAAAGA;AGATCCTCTCAGCCTTTGAT	-100	-1.0678234998379326	-0.30265890541208856	0.5365627656235274	-0.040265723254244885	-0.1167036718470439	0.8804652790106683	0.503371349729095	-0.15337190917801047	0.08168232475091128	-0.2054905184126472
chr12-68653020-68653612_3	chr12-68653020-68653612	AGACACTCTTCAGTAATGAC;TAAGACAACACCAAGAATCA	-100	-0.7565186679077862	-0.4545341372049232	0.08293990829255388	-1.0415144744870448	0.14246793310191866	0.3815587196212515	-0.11626881538207716	-0.5704636366430569	-0.43211317135175903	-0.09591155775110041
chr12-68653020-68653612_6	chr12-68653020-68653612	AGAGACATGGTCGATACTCT;TAAGACAACACCAAGAATCA	-100	1.38544067522973	1.407808236890639	1.0195307824327953	-0.07272338808701748	-1.2703572013180615	0.20449477006710415	0.31606977626302557	0.49466580312243297	-1.9088557956011445	-0.7016951133013761
chr12-68653020-68653612_1	chr12-68653020-68653612	AGACACTCTTCAGTAATGAC;GACAGTAGAGGGCAGATGTT	-100	-1.2556602742404086	-0.7816068703886169	-0.026924845113467846	-0.5102691475276105	0.27473042904134043	1.1464647196381188	0.9970409308043798	0.4504182162342129	-0.09616724412909011	0.16854334721387831
chr12-68655680-68656088_3	chr12-68655680-68656088	ATGGAATATAGTAAGCGTTC;TCAGTTCTGTACCTCCCAGG	-102	-0.07561596892225977	0.480372954892575	0.9764196345048551	-0.5916535871090894	-0.6080445843581095	2.1122910501364403	1.6320493460090948	-0.893854316809498	-0.40059713697162463	0.029754789848223683
chr12-68655680-68656088_7	chr12-68655680-68656088	AGTTTGACCATACAGGATGA;AATTCGGGTAATAACTTCCA	-102	0.048082195936164474	0.132896242768762	0.28880811298553183	-1.1749253638382273	-0.1395485522220916	0.2571143991529052	1.6289754375070167	2.2967877577173303	-0.12020018795844725	-0.5651382118233392
chr12-68655680-68656088_2	chr12-68655680-68656088	AAATCAATAAAAGACCACCC;AATTCGGGTAATAACTTCCA	-102	0.18279326827668632	1.051816468531214	1.642957212566139	-0.3950188865094123	-0.05602831452779533	0.2452095324302942	-0.4746778628590331	-1.12967029671474	-0.10625663617085046	-0.2459375142676371
chr12-68655680-68656088_1	chr12-68655680-68656088	ATGGAATATAGTAAGCGTTC;AATTCGGGTAATAACTTCCA	-102	0.9487452080552411	0.05064908534814989	-1.4248895438605629	1.111640378694758	-2.1480519363351682	1.6872600518845589	1.536056113857193	0.5530238214020562	1.4857091571069703	0.6745620251859306
chr12-68655680-68656088_4	chr12-68655680-68656088	ATGGAATATAGTAAGCGTTC;GGAGGTACAGAACTGAGCAG	-102	0.4972136675069871	-0.13991256633769641	-0.9073222001532945	-3.5890874870745075	1.0597467902702138	-1.8887065885430934	-3.02638395748462	-2.8289311266548784	0.5853069379752807	-3.6908965391423116
chr12-68655680-68656088_8	chr12-68655680-68656088	AGTTTGACCATACAGGATGA;TCAGTTCTGTACCTCCCAGG	-102	0.3552769843102559	1.2649696184827335	1.8332384833787556	1.1787630347447904	1.1905188417158776	1.170175053231106	0.3497110668136483	-1.6359687430434806	-1.843749174670201	-2.697759627958401
chr12-68655680-68656088_6	chr12-68655680-68656088	AAATCAATAAAAGACCACCC;GGAGGTACAGAACTGAGCAG	-102	0.698258376885604	1.3151745468877685	1.633197198153875	-1.9988851925542288	0.5127530098704034	-0.04491308195934613	0.45648168524118665	0.9204291531529967	1.383090221475125	1.4457013738796887
chr12-68655680-68656088_10	chr12-68655680-68656088	AACACCAGCTATTAACTACA;ATTGCTACATGTAACTACAA	-102	0.07537385224312393	-0.4747245079799066	-0.9260723658143339	-0.10892988700350739	-0.15680519792900477	0.03343544820919227	-0.4271242807518347	-0.6226024192778586	-0.777969735538627	-1.1626317448306278
chr12-68658371-68658710_5	chr12-68658371-68658710	GCACCTGCAGATATGATCAG;GGTTATAGTGGAGAAAATGT	-105	0.2925348593232591	0.4349358285763826	0.5540526488880715	0.1469126368086915	2.001359057927588	0.21620044919953238	0.7010602720347507	1.0784012457218517	0.015457514161927042	0.022651949720086384
chr12-68658371-68658710_10	chr12-68658371-68658710	GGGCCCATGAATCAATGAAG;TTCAAGGCAGTCTTAAGTGC	-105	-0.09292022844011538	0.6396151894276492	1.2324871066336525	0.8210721835191078	0.28707031038935926	0.22063122898748588	-0.010582265110511671	-0.0933201497258139	-1.1197270876922103	-0.4270854365144118
chr12-68658371-68658710_1	chr12-68658371-68658710	GATCAGTGGCAACAGCAGTT;GTTATAGTGGAGAAAATGTA	-105	0.5762695786309413	0.07607307133737574	-0.5490200902529503	0.008512457979165637	1.2429046084564164	0.03945087231840972	-0.8752505364346997	-1.6645033720775289	-1.991312201024443	-1.3837673104888868
chr12-68658371-68658710_7	chr12-68658371-68658710	GATCAGTGGCAACAGCAGTT;ATAATAGACCTTGGTTATAG	-105	0.4709109326615714	1.2914317051468966	1.785771084269665	0.6533194816333844	-0.286649845630701	0.6418913310799262	0.3872896169128716	0.04694333707956448	0.594809779755545	0.9413813116079648
chr12-68658371-68658710_3	chr12-68658371-68658710	GCACCTGCAGATATGATCAG;GTTATAGTGGAGAAAATGTA	-105	1.3799843361048616	1.3637681331591067	0.937557131712248	-1.2413801867607765	-0.6145746476720728	1.2084769534512076	1.095171378555161	0.5509557508533756	0.7181235876281941	-0.8674386628427495
chr12-68658371-68658710_8	chr12-68658371-68658710	GCACCTGCAGATATGATCAG;ATAATAGACCTTGGTTATAG	-105	1.7060996059950075	1.5405414494643335	0.794196978112995	-1.3658715424327486	-0.7307750697215283	-0.8056920070155007	0.30606422362980645	1.1271795587222313	-0.3387584957874291	-0.12024825560349917
chr12-68658371-68658710_6	chr12-68658371-68658710	AAGCCGTATTCAAACACCTC;GGTTATAGTGGAGAAAATGT	-105	-0.2320567001548172	-0.6190144077342984	-0.7661179849850456	-1.6938992818707548	-1.3478865958460435	-0.5776697439826364	-0.7614141323636504	-0.4620875261986213	0.15078596824479595	0.19174328890782896
chr12-68658371-68658710_9	chr12-68658371-68658710	AAGCCGTATTCAAACACCTC;ATAATAGACCTTGGTTATAG	-105	0.6268513039993231	1.8111173280688753	2.440436196512198	1.0502827168745947	-0.8555583277034103	-1.0455137864906279	0.17426546656532926	1.058490700046454	0.20123273306571668	-0.133827006211117
chr12-68660758-68662442_5	chr12-68660758-68662442	GGGAGATAGAAAAGTAACCT;GTATAATAGAACTTCAGAGC	-108	-0.027256313126947554	0.23249673789992725	0.5355640712242548	-0.9854451123689867	-0.6381741802971002	0.036986070255047604	-0.7211121005130905	-1.2686332381240433	0.058234969385358236	0.4664797145269841
chr12-68660758-68662442_9	chr12-68660758-68662442	GGGAGATAGAAAAGTAACCT;GTTAATGGTTGGTTACACTT	-108	0.25847807368741416	-0.13392945975286685	-0.48802702924213576	-0.3707942858063608	-0.8664089244724057	-0.6600780374651872	-1.8768495533111633	-2.547934095814348	0.6323947458216084	-0.3333847784029851
chr12-68660758-68662442_4	chr12-68660758-68662442	TGATTATTCAAGCAGAACGT;GTATAATAGAACTTCAGAGC	-108	-0.2480938763885679	0.5010646391794863	1.140492745107728	2.204641837302469	-0.017606450817341694	0.2888361433466936	0.3246433161228588	0.41825812523686134	0.3441337892385769	0.245859820481213
chr12-68660758-68662442_6	chr12-68660758-68662442	TGATTATTCAAGCAGAACGT;TACATAAAGAGGATGAGCAC	-108	0.0436026720880606	0.6354023395664944	1.1193528999889273	1.3767122862066192	0.6484987559633464	1.2555948045394267	1.1470824832552442	0.5760396702465529	1.7656993401562717	0.610701385027713
chr12-68660758-68662442_7	chr12-68660758-68662442	GGGAGATAGAAAAGTAACCT;TACATAAAGAGGATGAGCAC	-108	0.7185611692237462	0.7391397142804752	0.6091167335311797	1.4191159919019696	-2.0341928274947585	-1.1948339827455963	-1.195436433655331	-0.6049196018471887	0.04687492576768017	-0.5507462678874447
chr12-68660758-68662442_8	chr12-68660758-68662442	TGATTATTCAAGCAGAACGT;GTTAATGGTTGGTTACACTT	-108	-0.8021632961178471	-0.6317266818514594	-0.15883774642108747	2.2437643057760686	0.792433178656446	-0.4362959793608182	-0.3756252124793633	0.0076817654582762495	0.7640666886103624	0.14014856843472248
chr12-68660758-68662442_3	chr12-68660758-68662442	AGAGGCTGCTGATGTCATGA;GTTAATGGTTGGTTACACTT	-108	1.1553016107800245	0.9923804476262871	0.5029399684813447	-2.2076881183804518	0.9924293883215768	0.42728942054036384	0.9599472780904699	1.2923683771046248	0.8154644367979641	-1.0059357656155827
chr12-68660758-68662442_10	chr12-68660758-68662442	CCTTCACAACATGAGGAAGT;TCAGAGCAGAAATTGTGAAT	-108	0.42117598618980434	1.0156210552365892	1.398172257463959	-1.7357614396713201	0.18157298410451966	-2.0756099406358435	-3.487763642979083	-3.4326988160687493	-0.4804563914981056	-0.6988156166028311
chr12-68663523-68664113_3	chr12-68663523-68664113	TAATTAGAACTGCTGCACAA;ATGACATTGTAGTCAAGAGT	-110	-0.5576658106455036	0.07713588702778237	0.7376683837011385	-0.49965921119836737	-0.1751304888619694	1.9897268964763446	2.2936691611865507	1.730652472549246	-0.26777531225518897	-0.244946007059906
chr12-68663523-68664113_1	chr12-68663523-68664113	TAATTAGAACTGCTGCACAA;AAATAGGGAAGGTTTATGTT	-110	0.5701688262314739	0.5384799459567597	0.4166507955307962	-1.0194396132174526	0.5047010153746481	1.4700329288372496	1.3438229564781803	0.5876877524484736	0.16011387451103012	0.15401790906910257
chr12-68663523-68664113_2	chr12-68663523-68664113	TAATTAGAACTGCTGCACAA;GCAATTTGTTAGACAGTGAT	-110	0.6202322683751793	0.7170309996636571	0.6883126412780723	-0.5154071518871016	0.9564100978284461	0.4655804452655674	1.644459737126218	2.2143651903633352	1.1163727045418665	-1.1953695968628706
chr12-68663523-68664113_6	chr12-68663523-68664113	ATTGTGCAGCAGTTCTAATT;ATGACATTGTAGTCAAGAGT	-110	0.4797008117295925	0.7335689898736666	0.8748530646583955	1.0900513346761966	0.2683368545655704	-0.4545333522096928	-0.5555465395581006	-0.2537111240109714	-1.6460641140336127	0.21632168640895832
chr12-68663523-68664113_9	chr12-68663523-68664113	TGTTATCCTCACCATAATCC;ATGACATTGTAGTCAAGAGT	-110	0.08402415078285179	-0.21944946454028663	-0.4099135156785311	-1.6419659833063969	-1.650051748362047	0.3343344840986873	0.5702093702101314	0.7750040422277703	0.5112468982222076	0.5212623501653948
chr12-68663523-68664113_5	chr12-68663523-68664113	ATTGTGCAGCAGTTCTAATT;GCAATTTGTTAGACAGTGAT	-110	-0.6010187743876971	-0.278371916699864	0.22843525733829464	-0.6995687271509631	-0.06501403634121301	-0.6806777929894129	-1.214300216298907	-1.1083417778600986	-2.791609007457655	0.2063000927735217
chr12-68663523-68664113_8	chr12-68663523-68664113	TGTTATCCTCACCATAATCC;GCAATTTGTTAGACAGTGAT	-110	1.3104406605115706	1.0044928629329273	0.27081235740778836	0.8666987923797209	1.7963315692609998	0.5539918815873325	0.9303421712056688	1.13563354119914	0.39854720698995305	-0.7571131261845475
chr12-68663523-68664113_10	chr12-68663523-68664113	AAATGGGCCCTAATCGGAGA;TAAGTCCAGCCCAAACTAGA	-110	-0.26634442246834245	-1.066225088039472	-1.6655796968724812	-2.104430342169815	-1.8580434330242708	-0.16628936230703062	-0.8787636282527028	-1.22515278985256	-1.27819540687526	-0.711266647880395
chr12-68671409-68671994_7	chr12-68671409-68671994	AAGAAGAAGAAGAATCTAGC;AATGTCTAATTGCTACCAAG	-118	-0.3363495972927882	0.5329637159618179	1.2487152463663491	0.1082689311067999	-0.48622793824321636	0.5420533774243184	0.4042166237679613	0.23777593858087065	-0.6638341909788458	0.5926052342763444
chr12-68671409-68671994_9	chr12-68671409-68671994	AAGAAGAAGAAGAATCTAGC;AAAGTTTAGAACTCCAAGAC	-118	0.6369591306323685	0.2885197389816205	-0.18185695307482513	-1.3101733817180294	0.1493368950721566	0.548487766607353	0.5889157375811818	0.5702227704968046	-0.41246822083735246	0.0117900318291376
chr12-68671409-68671994_4	chr12-68671409-68671994	GGATCACTAGACTACTAAAG;AAAGTTTAGAACTCCAAGAC	-118	0.5924187379098612	0.7658181779602364	0.8087756211445911	-1.469331190381974	-1.5448057797161028	-0.4196453592716696	-0.0679899731259112	0.4429527524079966	-0.3789479777386236	0.13146888517981528
chr12-68671409-68671994_3	chr12-68671409-68671994	GGATCACTAGACTACTAAAG;GGATGCTTGAAATGATTCCA	-118	1.067214698724744	1.085292942523377	0.8202600094012497	0.7744599359176759	0.5432424752038797	-1.1119878061113884	-0.7071510996947711	0.003719687163237599	-1.4756396486989842	-0.2047428469451537
chr12-68671409-68671994_10	chr12-68671409-68671994	AATTCTATTACTGTTAGAAC;AGCACTGAGAAACCAATGCT	-118	0.6719468480838677	1.224168031188949	1.5096121345257505	1.6876682068143174	0.16053053365225806	0.9932735668419879	0.428030620824745	-0.6432481072853498	-1.6120600900078077	-0.7499886556697153
chr12-68671409-68671994_8	chr12-68671409-68671994	AAGAAGAAGAAGAATCTAGC;GGATGCTTGAAATGATTCCA	-118	0.9255906019909371	1.2398102550220127	1.280603261270035	0.5646127094905352	-0.061626283673453144	1.2948491963994482	1.3530606170992867	0.9529157483104278	-0.1831052914461294	-0.3099501597623397
chr12-68671409-68671994_2	chr12-68671409-68671994	ACAATCTGGTTCTCTTGTCC;AATGTCTAATTGCTACCAAG	-118	-0.1152311683966092	-0.36717715844970605	-0.43227769895212237	-0.32520902366819066	-0.2349211776136002	-0.12999681325368637	-0.3167527718649729	-0.1999960312195019	0.701116070646319	0.5587848946536994
chr12-68671409-68671994_6	chr12-68671409-68671994	ACAATCTGGTTCTCTTGTCC;AAAGTTTAGAACTCCAAGAC	-118	-0.28312551614868187	-0.5148827038814396	-0.5003230858703586	-1.883724158576782	-1.1686309984314052	-0.29059419226642574	-1.0678131595607925	-1.4089652606129117	-0.5756450509542839	-0.46580441717188736
chr12-68673008-68673424_7	chr12-68673008-68673424	GTCATATACCAAATCCCCAT;ATCAGGGTGAATGGGGACAA	-120	0.3834912592921578	0.7601272334122519	1.017164793666379	-0.08163072921808034	-0.25097857516403327	1.2260930931785934	0.6381840818452532	-0.7463517278347237	-0.7961330940337961	0.48259703157858136
chr12-68673008-68673424_4	chr12-68673008-68673424	TATACTCAAGATAACTGACA;AGGCTGGTTAGATACGCTGT	-120	1.0023589898044152	0.69697201659579755	0.11104434004261263	-2.209161703070526	0.47837254135175267	0.8995900906358999	1.1168974868960753	1.072602432701814	0.011129218459193862	-1.4777355927345928
chr12-68673008-68673424_10	chr12-68673008-68673424	GATGAGTATTACGTTAGTTA;CTAATTTAGAGGGAGAATCA	-120	0.8428662082053243	1.004102565744701	0.9507174801079297	-1.2439920468773944	-0.47363162693763355	1.4693217404254488	1.5637796408433529	1.0948812574280327	-0.6460264049774309	-1.0432908119322228
chr12-68673008-68673424_3	chr12-68673008-68673424	TATACTCAAGATAACTGACA;GCTTATGCAGTGGTATCTGT	-120	0.6613321444814334	1.3393467028332982	1.7042289101530903	0.33564527215654494	-0.6810020874815184	0.041347005989801774	0.010390653385069417	0.16223018210944262	0.5933669911620014	0.0759816037764289
chr12-68673008-68673424_8	chr12-68673008-68673424	TATACTCAAGATAACTGACA;ATCAGGGTGAATGGGGACAA	-120	-1.123781363090508	-0.30698626853150285	0.5656526509691578	0.7480001782239704	-0.345502039994249	-0.5877879973253017	-0.9787466458430651	-0.8090767117229571	0.36516783409088854	-4.620769757426563
chr12-68673008-68673424_9	chr12-68673008-68673424	TTTGCACATCAATATATAGT;ATCAGGGTGAATGGGGACAA	-120	-0.10609521281335998	-0.33516615554409795	-0.3830488003272523	0.756952813712711	0.05877988014958702	1.2399787402731992	1.77636923189621	1.8130232644343203	0.5543804072832578	0.30170840545322214
chr12-68673008-68673424_5	chr12-68673008-68673424	TTTGCACATCAATATATAGT;GCTTATGCAGTGGTATCTGT	-120	-1.0308955657453163	-0.48689599640425546	0.24613884377257442	0.1325158054396054	-0.17927164011483315	-0.25650400111578076	-0.9334281331765492	-1.1827379993562326	-1.28118567275285	-0.3006063280114871
chr12-68673008-68673424_6	chr12-68673008-68673424	TTTGCACATCAATATATAGT;AGGCTGGTTAGATACGCTGT	-120	-0.9133333999996428	-0.7294473294292078	-0.21717964810086948	-0.5926976144439882	-2.483150513737489	0.8574434201311839	-0.06132516167470327	-1.843791978660597	0.6931626913517408	-1.042235487810663
chr12-68675028-68675857_6	chr12-68675028-68675857	TACAGGCCAAATCACATGAA;TATATAAACAGACTAGAAGT	-122	0.5815573569530846	-0.1068858856557202	-0.9930714023246172	-0.4073111764649629	-0.7692395370636234	0.25260871265975754	-1.4068831213632644	-6.375407341572492	0.3326355535601159	-0.8116521413224511
chr12-68675028-68675857_9	chr12-68675028-68675857	GAACAGGCTCCCTTTAGTAC;ATAATAATTATAGTAATAGG	-122	-0.2814851954762037	-0.12572092959777936	0.1846745979797741	1.2070992792731907	-0.5356944463642507	0.7163681498847568	1.0303081977377122	1.1340961019216178	0.43156264100086494	0.7041343294886251
chr12-68675028-68675857_1	chr12-68675028-68675857	GCCTTGATGAGATAGAGAAC;CAGATTTATCAGGTTACATG	-122	-3.0283533559458653	-0.16219391185968624	1.455497825626236	-1.635743735287077	-0.19040509134444114	-0.5146150605440489	-1.0721703972206085	-1.0650918140198666	-0.5500307833305617	-2.1601792799002673
chr12-68675028-68675857_10	chr12-68675028-68675857	GTGATTTGGCCTGTACTAAA;CATAGTAATGGGAAGTAATG	-122	0.5854526929951374	0.10905849496455734	-0.49048909764689874	-2.0097559756328893	-2.137629662473982	-1.403030661906327	-0.30613194189843157	0.6193407414738684	-0.698649589719355	-1.332918609596481
chr12-68675028-68675857_7	chr12-68675028-68675857	GAACAGGCTCCCTTTAGTAC;TATATAAACAGACTAGAAGT	-122	0.41423290692892323	0.4242864204492535	0.3956211899718524	-0.4503717594011772	-0.8991633754272913	0.3439938885253179	-0.26836665885321337	-0.8457155408630281	-0.6227064779237037	-0.24486223346841943
chr12-68675028-68675857_8	chr12-68675028-68675857	TACAGGCCAAATCACATGAA;ATAATAATTATAGTAATAGG	-122	0.47320836704569696	0.42522905235689945	0.32475096122538727	0.41153843127913003	-0.8629784974035245	1.048379986678846	2.8682738437168585	3.47864132920925	1.459491486717831	0.6393152784421313
chr12-68675028-68675857_5	chr12-68675028-68675857	GAACAGGCTCCCTTTAGTAC;CAGATTTATCAGGTTACATG	-122	0.03694137232126059	0.57064342696455	1.0238385678437387	0.6870086669435473	0.29373388430060987	1.0749390674889407	1.6096218341401163	1.7117025530072303	0.37704482689955243	-0.1173718902501366
chr12-68675028-68675857_2	chr12-68675028-68675857	GCCTTGATGAGATAGAGAAC;TATATAAACAGACTAGAAGT	-122	-0.17554922763146152	-0.7124187270800421	-1.037688758745359	-0.5094111881585306	0.2649157308163877	-0.7411731952403774	-2.2197246151074994	-3.307476058339586	-1.1799144186192785	-4.87336058321357
chr12-68683668-68684552_7	chr12-68683668-68684552	TGTATGGCAATACTAAATTT;TCTACATGCCAGTATTATGC	-131	-0.544568640480049	0.2565942897089541	0.9909811934396847	2.726352150530385	0.10244396718702733	0.8534961596768044	1.442421528358336	1.6590308516981913	-0.4536669892638849	0.9361165515870421
chr12-68683668-68684552_5	chr12-68683668-68684552	AATCAATTACCGGCCAGGTG;AGTTAGCTCCAGCATAATAC	-131	0.3663930714053267	-0.29346962579811275	-1.0246480528838044	-2.8952576373731507	-2.369147745724156	-0.8098986416440952	-0.3772178565676345	0.26852446905310684	-2.151375649774622	0.19938859915227827
chr12-68683668-68684552_3	chr12-68683668-68684552	TGTATGGCAATACTAAATTT;CTGGCATGTAGACTGTATAG	-131	-0.2828714565409693	-0.40723221415531585	-0.30307820807810953	-0.17643131042878898	0.17797925894015543	0.8383047359231247	0.3500093830823733	-0.43993148663143616	-0.8626953606370295	0.18294625729619235
chr12-68683668-68684552_9	chr12-68683668-68684552	AATCAATTACCGGCCAGGTG;TCTACATGCCAGTATTATGC	-131	-1.337020688460852	-0.4405104107398515	0.508723631147651	-0.591386459048817	-0.3696080898468476	1.4745381116869645	1.5070370006098217	0.9612827997538513	1.0193463514324268	0.8356549021891461
chr12-68683668-68684552_4	chr12-68683668-68684552	AAAATCGAAAATAGGTTGTA;CTGGCATGTAGACTGTATAG	-131	0.4644719077749199	0.5009414018579912	0.47672490657499517	0.7451161265373292	-0.5959294632605925	1.7280698589372785	1.1546509131618523	-0.954338312421379	-1.1508240845713855	-0.7299836096703021
chr12-68683668-68684552_6	chr12-68683668-68684552	AATCAATTACCGGCCAGGTG;CTGGCATGTAGACTGTATAG	-131	-0.43091227510455726	-0.6566491666842267	-0.5841727410648017	-9.008796677579132e-4	-1.2609542400170162	-0.6026916297904953	-1.0081527094189713	-0.8423100861590087	-0.3355202796353511	0.016288693188629896
chr12-68683668-68684552_2	chr12-68683668-68684552	AAAATCGAAAATAGGTTGTA;AGTTAGCTCCAGCATAATAC	-131	-1.086679489203811	-1.004664739212937	-0.5046978030124578	-1.5202901313940151	0.5959418516168498	0.08814205247223551	-0.85707695611154	-1.7452303407963932	0.16250064520452984	-0.9643804744405841
chr12-68683668-68684552_1	chr12-68683668-68684552	TGTATGGCAATACTAAATTT;AGTTAGCTCCAGCATAATAC	-131	-1.982451658732484	-1.385152130137672	-0.41036523213958465	0.18719126079722062	-0.5426619358836117	-1.7668723372050459	-1.414875948101346	-0.5712524706012225	-1.4503804530145188	-0.4055387564705992
chr12-68567616-68570265_7	chr12-68567616-68570265	TGGGCAATGTAAGTCTGAGT;GACAGGATCCTCATATAAAC	-15	1.4837092619635999	1.3566854940063022	0.761857444244772	-0.2787198617451347	-0.525555005162357	0.9598555943313638	1.326924608062521	1.3654783555917405	-0.008716090567769789	-0.3486101918532883
chr12-68567616-68570265_1	chr12-68567616-68570265	TAAGTCTGAGTAGGCAGTGA;ACATCTCTATGATAGTATCA	-15	1.000039194800358	1.2693435695155035	1.2497737346576652	0.3065204026918788	0.955981361178955	-0.10551999298401274	-1.1533845077124856	-2.042130949561773	0.4223547785686427	0.1999348174983566
chr12-68567616-68570265_10	chr12-68567616-68570265	TTAAGAAGGCAATCCCAACA;TAACATCAGCATGTGTAATG	-15	0.8918054999166257	1.4668570980525246	1.702336771842972	1.4215807998518823	1.7208913143883073	0.9905096787920498	0.47280945042731554	-0.5056375247804303	0.7136646144272255	0.8053850818367266
chr12-68567616-68570265_2	chr12-68567616-68570265	TGGGCAATGTAAGTCTGAGT;ACATCTCTATGATAGTATCA	-15	0.22998369024204007	1.1768130274501796	1.7932522594898184	-0.6337826450769696	-1.238432189574472	1.1570918530010648	0.8889161095290837	0.1729423244997314	-0.6933588425530883	0.001832689150404798
chr12-68567616-68570265_3	chr12-68567616-68570265	GATAAATAGCAAATAAACAG;ACATCTCTATGATAGTATCA	-15	1.3566898561835228	1.610881640086873	1.4529466358900465	1.326621883399927	0.8889298943199359	0.788517882391303	-0.19049909414978577	-2.0574112324648715	1.3950312407343104	-0.3402250941028999
chr12-68567616-68570265_6	chr12-68567616-68570265	TAAGTCTGAGTAGGCAGTGA;GACAGGATCCTCATATAAAC	-15	0.7150082066561907	0.7968016594726359	0.7216942683611817	-2.6588686892599136	-1.2941718692921724	0.7320850724463757	0.19384498616656679	-0.5849533732151911	0.11835448524213756	0.15070242867011485
chr12-68567616-68570265_8	chr12-68567616-68570265	GATAAATAGCAAATAAACAG;TGTGTAAACTGTGTGAATCT	-15	1.9047288830399522	1.9173264867920266	1.2949603121565165	0.14466815096157398	-1.7097020269435519	0.8914645507864967	0.5775131614139922	-7.086680629036213e-4	-1.3798550778150638	-4.399537066330771
chr12-68567616-68570265_5	chr12-68567616-68570265	TGGGCAATGTAAGTCTGAGT;TGTGTAAACTGTGTGAATCT	-15	0.00861251151232701	0.5918611479964001	1.0804410965932356	-0.2573420261393152	0.015610079382351169	-0.24630565151803316	-1.2524527460986115	-1.941150771468137	-0.5874696397835693	0.5524881622250434
chr12-68574599-68575471_6	chr12-68574599-68575471	CTGATCCACCCAGCCCACTG;GAGCTAGTTAGGCAGCTATC	-22	0.329377523261989	1.022145843033061	1.48540337836603	0.7714400586808465	-0.2760564817746317	0.5811361052863548	1.9780048536619104	2.5829106222611937	0.9833469393923421	0.011550759124324779
chr12-68574599-68575471_8	chr12-68574599-68575471	GGATTCTCTGAGCAAAACCT;ATGCTGACATGAGGATGGGT	-22	0.9051203647256612	0.5748039953038042	0.0039333937916009535	0.333085613366604	-1.332062075470474	-0.1025716981802202	-0.5587254182424436	-0.6747457715386709	-1.2189439842942174	-3.0879425164806475
chr12-68574599-68575471_7	chr12-68574599-68575471	TAGGGAAAGGTCTTGAACCA;ATGCTGACATGAGGATGGGT	-22	0.7617726021951562	1.063465745872273	1.1487395540492393	-2.1902033407982024	-2.7938213438021076	1.0782242202926797	0.6145621986057082	-0.3500182894355565	-0.536493028380734	-1.0372847932546678
chr12-68574599-68575471_3	chr12-68574599-68575471	GGATTCTCTGAGCAAAACCT;GGTGGGTAGGCAGAAGCACA	-22	0.1829982127008994	0.3792384705006302	0.5735046866266365	0.4072731086713088	0.2652148462701665	-0.21296750242429208	0.012718933594889313	0.4042760437453768	0.002756852617783656	-1.172602682633686
chr12-68574599-68575471_4	chr12-68574599-68575471	GGATTCTCTGAGCAAAACCT;GAGCTAGTTAGGCAGCTATC	-22	0.7244339919087375	1.3422014273224092	1.6532800807275263	-0.3666441712101037	-1.4358112412116533	-0.3577794453004057	0.07146451512125723	0.5958418330418281	0.9957435545842634	0.705978741194065
chr12-68574599-68575471_10	chr12-68574599-68575471	TAGGCCGTCTACACCGCAGT;AGGGTTCAGGAAAGATAATA	-22	0.15570876815176143	-0.06922696012963298	-0.21218117747094736	-0.19220839533462952	-1.2611308829328218	-0.3756491801677033	-0.5885971135710419	-0.3864958538842339	-0.41825085652960686	-1.1619409586619205
chr12-68574599-68575471_5	chr12-68574599-68575471	CTGATCCACCCAGCCCACTG;GGTGGGTAGGCAGAAGCACA	-22	0.14426124669499044	-0.20302349186968047	-0.4616853388294385	0.6162764106615258	0.09915238774587651	0.39701066221435605	-0.416247818094332	-1.361785380047689	-0.5699434878526913	-0.7733659721324009
chr12-68574599-68575471_9	chr12-68574599-68575471	CTGATCCACCCAGCCCACTG;ATGCTGACATGAGGATGGGT	-22	-0.9296797368624217	-0.34679776349873126	0.3799532291193996	0.5121276461892704	-1.6464727558495675	-0.8480757060468538	-1.2777199619166695	-1.0257125955962583	-2.4907651483312816	0.27355415326100924
chr12-68583486-68584389_5	chr12-68583486-68584389	TAAGTTATAAACAACTCAGA;AAGCACTAACCACAAAGTAA	-30	0.5322950850551534	0.9841998223500695	1.2463122591952158	-0.8393875032794416	-2.7296554807001177	0.18412164424177319	-0.40407389304802527	-0.8350167420753544	0.364560273372076	0.8767911146738281
chr12-68583486-68584389_8	chr12-68583486-68584389	AAATGGCCAAGACAAGTCCT;AAGCACTAACCACAAAGTAA	-30	0.8679354796024983	1.1481365225550306	1.181896864999967	-0.7562954179039436	-1.2154601921360697	-0.14108166415060622	-0.42475221739542046	-0.3750900947324232	-0.8064561583111187	0.729606733343257
chr12-68583486-68584389_3	chr12-68583486-68584389	ACTCAGAAGGCCCCTAGATA;ATGACCAGATATTCATGGTT	-30	0.4116722316793558	0.6958472995964365	0.8806210896031397	1.3562384941635852	0.7032331650684357	0.4172546267122117	1.5711381163101175	2.144979045157245	1.3112349399674605	-0.33127048682013144
chr12-68583486-68584389_7	chr12-68583486-68584389	AAATGGCCAAGACAAGTCCT;AGTGCTTGCTGTTATGTCCA	-30	0.001444654029544849	1.2227424803397304	2.007328875103131	0.8593393443217893	-1.1720930908791034	0.3311464432415253	-0.0488536975872039	-0.3354969567876176	1.5435023703444055	1.1511730469543784
chr12-68583486-68584389_1	chr12-68583486-68584389	ACTCAGAAGGCCCCTAGATA;AGTGCTTGCTGTTATGTCCA	-30	0.8210385418608229	1.3136993861941577	1.5159889546855905	0.6273938820595841	-1.3153949819009796	0.5251814868562349	-0.056796714106933203	-0.7316153119644659	-1.602082298310826	-0.5139827771417116
chr12-68583486-68584389_6	chr12-68583486-68584389	TAAGTTATAAACAACTCAGA;ATGACCAGATATTCATGGTT	-30	1.9264557493667738	1.3209529320209996	-0.25700791764066994	0.7388420102615408	0.24516278778746478	1.2106552230759957	0.7339302456669553	-0.387948723705322	0.5773421402740616	1.0056200044554509
chr12-68583486-68584389_2	chr12-68583486-68584389	ACTCAGAAGGCCCCTAGATA;AAGCACTAACCACAAAGTAA	-30	1.5774312131980222	1.5708712698978147	1.0711600550349534	-0.06758353540828196	-0.8053450125944621	0.30101147719489846	0.6060705247778141	0.8631443815815739	-2.0728544247387646	0.47836372598228066
chr12-68583486-68584389_10	chr12-68583486-68584389	GGAAATCCTAAAGCCTATAT;AACATGCTCAGAGGGACAAT	-30	1.5594901682295035	1.6283717516950171	1.2164338993622195	-0.4072852090250272	-0.6940744432900914	-0.5488536382124607	0.3861682825807335	1.1164808328665436	-1.1771219131312847	0.48827786207114987
chr12-68592236-68592767_10	chr12-68592236-68592767	CAGACGTGCGCCACCAAGCT;GTCTCTCTGGCATCATCAGT	-39	-0.007770746845422977	0.11902940310028212	0.3239274095884122	-1.295016250276873	-2.8682247863505252	1.1918889996360646	1.152340756389392	0.7075701805632284	1.4109189346571211	1.690807767155243
chr12-68592236-68592767_8	chr12-68592236-68592767	ATCATGAGAATTCATAAGAA;GTTGCAAAGAACCCTCAGCA	-39	-0.02340411090185933	0.1663237877636824	0.4207084949516204	1.2293895914528996	0.07413694131108582	0.22296191807603924	-0.03406633301165437	-0.14069992197687708	0.7733926010811583	0.14642969218580354
chr12-68592236-68592767_5	chr12-68592236-68592767	CAAAACTTAACCGAGCTTGG;GTTGCAAAGAACCCTCAGCA	-39	0.346631190876357	-0.09807321903524775	-0.5492652713106462	-1.2992291373792186	-6.03563824665417e-4	0.7017569266823194	0.1860261534097371	-0.532402980228908	-0.8479260766413387	-0.7040823237741931
chr12-68592236-68592767_7	chr12-68592236-68592767	ATCATGAGAATTCATAAGAA;GAAGGAGCTTGAGTACCAGT	-39	0.22673163728696372	-0.1323136591631169	-0.4373154668787793	0.13609325015587873	-0.778691214668015	0.8817823393152354	1.3442820133490592	1.476858272202859	-2.192863966933617	-0.6551933537849082
chr12-68592236-68592767_6	chr12-68592236-68592767	CAAAACTTAACCGAGCTTGG;ACTGATATATTCCATTCCTC	-39	-0.10533416775637534	-0.4311835995240459	-0.5689480783550983	0.32900930599526756	-1.0987467753995592	-1.3905429136143534	-0.8317853083955307	-0.016593673549212283	0.049252091908548595	-0.35235717400785077
chr12-68592236-68592767_1	chr12-68592236-68592767	ATAACTCACAGACGTAGTGA;GAAGGAGCTTGAGTACCAGT	-39	0.8386761578265446	0.8196503319580165	0.607924428746195	0.28580735565513876	0.159847943758767	1.1410981716716984	2.056334600932898	2.3421007308144284	-0.5744328637270768	-0.41083908785987266
chr12-68592236-68592767_2	chr12-68592236-68592767	ATAACTCACAGACGTAGTGA;GTTGCAAAGAACCCTCAGCA	-39	-1.4227764104074345	-0.8904724873037831	-0.06929170276751188	2.081279712380826	-0.8407702543392944	1.4122978219929865	2.032616603977893	2.0542958895851178	0.5933260925703062	0.447383809683542
chr12-68592236-68592767_3	chr12-68592236-68592767	ATAACTCACAGACGTAGTGA;ACTGATATATTCCATTCCTC	-39	0.7137541441560257	1.1803738145201372	1.3977117484251704	0.6549080703317044	-0.533890875479283	-0.47745743103076843	-0.49859485231304357	-0.1439778165405964	1.1102079611221671	-0.2038153472456421
chr12-68557085-68558005_2	chr12-68557085-68558005	AGGGTCCTGTCAGACTGCAC;TAAAGCTATGGATATCTAGT	-4	0.3045620254091673	1.0559902409633326	1.5572032238970026	-0.6735462766809168	-2.8144962686719355	0.46266495416651704	0.39756943779367976	0.3350794639229065	-0.02412541001569252	-0.05020799977399498
chr12-68557085-68558005_8	chr12-68557085-68558005	AACTTAGAACAGCCCACACT;TAAAGCTATGGATATCTAGT	-4	0.7991655067280837	0.6525917945758131	0.3313439279260025	0.6651731479245032	-1.0354410104133955	-0.037128339826576366	0.29651057098840217	0.6832217249734196	0.4762735894911432	0.022738454897085682
chr12-68557085-68558005_3	chr12-68557085-68558005	AGGGTCCTGTCAGACTGCAC;GTGGTGACATATGCTCCTAC	-4	0.4236044028459637	0.6245229181578844	0.7447592300554253	-1.3019685572392237	-1.6727500325690048	0.22723372504784986	0.5867303312160157	0.8988666892128473	-1.0317358273668462	0.02128760937180344
chr12-68557085-68558005_9	chr12-68557085-68558005	AACTTAGAACAGCCCACACT;GTGGTGACATATGCTCCTAC	-4	1.1399529161465267	1.3851027512410325	1.2970604886088832	-0.619051647699283	-1.5045597406898978	0.04537037758251583	0.1044715717643325	0.3126121403731556	1.0089782834907706	0.7974065245056046
chr12-68557085-68558005_7	chr12-68557085-68558005	AACTTAGAACAGCCCACACT;TAGCAGTGAGACAATCCGGT	-4	1.4745828750851049	1.5271314073816735	1.1332742130463518	-0.15337844470744647	-0.9136709504660322	0.1914029494842565	0.6148347542899524	0.9709221115159392	0.6426592189203072	-0.015004306975671419
chr12-68557085-68558005_10	chr12-68557085-68558005	AATTCACATATCTAACGTAG;AAAGCAGGACCATGAATCTC	-4	1.1804773416428351	1.727692951257642	1.856934281766201	0.8291563586239166	-0.8151876721345847	0.08763969202667782	-0.13306656106527237	-0.14137154401919938	0.5799524214540824	0.31794043213693907
chr12-68557085-68558005_1	chr12-68557085-68558005	AGGGTCCTGTCAGACTGCAC;TAGCAGTGAGACAATCCGGT	-4	1.0325624224421066	1.7849536564326383	2.0902137965048038	1.5634013543000476	-1.2841656145839955	-0.8084790053067563	-0.5689663984618322	0.007366002201378797	-1.7094244848515114	0.02592777423776956
chr12-68557085-68558005_4	chr12-68557085-68558005	AATGGATATTGATAGATTGG;TAGCAGTGAGACAATCCGGT	-4	1.3712222161478371	2.0201879905105953	2.1605600098878477	0.7589971717274404	0.32661429534272574	1.0158282536873302	1.5657226882188124	1.7000735233905386	0.6721513403865824	0.15278077313241042
chr12-68597020-68597956_9	chr12-68597020-68597956	GTGATTCCTGTGCTCAGATA;ATTGCACATCCAAGTTTCCC	-44	-0.2407675768010712	-0.07373814781448632	0.2318705508891194	0.37511757647543326	0.6945219503325317	0.8305695541496203	0.8637427276072308	0.7004824035195185	0.44137117492675404	-0.4473152463403689
chr12-68597020-68597956_3	chr12-68597020-68597956	AGCGGACTGGTAGTTTCCCC;ATTGCACATCCAAGTTTCCC	-44	0.03478467966680522	-0.21608578052197353	-0.3369821567022133	-0.8961724632980109	-0.4866724190916702	0.17532075667855126	1.6153815275744146	2.3155347149760184	0.25198117985733887	-2.4545152958658805
chr12-68597020-68597956_2	chr12-68597020-68597956	AGCGGACTGGTAGTTTCCCC;AGTGAGGGACAAAACCTCTC	-44	0.494130547954201	0.2994503663900941	0.053057072832613295	-0.41378168425735024	-1.3593752114956836	-0.8832284418286604	0.06738646091863057	0.8698449586177834	-2.1900982180948607	-4.521186683068233
chr12-68597020-68597956_5	chr12-68597020-68597956	AATGTTCAGTGTAGACTACA;AGTGAGGGACAAAACCTCTC	-44	0.14465144952159142	0.29964557265220837	0.476262239180642	-0.3455192534974134	-1.8310658993346285	1.1625336873805028	0.661835178884557	-0.4575556761256014	-0.5842538761310329	-0.16420921462019344
chr12-68597020-68597956_4	chr12-68597020-68597956	AATGTTCAGTGTAGACTACA;AGGTAGAAGACACAGTTGAC	-44	0.06179109611673624	0.7057884023475737	1.2133039538026404	-0.6176470952631954	-1.3309495999434489	0.34579915415679857	-0.4138785352579597	-1.2170017933526114	-0.016592295588736584	0.5832146526033921
chr12-68597020-68597956_8	chr12-68597020-68597956	GTGATTCCTGTGCTCAGATA;AGTGAGGGACAAAACCTCTC	-44	-0.5123025532701477	-1.0833621468663008	-1.3026547948611151	-1.4710502561785324	-2.2617463193471616	-1.178924460763569	-1.2912706089974044	-0.7524810525696268	0.3897953746096148	0.5069071361222357
chr12-68597020-68597956_7	chr12-68597020-68597956	GTGATTCCTGTGCTCAGATA;AGGTAGAAGACACAGTTGAC	-44	0.1672868809830132	-1.2234578672226868	-3.216467210149713	-0.26642431616304013	-1.5680311888839709	-0.7149638033888106	-0.3336429919682137	0.2699706983345488	1.2321508764195583	-0.21146262940061433
chr12-68597020-68597956_6	chr12-68597020-68597956	AATGTTCAGTGTAGACTACA;ATTGCACATCCAAGTTTCCC	-44	2.3029641901998765	1.4299192970620453	-1.1443930864284342	0.14466815096157398	0.5054716389697045	1.8877442461157004	1.6147236960719813	0.16594998736646352	0.7966869963876121	-2.8022107973459307
chr12-68603137-68604004_3	chr12-68603137-68604004	GAGAGAGAAAGTGAGTCCAG;TGGTTTCGCAGAGAGACACT	-50	-0.2566740118767577	0.24980050616261382	0.7668984701804247	1.6956836701396238	-0.1190603224292045	1.1689025956221644	0.6522110641509321	-0.5065851985025801	0.41317977967996344	0.07153374483481222
chr12-68603137-68604004_5	chr12-68603137-68604004	ATTACCCCAACAATCAGTAG;TGGTTTCGCAGAGAGACACT	-50	-0.15739017225852983	0.10448988006498369	0.4477814169251889	-1.032445590314187	-0.35833336282306555	-0.1842914294465734	-0.6904302465479922	-0.8090767117229571	-1.9004691576822634	-0.2478141381533606
chr12-68603137-68604004_9	chr12-68603137-68604004	ATTACCCCAACAATCAGTAG;GCACTTCAGATAATATTTGT	-50	0.5544126461761031	0.39517547385563084	0.1597211311759389	0.1615771662313623	0.7150309238827067	0.06824758641341952	-0.13012530512090723	-0.11143165417117583	-0.29353644630619974	0.22480754324060898
chr12-68603137-68604004_8	chr12-68603137-68604004	GAGAGAGAAAGTGAGTCCAG;GCACTTCAGATAATATTTGT	-50	0.49871951011647914	0.5785025696415776	0.5782679930975383	-0.5206395098249691	-1.4191643738967537	-0.17492647641464937	0.3439647068906369	0.8521943721710256	2.2701725200558975	0.956024522670354
chr12-68603137-68604004_10	chr12-68603137-68604004	AGAGAGAAAGTGAGTCCAGG;AAAAAAACAGCACAAGCACT	-50	0.7129051084790503	0.6077540607019012	0.36249752045976863	0.24722767802542212	-1.182762664932742	-0.0811628351203358	0.278281795271063	0.6910422295120549	-0.7077709583235552	-0.19127952505208387
chr12-68603137-68604004_6	chr12-68603137-68604004	TATAAGGGTCACTAATGTCT;GCACTTCAGATAATATTTGT	-50	-0.14467668046374263	0.7334856045753947	1.4080340250418766	-0.42093855317198786	-0.6963851348953707	-0.1299790725127805	-1.1486097567354778	-1.9616224794787827	-5.539196940960868	-3.023443488441723
chr12-68603137-68604004_4	chr12-68603137-68604004	GAGAGAGAAAGTGAGTCCAG;GTTATAGAGAATATAGAAAT	-50	0.6825551897850197	0.7693699925694935	0.7101681558810031	1.4891455104987663	-0.8516895513896776	0.19832403381550467	0.4280328983528651	0.6798552117753918	-0.34785117626820994	-0.06574545242241629
chr12-68603137-68604004_2	chr12-68603137-68604004	TATAAGGGTCACTAATGTCT;GTTATAGAGAATATAGAAAT	-50	0.1600713616721449	-0.6018374338217448	-1.3678624249660676	-0.20536433035055643	0.4641983634203662	-0.8852791253775381	0.1534874339494006	0.9749754536747361	1.0083999425284862	0.7048296379412226
chr12-68616592-68617462_7	chr12-68616592-68617462	AGTGCACACATTAAGCAAGT;TTGCAGATGGTACAAAGGTT	-64	0.24791777116582453	0.1868210846200009	0.1569897536882085	-0.7589906515076564	1.0514052768661148	1.7687090299195767	1.6760494340114827	0.7192734823659177	0.1463136893906256	0.010875197546018078
chr12-68616592-68617462_2	chr12-68616592-68617462	TACGGACGGCAGGGGAAATA;TGAGTGTGAGTAGATCGGCT	-64	0.7297991801650836	0.8915700707446232	0.8781474383323822	2.0763007632901713	1.7700816448384717	0.8476728963900081	0.4085376772639138	-0.31303308465657964	0.9028784729196334	-0.054713646911661695
chr12-68616592-68617462_1	chr12-68616592-68617462	AGTGCACACATTAAGCAAGT;TGAGTGTGAGTAGATCGGCT	-64	1.117663154351855	0.9098203590834031	0.38611184092434053	0.7394228567853514	-1.6577716203348645	-0.6039565257546137	-0.590590609037652	-0.17514877455598535	-0.802282367195255	-0.8917706075088316
chr12-68616592-68617462_10	chr12-68616592-68617462	AACAACCTCAATAGTACGGA;GGTCACTGAGACTTAAACAC	-64	0.9544551351967732	1.208630473209774	1.1925413076430327	0.040156699898317536	0.2818693077173652	1.192385216948673	0.5877391962385266	-0.7952075340151828	1.7161936893271652	0.3828676530012686
chr12-68616592-68617462_4	chr12-68616592-68617462	AGTGCACACATTAAGCAAGT;AAACACAGGGAGAATTCTCT	-64	-0.45467797777720764	-0.2208866934641058	0.19146730265999562	-0.5725622151946511	-0.050522090845633257	0.815719583843792	0.5054228876530436	-0.014070429432537147	-2.1213724621043144	-1.2415529443343365
chr12-68616592-68617462_6	chr12-68616592-68617462	GGTACTCTGGGATAATGCTT;AAACACAGGGAGAATTCTCT	-64	-0.2408156853744215	-0.3745863888215888	-0.2926002483988517	-1.0703898485817116	0.5201340064140438	-0.20992105445551787	-0.6375418775900275	-0.672176062205198	0.17240354858771997	-0.25418959061127033
chr12-68616592-68617462_3	chr12-68616592-68617462	GGTACTCTGGGATAATGCTT;TGAGTGTGAGTAGATCGGCT	-64	1.133904334649192	1.4915178837331444	1.496323550945184	-0.984277102384067	-0.8103108801893902	-0.35719602852607296	-0.4026419622181651	-0.10464651716653389	0.2708926351776463	-0.1662875097589719
chr12-68616592-68617462_9	chr12-68616592-68617462	GGTACTCTGGGATAATGCTT;TTGCAGATGGTACAAAGGTT	-64	0.08147676192042988	-0.5356224822467506	-1.0705140100991206	-0.9257320214423849	-0.8094068777481914	0.5618114359288894	-0.040073926725180786	-0.7751801426005247	-1.1665876509358257	-0.07675583301819154
chr12-68625035-68625407_3	chr12-68625035-68625407	AGAGACAGGTAACAGAAAGT;ACAGACAGTGGGAAACACGT	-72	0.1808536906920948	0.17463372499155133	0.21448285680661772	0.5684298771500215	-0.4742890715822376	0.4085226692196881	0.4331198809435963	0.46629087399940045	0.7721076684724104	0.25891797992340443
chr12-68625035-68625407_7	chr12-68625035-68625407	AACGTCCATTAATGAATGGA;GTGATGACTTAATATTCCAC	-72	0.5848799539683606	0.3937177804460348	0.11436077104025781	-0.4618840507721936	-0.5360232244642918	-0.1671399324648119	-0.7784853149800296	-1.0116695617172253	0.36228743045579137	0.37500468353125327
chr12-68625035-68625407_2	chr12-68625035-68625407	AGAGACAGGTAACAGAAAGT;TGGGAGGCTGCACAGACAGT	-72	-0.49280587522195113	-0.806861600210134	-0.7877986039370587	-0.8334865227422587	-2.1515220157088586	1.2070473383831417	0.7583313820433388	-0.3048257876544218	-0.4376921107464924	0.20236594979702777
chr12-68625035-68625407_1	chr12-68625035-68625407	AGAGACAGGTAACAGAAAGT;GTGATGACTTAATATTCCAC	-72	-1.306407831843886	-0.8527896442926597	-0.09541078486257772	-1.0833882323746453	-0.5524361729560465	-1.1837033632298655	-0.9988712554502251	-0.34186073484315505	0.08979858214858225	0.39799804101728614
chr12-68625035-68625407_9	chr12-68625035-68625407	AACGTCCATTAATGAATGGA;ACAGACAGTGGGAAACACGT	-72	1.4514061070498936	1.27946698707267	0.6460339801856985	-0.410240364574195	-0.026627461714712107	-0.32034300381531255	-1.1248722150509436	-1.478871665895542	0.709070415940854	1.244937397196721
chr12-68625035-68625407_10	chr12-68625035-68625407	GAGTAACTGCTTAATGGTAT;CCTTGGGAACTGCTCTAATG	-72	2.214233472692756	1.7102295809187624	0.13279842685917	0.7261625750871559	0.37661433752214546	-0.11529022067879227	-0.017931656250791343	0.2729976595342298	-0.42604472411560756	0.5967613578454843
chr12-68625035-68625407_8	chr12-68625035-68625407	AACGTCCATTAATGAATGGA;TGGGAGGCTGCACAGACAGT	-72	1.685581848113546	2.000964426724915	1.7764556010152268	1.687904763909711	1.5906410453713227	2.1089779882831663	2.061583403335995	0.8566945427750327	1.395451932674141	-0.11006292091741156
chr12-68625035-68625407_4	chr12-68625035-68625407	TCTGCACTCCTCCCAGCCCT;GTGATGACTTAATATTCCAC	-72	2.244950909173846	2.4242420067467605	1.840393981577958	0.5136437304640005	-3.8371147206651193	0.5948092181105766	0.051032683566038683	-0.6229442717014531	-6.625546091203502	1.3568719445841815
chr12-68628018-68628307_1	chr12-68628018-68628307	AGTCGGGTGAATCCTAATTA;TCTGTGCTGAAGCTCTATTA	-75	0.14446150449995793	0.502886150818209	0.8193256577817409	-0.7929033667798575	-0.31998077627510696	0.18074814893142582	0.2661702428321711	0.4375664758400273	-1.214147995329701	-4.184590145244185
chr12-68628018-68628307_10	chr12-68628018-68628307	GAGTCGGGTGAATCCTAATT;TATGGAGCTTAGATTCACAT	-75	0.8082694507276458	0.5069993689102649	0.014251602131610865	0.9161487301239503	0.6171861753675041	0.5373866047651057	1.0698118335544808	1.3657341700591248	-0.20252710571639493	-0.010908635587064678
chr12-68628018-68628307_9	chr12-68628018-68628307	GTAACCCGATGGTATTTATT;ATAACGGTAAGAGTTTGTAG	-75	-0.2509058454490916	0.018785891831475488	0.39455226942201216	-2.3431388201007657	0.1171358312538499	1.4563368061393467	1.535079091209525	1.0564547735164191	0.837209940552443	-3.8567070940211345
chr12-68628018-68628307_5	chr12-68628018-68628307	AGTCGGGTGAATCCTAATTA;ATAACGGTAAGAGTTTGTAG	-75	0.43328297682594674	-0.050271759384994924	-0.5869194432477344	1.1086411607821127	0.41432420327478225	-0.11515044456657475	0.6111704652868607	1.179263258841139	0.4826560875124139	0.29424642336165296
chr12-68628018-68628307_8	chr12-68628018-68628307	TGTGCCCAATAAATACCATC;ATAACGGTAAGAGTTTGTAG	-75	0.5202654618847364	0.7878030408076692	0.9260530210517064	2.053598235477621	1.2384923438783395	-0.15622120134483453	1.1951960331027913	1.9413011673290537	-0.28191948827520935	-0.12022223994818626
chr12-68628018-68628307_4	chr12-68628018-68628307	GTAACCCGATGGTATTTATT;TCTGTGCTGAAGCTCTATTA	-75	0.7923396452520702	-0.34617972217108833	-2.237108383762262	-0.23534851494575024	0.6340700597112638	2.317876739583136	2.4790487565993318	1.456700868401975	-2.2313414701119134	0.24399454441455973
chr12-68628018-68628307_6	chr12-68628018-68628307	TGTGCCCAATAAATACCATC;ATAGGAAATTGGCTCAGCCC	-75	0.92762838005332	1.003646582549597	0.8457589117910925	-0.5592281990850391	-0.06647710038382026	0.5932271333288974	0.9544846575294599	1.1361765952387541	-0.47383498769111365	-0.5640959863537885
chr12-68628018-68628307_3	chr12-68628018-68628307	AGTCGGGTGAATCCTAATTA;ATAGGAAATTGGCTCAGCCC	-75	-0.7049358758350753	-0.6252108423844689	-0.23782894285526082	-1.9405760315037868	-3.4848662500732104	-1.472063124414877	-2.632126313525159	-2.6680280525458278	0.6556557891752358	-0.36083811824008
chr12-68630163-68630950_7	chr12-68630163-68630950	TCTGATCATTGGCTTAGATT;GGGTATAGGGGCTTAAATGT	-77	0.20697492114645938	0.22327096815736658	0.27239719826111325	-0.48448925487951866	0.07780598620389617	0.8975919017247814	0.8505125132708575	0.5752570013461401	-0.22038024426747	0.11838421999665073
chr12-68630163-68630950_10	chr12-68630163-68630950	GAGAAGTACACCTATCCTCA;GAAGATGGAGCAATTAACTA	-77	0.5221180289617556	0.07703517422492677	-0.4544598878281106	0.18652278376901596	-1.2204953381238417	0.5009482118450921	-0.081634396773803	-0.7380135654839353	-0.21434512627740926	0.25792672054051946
chr12-68630163-68630950_5	chr12-68630163-68630950	ATAGGGCAGGTCCATTTGGA;GGGTATAGGGGCTTAAATGT	-77	0.4632963494885581	0.3504140098379966	0.19456992172928678	-0.6088151494813653	-0.36983545967017206	1.2319005654580326	1.525851012728965	1.3847297668669272	1.5590880064090078	-0.5203710651160329
chr12-68630163-68630950_2	chr12-68630163-68630950	ATAGGGCAGGTCCATTTGGA;TAGGATATACAAGATCCTGT	-77	-0.05317419236803067	-0.15800557203589882	-0.1177225470049806	0.08050273348575798	0.324953527376872	-0.20738196278503493	-0.8144132702930449	-1.0193188227778796	-0.6300998828028451	0.12632554082503464
chr12-68630163-68630950_4	chr12-68630163-68630950	ACTCTGTAGACAAGCCCCAT;GGGTATAGGGGCTTAAATGT	-77	0.7724057902354674	0.629702888331599	0.32330243931995184	0.513312650710222	-0.5451683336522712	-0.0763232888715781	-0.06368823785864956	0.16297721391283318	0.9469657784179116	0.7814957265953338
chr12-68630163-68630950_8	chr12-68630163-68630950	ATAGGGCAGGTCCATTTGGA;ACTGACATGTGCTACCAGTG	-77	-0.24778858854224173	-0.29275585928564385	-0.13790042805727615	-0.19299318562150486	-1.0249467733570603	0.4766292899078511	-0.014227490609328791	-0.5259814707252264	-0.5462135214903727	-0.09965717585178639
chr12-68630163-68630950_1	chr12-68630163-68630950	ACTCTGTAGACAAGCCCCAT;TAGGATATACAAGATCCTGT	-77	1.2721104784184865	0.7037122340614291	-0.3878931985876636	0.09052916539463503	0.008031326851811104	0.012974416859603835	-0.29658844051187766	-0.3420719911699104	-1.4390371408878597	0.6608455790397378
chr12-68630163-68630950_9	chr12-68630163-68630950	TCTGATCATTGGCTTAGATT;ACTGACATGTGCTACCAGTG	-77	1.059588939205345	1.1526196821643706	0.9608087152766404	-0.17387658020583222	0.12549991247144904	0.6191672987082213	0.8404688608001294	0.9224307429396665	0.4213512273472052	-0.9411185469703744
chr12-68634561-68635320_3	chr12-68634561-68635320	GATATCCCCAGATATTCACA;AGATAGTTGCTGCTCACCCA	-81	1.23784546698184	0.78238852898671	-0.11838971041870099	-1.0387860989069002	0.8128053993931985	1.118863364566083	1.3255393813741487	1.1667619540504228	0.7040802980567469	-0.6972417668911236
chr12-68634561-68635320_5	chr12-68634561-68635320	GTATTCAAGAAGTAGCAAGA;GAAGTAGCTAGAGTCAACCT	-81	0.7452836129318421	0.7943704800976432	0.6798234768849971	0.43564147873158027	0.23398857839924095	0.3787270933519466	-0.17125402146371776	-0.6900211496134679	-0.6271597227753675	0.39958852709831827
chr12-68634561-68635320_9	chr12-68634561-68635320	GATATCCCCAGATATTCACA;GTAAAAGACGGGCTAACTGC	-81	0.35430736434953863	0.8527532887257876	1.196401028879122	-1.0743542446116272	-0.05650065526259154	-0.47626222425220416	-1.3292108608833493	-1.6378524882347392	1.4435518615091496	-0.25280633788474083
chr12-68634561-68635320_6	chr12-68634561-68635320	GATATCCCCAGATATTCACA;GAAGTAGCTAGAGTCAACCT	-81	0.7289779907209806	0.9430001661364139	0.971765833721434	0.7405458762036028	-1.501067723922295	-1.3422266751190197	-1.6652338698613678	-1.172931184258496	-0.8680012414227669	-0.20960238311954518
chr12-68634561-68635320_10	chr12-68634561-68635320	TTAGGTAAGGAGATCAGGGA;CTATCTGAGGCCCATGGTAC	-81	-0.2605243901983568	0.03339778572126528	0.4271712328468432	1.1702766846311845	-1.3484372392718966	0.6163132881098994	0.5152170562038039	0.34302665227117934	0.7151441674862861	-0.027972330007468085
chr12-68634561-68635320_2	chr12-68634561-68635320	GTATTCAAGAAGTAGCAAGA;AGATAGTTGCTGCTCACCCA	-81	0.3033695729915926	-0.03901261096730853	-0.3585244868488324	0.1391836258365639	0.2143567194246975	0.5294536961444841	0.14512526175608864	-0.2709680567602657	-1.5041098653735396	-0.8833623008508807
chr12-68634561-68635320_8	chr12-68634561-68635320	GTATTCAAGAAGTAGCAAGA;GTAAAAGACGGGCTAACTGC	-81	1.395589147534325	1.4248834306931717	1.0395540141025148	1.1105506567638908	0.4650005308109872	0.7680706988029107	0.026693975347159872	-1.1653677267734388	-0.09091061103888555	0.38547802798683706
chr12-68634561-68635320_7	chr12-68634561-68635320	GCTGAGGAAAAGCCACCAGA;GTAAAAGACGGGCTAACTGC	-81	-0.29149848292692004	-0.7104914832860034	-0.8654073628598299	0.16098899381861417	-1.5219729432227473	-1.2790876269602665	0.5346021593149052	1.5312433869279385	-0.40647088283613175	0.2690096344017299
chr12-68553039-68554075_2	chr12-68553039-68554075	ATATTACTTGTGAAGTATTC;GTGTAGAGAATATTCCCAGG	0	2.428409821367272	2.4692902684395794	1.6357990856582896	-0.4519030672117473	-1.9416319607633095	0.38241259412414386	-0.011013652694564457	-0.34352598512262916	-0.021923417865802503	-0.29095009796155863
chr12-68553039-68554075_7	chr12-68553039-68554075	TCATTCAGTTGTGATAGTCA;GTGTAGAGAATATTCCCAGG	0	2.527139747697736	2.3015297880367642	1.0258616284518505	1.429286841561994	0.19671663875440137	0.6004869237108758	-0.10043025447850976	-1.0369912174945104	-0.7873187350844741	-4.356863188659316
chr12-68553039-68554075_10	chr12-68553039-68554075	CCAAAAGATGGGCATAATAT;AAATACAATACAAGCCACAC	0	2.7714230943526235	2.5196202321938124	1.046101055152752	-2.402571209938499	-3.66522480185983	-0.023960632914797452	-0.03207741297513501	0.16110720736057763	-0.9883958165727864	-0.39142693506505705
chr12-68553039-68554075_8	chr12-68553039-68554075	GGTCAAGATTAGCATTAAAA;AGTGTAGAGAATATTCCCAG	0	2.0259181275520097	2.9763109329626944	3.1188956499098417	0.9308208646935208	-2.066754188797116	-0.8431583594725877	-0.47126215011122796	0.16243868913289924	-0.18393391405499937	-0.40827252821631954
chr12-68553039-68554075_4	chr12-68553039-68554075	GGTCAAGATTAGCATTAAAA;GTGTAGAGAATATTCCCAGG	0	1.9496284676319233	1.60883051635471	0.48621242070513376	-0.6762930861870431	-0.39433107258427813	-0.2506737354229316	-1.0968722541178304	-1.551263393096069	-0.9257927091233581	0.6050220712412331
chr12-68553039-68554075_1	chr12-68553039-68554075	ATATTACTTGTGAAGTATTC;ACAGTGTAGAGAATATTCCC	0	0.8046654390577798	1.4695733168537581	1.7865292348924067	-0.2533098308267724	-0.8881721399838599	-0.38713608225407553	-1.054597314206566	-1.2169174106019465	0.1639039824231766	0.28912565769886256
chr12-68553039-68554075_6	chr12-68553039-68554075	ATATTACTTGTGAAGTATTC;AGTGTAGAGAATATTCCCAG	0	1.7444380146422593	1.3322144386910522	0.21512282126903942	-1.3851956524343922	-2.502713940049059	-0.5167468728312646	0.1675548690102491	0.8214306504306504	0.17368979432409482	0.7040285528256475
chr12-68553039-68554075_3	chr12-68553039-68554075	GGTCAAGATTAGCATTAAAA;ACAGTGTAGAGAATATTCCC	0	1.216679078370817	0.841279971942247	0.0627385437909045	-1.419198866907736	0.636637926653976	-0.5484171092559869	-1.4483417101429508	-1.7649634248803856	0.9658597913078903	-0.3748805095406862
chr12-68437225-68437592_8	chr12-68437225-68437592	TGGCCTCATAAACCCCTCAG;AAGGCAGCTAAAATGATGTG	116	-0.18632016725561965	0.01884051664619027	0.3335291071018957	-0.29493624484770925	-0.26454407441767447	-0.8649249658560993	-1.5200199019251113	-1.423052119922448	0.3818185340558853	0.07610164144078267
chr12-68437225-68437592_3	chr12-68437225-68437592	AAGACTTGGAGTTTGAACAG;GCAACTAGATGGTCCCATCT	116	-0.10950111507609038	0.23794305657985143	0.621454604945245	-1.638724614239298	2.9754384759219747	-0.9208619395111534	0.7022560705158363	1.625456770819188	-7.017466108701047	-3.495011687792896
chr12-68437225-68437592_4	chr12-68437225-68437592	TGGCCTCATAAACCCCTCAG;GCAACTAGATGGTCCCATCT	116	-0.32285294060864683	-0.6324658020671563	-0.6721898017215462	-0.3277973066584056	2.09507766774609	-1.3968453756404926	-2.8656975558785946	-3.316211259240525	-2.3962800171255876	-3.7792134944374904
chr12-68437225-68437592_1	chr12-68437225-68437592	AAGACTTGGAGTTTGAACAG;AACTAGATGGTCCCATCTGG	116	1.2577582333406467	0.493722800948982	-0.9324687260017163	-0.8042343147207927	0.21857458111584724	1.890839325561973	1.4850589185993819	-0.33187323345358305	-4.9494691906111274	-3.911038881536051
chr12-68437225-68437592_7	chr12-68437225-68437592	GCCACTGAGCCTCACCACTG;GCAACTAGATGGTCCCATCT	116	0.19661646328030186	-0.9363663924474029	-2.35285256664749	-3.7830122925702243	-0.9113802646712269	1.396096777130202	1.5211135376660367	1.1313984034912192	0.7450132751012067	0.373987477073527
chr12-68437225-68437592_6	chr12-68437225-68437592	AAGACTTGGAGTTTGAACAG;AAGGCAGCTAAAATGATGTG	116	-1.3354970736161003	-1.1529488497345113	-0.5263221273002613	-1.77873475718772	-0.9608607607178898	0.1822888486051831	0.9929065480525744	1.5130984465220982	1.2007676709267099	1.6329070384900637
chr12-68437225-68437592_2	chr12-68437225-68437592	TGGCCTCATAAACCCCTCAG;AACTAGATGGTCCCATCTGG	116	0.2714103807073323	1.1062588259512238	1.6586367100173098	-0.6884715299704719	-0.47561303408511507	-0.8686443440281578	-1.853554561151792	-2.0628568907228235	-1.6157442149566201	0.9388511060046671
chr12-68437225-68437592_5	chr12-68437225-68437592	GCCACTGAGCCTCACCACTG;AACTAGATGGTCCCATCTGG	116	0.10280807704252864	1.2177714445718217	1.9375775953767413	-1.7170445644723105	0.16927491802375724	-5.799247876733545	-2.3457258369912966	-0.8981646689389164	0.9860701024298639	-3.9329688137740635
chr12-68436002-68436568_3	chr12-68436002-68436568	ACATGACTGAACCTCAGCAC;AAGACTTGGAGTTTGAACAG	117	0.46967520782795535	0.6475346104342186	0.7351077398671215	1.9874596437502257	-1.1401752351511762	1.0602876312550118	0.5580599638430364	-0.45995735529506254	-0.4251445950719582	-0.28319119816255833
chr12-68436002-68436568_5	chr12-68436002-68436568	ACATGACTGAACCTCAGCAC;GTGACTCTGAGAATTGGTGC	117	1.1705751206184736	0.6946083988953874	-0.19973786459934523	-0.9036114492064001	0.16308076989828676	1.9911479898670266	1.568656850635442	-0.4722009178115227	0.8532391641810535	-0.3983570708522344
chr12-68436002-68436568_10	chr12-68436002-68436568	ATAAAGTGTTAATATTCTAG;TTTACTGTGACTCTGAGAAT	117	0.24867927563947678	0.16249638992393434	0.11065640064629077	-1.8418692039125892	-0.332918494656403	0.34198414984217207	-0.2410326528749172	-0.7769124930918481	1.1534998641277296	-4.610994948386351
chr12-68436002-68436568_8	chr12-68436002-68436568	TGGACTAGTTTAGGAATGGT;GTGACTCTGAGAATTGGTGC	117	-0.2340688331109302	0.8593633125970459	1.645554942798208	-0.42839843095759256	0.7868852129124387	0.28263941563469325	-0.13166816808789458	-0.4256963791537185	0.4590394140335749	0.028376207895136337
chr12-68436002-68436568_1	chr12-68436002-68436568	AGACAGTGATAAGTACATTA;AAGACTTGGAGTTTGAACAG	117	0.39130990119697534	0.872538686036791	1.1948385385541163	-1.2842252160456151	0.7273488946714604	-1.2038943768114234	-1.5678008365368767	-1.143200224385608	-1.2961353379923535	-4.226623691000327
chr12-68436002-68436568_4	chr12-68436002-68436568	AGACAGTGATAAGTACATTA;ACTGATTAGGCCTGACACCT	117	0.9552489782303261	1.2334402565956293	1.2362108686316868	-0.03779095032868426	0.44095537454076034	0.6201948014716637	0.5663644398456616	0.4346348761867889	0.4198331904513857	0.33863314317710436
chr12-68436002-68436568_2	chr12-68436002-68436568	AGACAGTGATAAGTACATTA;GTGACTCTGAGAATTGGTGC	117	1.0871178863356732	1.4658967311833544	1.502528955597771	1.381912813181319	0.4112052446472017	0.21976862242640627	0.9780920664081779	1.4690615604816757	-0.9817050426535608	-0.17800532813802963
chr12-68436002-68436568_6	chr12-68436002-68436568	ACATGACTGAACCTCAGCAC;ACTGATTAGGCCTGACACCT	117	1.001789461693498	1.520807133034657	1.6857782035605544	0.20642025108290446	1.0438111135168158	0.8028800996910013	0.3644591344911012	-0.32009904031744146	-0.010445855804291242	-4.5516585824041655
chr12-68430366-68431765_8	chr12-68430366-68431765	TCTGAAGAAAGCCAAGGCTA;TCTGGGATTAAAGACATAAC	122	0.2583725631395854	0.026063254059758026	-0.16383313250335496	-0.9862678564684622	-1.6561265000581384	-1.9507659189303395	-0.7523256681493967	0.2753508803108981	0.41336117245073084	-0.24139426851225962
chr12-68430366-68431765_2	chr12-68430366-68431765	TGTGATAGTAGTGGATATGG;ATGGCTCTTAAACTAATGCA	122	0.9390715110852002	-0.0029808577928807636	-1.5616558270792458	-1.7716535725413312	-0.3580999879460119	0.2412991741480474	-0.6199694750777861	-1.5028573115195323	0.868381056173961	-4.367804278798571
chr12-68430366-68431765_10	chr12-68430366-68431765	AGTTGTGGCCATTCCCAATG;TCTGTCAGACCAGATGGATC	122	-0.5482847235942363	-0.006575724354807173	0.6052476259800501	-0.9866081554540233	-0.10073122386264165	0.5143178020359528	-0.2610439917291108	-1.2516804106481991	0.7761735069167808	0.7802494630830372
chr12-68430366-68431765_4	chr12-68430366-68431765	TGTGATAGTAGTGGATATGG;TCTGGGATTAAAGACATAAC	122	0.34433656847761007	-0.010783465568119188	-0.3611911898083392	-1.6200758027061837	0.2292216591705892	-2.3366806660730797	-1.9738442239198286	-1.013434683250625	-0.8895060860178637	-4.315046459497067
chr12-68430366-68431765_3	chr12-68430366-68431765	GGAGAGGGTTGTAGAAACAA;TCTGGGATTAAAGACATAAC	122	-0.07499455544032015	-0.20806355515286906	-0.18374596425009151	-0.11610157842314682	-1.9206222398523043	0.9137632303713763	0.27897672496319764	-0.8483245311547278	-2.827468458643066	-4.5183423984391515
chr12-68430366-68431765_9	chr12-68430366-68431765	TCTGAAGAAAGCCAAGGCTA;CATATCACAACATATCACAT	122	-0.0754424103318564	0.7002055773712665	1.309892221164612	0.7635210372674394	1.6674576569172141	0.18087223351614462	-0.11389257464404456	-0.23244845544355722	-1.0175246870513908	0.30495306448572806
chr12-68430366-68431765_7	chr12-68430366-68431765	TCTGAAGAAAGCCAAGGCTA;ATGGCTCTTAAACTAATGCA	122	-0.7060880859720795	-1.004033027124108	-0.8948698869091439	-0.35569196090389776	-0.5454623182539104	0.8034902690753605	0.7751920227159241	0.5701765212091423	0.6011943166918675	0.6317484614645933
chr12-68430366-68431765_5	chr12-68430366-68431765	GGAGAGGGTTGTAGAAACAA;CATATCACAACATATCACAT	122	0.8930578599404608	1.3827014864111318	1.5609630057720856	-1.329903080736332	0.8925123974790918	0.6558577926582686	0.9203417775980474	1.01618678877914	0.7815180719101547	-1.1144551134321665
chr12-68425793-68426589_2	chr12-68425793-68426589	AGCCCAAGGAATAAGCATGT;AAATTGAGAAAGGTAGAATT	127	0.09933580957104853	0.14835982173185552	0.25999145572388793	1.2218243092808523	-0.1474840889104217	0.2155497935779595	0.9264091561684143	1.4003570516502855	-0.16419340799079632	-0.2661084193212647
chr12-68425793-68426589_7	chr12-68425793-68426589	GGTAGGTATGATGTGCTGAT;GCTCTTAAAACTGTCTGTAA	127	0.9607347515173963	0.5084147208944341	-0.24406617196638736	1.1780025059897397	-1.5084081982115176	1.0474282884568924	1.1076478643347283	0.8533842381544045	0.9500566634092785	-0.7502398079970716
chr12-68425793-68426589_5	chr12-68425793-68426589	AGCCCAAGGAATAAGCATGT;ATTCACCCCAAAATAGGAGT	127	0.9136368924490018	0.6815961874693737	0.22065480112942615	-2.082705949083359	-2.565257599353413	0.3749971327115123	-0.4610178907190201	-1.4274921094713666	0.2684988070832967	-0.12126126644356533
chr12-68425793-68426589_8	chr12-68425793-68426589	AGCCCAAGGAATAAGCATGT;GCTCTTAAAACTGTCTGTAA	127	-1.2004989023474786	-0.6906267554938288	0.06748037290756781	-0.08009040726960678	-0.993409340051995	-0.9103611482270705	-0.6151406714500244	0.009270435952071329	0.4520653515496734	0.6488522818980417
chr12-68425793-68426589_6	chr12-68425793-68426589	ATGCTCCTCAATCTACAACG;ATTCACCCCAAAATAGGAGT	127	0.5715129682786425	0.9179222239705659	1.0965054590228154	-1.1507993117912367	-0.5818827663723725	-1.091875230046169	-2.136228985334939	-2.27415946319881	-0.5736605420023055	0.26263858027641207
chr12-68425793-68426589_3	chr12-68425793-68426589	ATGCTCCTCAATCTACAACG;AAATTGAGAAAGGTAGAATT	127	-1.2541748205844587	-0.9454689634256451	-0.2728373081449005	-1.3547812154504852	-0.05224988211323788	-1.4423125000657158	-1.7712069532074566	-1.2493592313202437	0.4563270281443092	-2.9323174085912873
chr12-68425793-68426589_10	chr12-68425793-68426589	TAGCCCAAGGAATAAGCATG;AATTGGTATGGGAGATTGCC	127	1.3226361593316636	1.2091906095653253	0.7018206715134513	-2.187898269997692	-0.7542331610458686	0.20002666354280252	-0.05535406371860818	-0.14869234062324924	-2.1286353837846423	0.5458215096080123
chr12-68425793-68426589_4	chr12-68425793-68426589	GGTAGGTATGATGTGCTGAT;ATTCACCCCAAAATAGGAGT	127	-0.6866075948437652	-1.1813443491705915	-1.2545031298651452	-0.3935956177543429	-0.20276548463345148	1.5511294521284396	0.9158583504139047	-1.0935194535572148	0.8533652877616584	1.2918352686467016
chr12-68412220-68412675_8	chr12-68412220-68412675	AGAGATAGCTTTCCTCTGAC;TCAATAAGTTGATACATGCG	141	0.7277045311410539	0.8874724721578268	0.873141458405208	-2.1419195899539374	0.1428529335869806	0.47336698358262497	0.0033828916591023025	-0.4793850245598271	0.023994278637546506	-0.8176806874630969
chr12-68412220-68412675_1	chr12-68412220-68412675	AACCCATGTGGTAAATTCTA;GATTTAGACCCAGATCTGCT	141	0.5798416067182084	0.5390139082791129	0.40532709628682867	-1.5839296400154188	-1.0522223818218113	-0.15779614278872967	0.33821771345033186	0.8325380952260278	0.2078816963501712	-1.4729084025857841
chr12-68412220-68412675_2	chr12-68412220-68412675	AACAGTGAGCCCATGCAAGC;GATTTAGACCCAGATCTGCT	141	0.5528287754161949	0.42700871908454296	0.22450229965703283	-1.0388752072463479	-1.5105013071773639	1.8762221451617185	1.9876988007243377	1.2565537418382655	0.42610832897972956	0.1867055256941582
chr12-68412220-68412675_6	chr12-68412220-68412675	AACAGTGAGCCCATGCAAGC;TCAATAAGTTGATACATGCG	141	0.027154944936401207	0.37349679601585073	0.7166726723946313	1.100553948475866	-0.06199567273551651	0.31868685284521875	-0.42395056705306433	-1.1753898241767937	0.45798401550063317	-0.3763153121345822
chr12-68412220-68412675_5	chr12-68412220-68412675	AACCCATGTGGTAAATTCTA;ACCTCCTGCACACTTTATGG	141	0.5397705830339815	1.2116461747284977	1.60645922922944	1.233096499646192	-0.34158348604500827	0.7263706062805074	1.3522114548640778	1.6321087209755043	-1.3453168151845618	-0.9452402548032472
chr12-68412220-68412675_7	chr12-68412220-68412675	AACAGTGAGCCCATGCAAGC;ACCTCCTGCACACTTTATGG	141	-0.1835620726753109	0.11825458438111282	0.494689363147696	1.3059707603618507	-0.3632093262389718	0.7670055006601381	0.9181683991682229	0.8840513743016488	-0.5377511263353437	-0.17813322738044393
chr12-68412220-68412675_3	chr12-68412220-68412675	AGAGATAGCTTTCCTCTGAC;GATTTAGACCCAGATCTGCT	141	1.1721484259507655	0.10855526912853944	-1.9210203780639667	-0.682999173266349	-0.519563010226347	0.9967551410949999	0.8576363198855845	0.42371979812803917	0.597281562999921	0.6979452096481366
chr12-68412220-68412675_10	chr12-68412220-68412675	TCAAGCTACAACAACAGACT;TCGAGGCAAATGGACACAAC	141	-0.11093729929600832	-0.021826491732656505	0.18869459331448943	0.07916454567718736	0.5800596808413819	0.5240998234021548	-0.5207064324790033	-2.1686172147541734	-1.146937839049728	0.15485854735037302
chr12-68404581-68406918_8	chr12-68404581-68406918	TAGGGATGTACTCCGCAAAC;GTGTAACTGCTGCCAGAGGA	148	-0.027422834978409652	0.0673802584357898	0.2552412322384785	1.7058703781841782	0.2133373066776992	1.2088289439307494	1.2656489218547158	0.9157843420844489	0.8131566161276602	0.46412251969316637
chr12-68404581-68406918_7	chr12-68404581-68406918	TAGGGATGTACTCCGCAAAC;AATATGGCACTCCAAGAGGG	148	0.4290407334441022	0.20759449893891857	-0.0393412329264813	-0.04738148031411414	-0.2896012681979306	1.0032412609283305	0.7143877739798938	0.08757126988681059	-0.6933446270333429	-0.44958387234438874
chr12-68404581-68406918_3	chr12-68404581-68406918	AAGCCACATGAATATATCCA;GTGTAACTGCTGCCAGAGGA	148	0.2526996632878306	0.29649709208853164	0.35206981555351136	-0.44426819813388263	-1.9436006329488542	1.2495293712930549	0.5805088835783058	-1.048729872280811	-1.2755250493023056	-0.45524609058053167
chr12-68404581-68406918_1	chr12-68404581-68406918	AAGCCACATGAATATATCCA;AATATGGCACTCCAAGAGGG	148	-0.6330077296830643	-0.5260558727688379	-0.14230741319290532	-2.8811202602258703	-1.2500914904596008	-0.6732420804745678	-1.060269651178894	-0.8517437012468192	-0.20426504990460775	0.022472062228139002
chr12-68404581-68406918_4	chr12-68404581-68406918	AAGCCACATGAATATATCCA;GAAGGTATTAATAGATCAGT	148	0.07553598968271119	0.7302367292139376	1.2398776288493243	0.7028869930420205	1.6358791807603532	0.6060784055005123	0.07534962468504659	-0.5884144137176538	-2.3476182200154962	-0.8180089923956909
chr12-68404581-68406918_2	chr12-68404581-68406918	ATGTTATGAGATGCTTACCG;AATATGGCACTCCAAGAGGG	148	-0.08476447815142336	-0.7458333480478178	-1.2564122051541642	0.6916603923477886	-0.5716843204011685	-0.5252525834144572	-1.028694688519877	-0.9718272464609655	-1.9269162513315907	0.10767227502854833
chr12-68404581-68406918_6	chr12-68404581-68406918	ATGTTATGAGATGCTTACCG;GAAGGTATTAATAGATCAGT	148	0.8877574989246805	1.1826251979682776	1.2211140010377162	-0.2763175605664154	1.2356797457847462	-0.4020722648827152	0.6369503112558619	1.3619140868237218	0.9195701244714327	-0.9321030845517758
chr12-68404581-68406918_9	chr12-68404581-68406918	TAGGGATGTACTCCGCAAAC;GAAGGTATTAATAGATCAGT	148	-0.9164648453431572	-1.054003595212406	-0.7505826361911453	-0.9294303314448921	0.2634502137848458	1.3516549498497599	0.8334112064608251	-0.5395162148226343	0.34003588187362027	-0.3650872164067663
chr12-68394911-68395826_7	chr12-68394911-68395826	ATCCTTACTCTATAAAGGAT;AAAGGGTAAGGGGCTTACGT	158	-0.10025252906357544	-0.039194392050992254	0.1473044725020086	0.7388420102615408	-0.1264085174875319	0.27035789241009	0.012587338549459167	-0.11952961975421074	0.9986445090068322	1.5576531548207357
chr12-68394911-68395826_5	chr12-68394911-68395826	AAAACAATGGGTCAGAGCAA;AACCGGCAAATGCACATGGT	158	0.4704676820798783	0.21495290211223378	-0.08330448840844011	0.5072958708551051	0.2731652600172932	1.2675339453579004	0.8301203002167525	-0.27289169305036537	0.576913460267907	-0.7378624981840552
chr12-68394911-68395826_3	chr12-68394911-68395826	GATGCCAGGCCTTTATACCT;AAAGGGTAAGGGGCTTACGT	158	0.45483842017535187	0.41885966774457284	0.3357710711834893	-1.5602208447771786	0.24429800528302595	-0.27663264721815634	-0.14475862307424078	0.22107540939233003	-2.5197217032737145	-0.880716748109073
chr12-68394911-68395826_9	chr12-68394911-68395826	AAAACAATGGGTCAGAGCAA;AAAGGGTAAGGGGCTTACGT	158	0.3397180534686531	0.5718181148114736	0.7420825667797784	0.3372199091561291	0.8592244213562142	0.35747386634698375	0.5749723372735442	0.7597662085410372	0.694969198501888	0.697699040192495
chr12-68394911-68395826_4	chr12-68394911-68395826	ATCCTTACTCTATAAAGGAT;AACCGGCAAATGCACATGGT	158	-1.7330478984931315	-1.0982536187277587	-0.16346380825391127	-0.3584777281822807	-0.3854105412356697	0.27483774467038374	-1.1264744355226466	-3.7019925755053307	-0.007783969978111132	0.2943379571051353
chr12-68394911-68395826_6	chr12-68394911-68395826	ATCCTTACTCTATAAAGGAT;GTGAACCTCTCTCTAAAACA	158	-1.0601530904984549	-1.183018886335878	-0.824152675102474	-0.13464733361061523	-0.49075223022127995	-0.049584363957311244	0.697894212421989	1.2563908034131224	-1.2755250493023056	-0.09719566881732784
chr12-68394911-68395826_1	chr12-68394911-68395826	GATGCCAGGCCTTTATACCT;AACCGGCAAATGCACATGGT	158	0.7943031867429289	0.7898492349993735	0.6086745197454589	-0.7435076951156183	-0.876874397728362	0.4720778530004554	-0.3880758571274382	-1.5042640887803744	-0.5848792888992166	-0.18757020813848133
chr12-68394911-68395826_2	chr12-68394911-68395826	GATGCCAGGCCTTTATACCT;GTGAACCTCTCTCTAAAACA	158	-1.0112579915419455	-1.347111554985025	-1.163053518321067	-0.9400004905321755	0.5792567192155715	-1.926760166782451	-1.0288374224112105	-0.04638339512657861	0.18897031473789105	0.829567497414313
chr12-68392183-68392448_7	chr12-68392183-68392448	AAGTGGTACAAGCTTTATAG;AATGAGTTACTAGTAAGGAA	161	0.26040329766376813	0.22030720300101916	0.20393933674761333	0.014592134625200377	-1.8583703418952529	0.06681613258847204	0.19061204643641008	0.42968390442085286	0.7712589957313085	-4.537989214127581
chr12-68392183-68392448_4	chr12-68392183-68392448	AGTGGTACAAGCTTTATAGA;AATGAGTTACTAGTAAGGAA	161	0.507266252048154	0.0308078931167283	-0.5318062107554113	-1.7624168084011498	0.16392067691988987	-0.36686879779352627	-0.25173687876881967	0.13587037186453915	0.41342245789479487	0.10627692170734597
chr12-68392183-68392448_8	chr12-68392183-68392448	AGTGGTACAAGCTTTATAGA;AATTACAAACCACACTGAAG	161	-0.09141499287681622	-0.023916832081113365	0.16448570277328803	0.41537643798962864	-0.406910636000458	-0.19548348784967642	-0.4428824010151078	-0.3412441089381528	0.30599705951412864	-0.3109303280017047
chr12-68392183-68392448_2	chr12-68392183-68392448	CAGAAGATACACCTCCGATA;AATGAGTTACTAGTAAGGAA	161	0.3811988765494816	0.3587620847898276	0.314196384732174	2.0603423920594035	1.350685723084843	1.393764798715138	0.5827519694585275	-1.8187660991092383	-0.3171213369032362	-0.2840484908897455
chr12-68392183-68392448_5	chr12-68392183-68392448	CAGAAGATACACCTCCGATA;AATTACAAACCACACTGAAG	161	-0.592490111669051	-0.3213046474724264	0.15301772994347643	0.7829790111370035	-0.5370087312569023	0.4040828049766102	2.5766786559806847	3.3652166795503557	2.924856303743237	1.1004510169742467
chr12-68392183-68392448_3	chr12-68392183-68392448	AGTGGTACAAGCTTTATAGA;AGAGAAATGAGTTACTAGTA	161	0.4830807043092297	0.7433322778575278	0.8881984455118924	-0.7379295198736207	-1.7482504554721416	-0.4807691494232857	-0.8603993742621241	-0.729224522321954	0.5495615622816032	-0.6254958096962712
chr12-68392183-68392448_1	chr12-68392183-68392448	CAGAAGATACACCTCCGATA;AGAGAAATGAGTTACTAGTA	161	0.033404728424813866	-0.6084827990925911	-1.1513278606611257	-2.291776088561071	-0.9087852813654282	0.7964381660236364	-0.04150915960503293	-1.4989262057044679	-0.9189206264366538	0.5135004471744934
chr12-68392183-68392448_9	chr12-68392183-68392448	AAGTGGTACAAGCTTTATAG;AATTACAAACCACACTGAAG	161	1.1707966492459916	1.1465533342174037	0.7983719340644114	1.0846380557926945	-0.6400889626986327	0.34340941182805224	0.9838251259815783	1.3918452632754632	0.9205929430852571	-0.17160494501423446
chr12-68384178-68385532_10	chr12-68384178-68385532	AGTGCCATGTCACATATCAT;ATACCATTCATATAACATCT	169	0.00309272523647649	-0.09093642601622158	-0.061462456386079126	0.9855993586145784	0.4480438795744749	0.10648937353942374	-0.40530038480334213	-0.6973696548919796	-0.37325891843219994	-0.41303581857446064
chr12-68384178-68385532_2	chr12-68384178-68385532	GAGCTCAGAGAGGATTTATA;AAGGTCACAGAGCTAAGAGA	169	0.5989126270063843	0.24763298978658752	-0.20907173115677077	-1.4071473164356263	0.05138801874963048	0.8316803887828632	0.2799489842066901	-0.6093759565611602	-8.950765047912585	-0.530092382335659
chr12-68384178-68385532_7	chr12-68384178-68385532	GAGCTCAGAGAGGATTTATA;GTCCCTAGATGTTATATGAA	169	0.5909998936137913	0.7611943082458557	0.802103845022146	-0.0835597346360225	0.8026647522488146	-0.10444949149773709	-0.5749444865008677	-0.7033745524332223	-1.5642667773700092	-0.09171817900795926
chr12-68384178-68385532_9	chr12-68384178-68385532	TAACCTACAATGGTCAGAAC;GTCCCTAGATGTTATATGAA	169	-1.134220497188497	-1.2296934624612093	-0.8293962631983001	0.32420532279879316	0.44031572545665	-0.6284474030827714	-1.5098766781786732	-1.7539838521208568	0.2538892381882119	-0.29565314647260804
chr12-68384178-68385532_1	chr12-68384178-68385532	AAGACCTATGATATGTGACA;AAGGTCACAGAGCTAAGAGA	169	-1.4956853082034092	-1.2386080982380396	-0.5307140960943073	-1.3108889242079775	0.6912388826094603	-0.29402024793479703	-0.875120760527268	-1.0049826380011073	-1.486146137001352	-0.6500656914704536
chr12-68384178-68385532_3	chr12-68384178-68385532	TAACCTACAATGGTCAGAAC;AAGGTCACAGAGCTAAGAGA	169	-1.3301066295132353	-1.9002355626340348	-1.8000273973045469	-0.956909684170152	-0.5842835694997144	-0.05996208546549942	-0.9049841796594443	-1.5011642918874537	-1.0126134894510663	-4.554357400528059
chr12-68384178-68385532_5	chr12-68384178-68385532	AAGACCTATGATATGTGACA;GTCCCTAGATGTTATATGAA	169	2.19138403121269	2.0855734960860355	1.1761755742736129	-0.1259612668142363	-0.8440667289115404	0.978476859503025	1.1422515997199316	1.017100478611401	0.4060937970249972	0.4692097249022328
chr12-68382821-68383631_3	chr12-68382821-68383631	GTTTAGAGTACCTCATACAG;AAGACCTATGATATGTGACA	170	0.5398046573493733	0.798347643479601	0.9236836044116389	0.7388203945248047	-0.2412052616797982	0.5788995516643982	0.17237599147959984	-0.3038611906386714	-1.3453260937344262	-0.42964120927491795
chr12-68382821-68383631_4	chr12-68382821-68383631	AAGGCACTGAGATACTCCCT;AGTGCCATGTCACATATCAT	170	0.38680928609304555	0.9883226625213226	1.384541710836897	-2.2098337562802017	0.14274908854840182	-0.660118264751607	-0.5138344344703435	-0.018669413513279564	-0.40951924482114815	-0.3870858696865771
chr12-68382821-68383631_9	chr12-68382821-68383631	GTTTAGAGTACCTCATACAG;AAAACTGAGTACGGCGCCCA	170	0.711559081962046	1.2212612515277497	1.4677529315048414	0.45399732222996414	0.006016091412381212	0.47476377007591486	-0.2556394398946698	-1.1259921947560192	-2.2783312708990766	-2.481835785464223
chr12-68382821-68383631_1	chr12-68382821-68383631	AAGGCACTGAGATACTCCCT;AAGACCTATGATATGTGACA	170	0.054355952152434085	0.5338806505546732	0.9508701940819367	-1.4258227408073016	1.0026667417304271	-0.8041753468164841	-0.17608267635422414	0.5285627596737315	0.2764238816542712	0.06906234320948548
chr12-68382821-68383631_5	chr12-68382821-68383631	AAGGCACTGAGATACTCCCT;AAAACTGAGTACGGCGCCCA	170	0.8722296614155524	1.342813773718754	1.5144082443769589	0.047731846655705124	-0.13826214885219373	0.6635116445892025	1.2332041173074124	1.5056002579050412	0.4643719154613056	0.10758402912710106
chr12-68382821-68383631_7	chr12-68382821-68383631	ACAGCCAAGAGTGTATTTAC;AAAACTGAGTACGGCGCCCA	170	1.3213717288497673	1.4516160836090535	1.194804675285042	0.2066495512304889	-1.3520735632327374	2.0699522988058696	2.6218654667792514	2.275503096117941	-1.7122252353389733	-0.9956344206658349
chr12-68382821-68383631_10	chr12-68382821-68383631	GGTGACATTAGTGGCTAATT;ATAATTACTGCTAACACTAC	170	1.0182113262654242	1.65064314286875	1.88579715480689	-1.6822630655906314	-1.6502140800189422	-0.2727226604577763	-0.16171038751646188	0.19200614933808946	-0.10606031510876206	-0.22880903876404018
chr12-68382821-68383631_6	chr12-68382821-68383631	ACAGCCAAGAGTGTATTTAC;AGTGCCATGTCACATATCAT	170	1.9958656403135913	1.800810536198882	0.8691248461591962	-0.2591865475590785	0.5909320656243707	1.1340182301904405	0.9245331209080173	0.3085133284645693	1.9053530728901236	-0.19668657727618746
chr12-68336891-68337533_1	chr12-68336891-68337533	AGTCTGTCAAACGTGACCGC;GGATGGAGTCATTACTGAGT	216	-0.08293016090751314	0.02884044437222561	0.24682010156630088	-0.7612438452647267	-0.07339272320784129	0.7423232885330715	-0.1369678900016234	-1.6304743859434372	-1.2778924539336132	-0.18221685788532505
chr12-68336891-68337533_10	chr12-68336891-68337533	CAGGTAGTTCAGGTTAAAAC;AGAGAAGGAATGAGAACCAG	216	0.39203663359987834	0.07011123929443164	-0.2649757380827194	0.975152706782825	0.18903292211880324	1.1336404855916524	1.1196472190756117	0.7397171822613123	0.7801890783974411	0.6443474160002433
chr12-68336891-68337533_3	chr12-68336891-68337533	AAAGATATTCCACTAAGAAT;GGATGGAGTCATTACTGAGT	216	-0.38189579907027005	-0.4529357558980833	-0.2735505546630299	-0.5486010947824144	-0.6234059292082019	0.27462586987796966	-0.15843043782497368	-0.46787825884547135	-1.1570635649074879	-0.3022363594084866
chr12-68336891-68337533_9	chr12-68336891-68337533	GCTACTTATAGCTCTTCTAG;AGAGACAAGATCAGCAATGA	216	0.3941635359172812	0.43468241105846744	0.43859700324275164	-0.28481088148084494	0.571126130542882	0.8378016906477861	2.538754647175407	3.1645617747843975	-0.008814081307228763	0.10209844819243259
chr12-68336891-68337533_6	chr12-68336891-68337533	AAAGATATTCCACTAAGAAT;AGAGACAAGATCAGCAATGA	216	-0.3196898574373244	-0.7274082764631202	-0.8601939699000086	0.4632268062363624	0.9137292160295309	0.19176748539620317	-0.15560661275262566	-0.3290965899395236	-2.131406800517412	-0.13007602252444905
chr12-68336891-68337533_5	chr12-68336891-68337533	AAAGATATTCCACTAAGAAT;ATAGACAGGGATGAAAGAAC	216	-0.9588046445726507	-0.7372179455755413	-0.1904176428976755	-0.7906874858997542	0.17579050205952956	-0.559882635122867	-0.6485971592701962	-0.3016167155211996	0.05207662380019091	-0.5524236080945892
chr12-68336891-68337533_7	chr12-68336891-68337533	GCTACTTATAGCTCTTCTAG;GGATGGAGTCATTACTGAGT	216	1.3612884570596293	0.8192445891177988	-0.2821716369110632	-0.9608409820857866	1.109071706853649	1.6068050991406622	2.7511435617195836	2.996607386168288	1.1007111852165883	-0.1989036452338704
chr12-68336891-68337533_8	chr12-68336891-68337533	GCTACTTATAGCTCTTCTAG;ATAGACAGGGATGAAAGAAC	216	0.48283874975663227	0.8659691058872809	1.0972460564215778	1.4490446783469726	0.17433017446199478	0.7829586569524145	0.6308899909437263	0.3149659208705569	1.384905848916932	1.7583069497907247
chr12-68530872-68532615_9	chr12-68530872-68532615	ATTAATTGGAGTAGTCACAG;ATGAGTAACTGATCTTGGGT	22	-0.14885223213447263	-0.07868461267769139	0.13018724122311248	0.9281255761063486	-1.0974340594517977	-0.46337484566167003	0.02740366181395735	0.6037135614485227	-0.19288379634047106	-0.6276063762058639
chr12-68530872-68532615_2	chr12-68530872-68532615	CAGATCACTGAGGTAATAAA;AGATAAATACACTACCTACA	22	-0.8261326475902508	-0.2692247693691628	0.4198638337869513	-0.7848364506853639	-0.989056181826059	-0.025899190140886885	-0.8569325004843182	-1.4596078253601779	-4.138289239702741	-4.755669758584004
chr12-68530872-68532615_6	chr12-68530872-68532615	ATTAATTGGAGTAGTCACAG;AATTTATACAGTGGCCCTGT	22	0.31933885553084257	0.2845055165931507	0.2515370276155088	-0.2856984936726786	-0.07687609403855143	-0.18475680864676994	-0.1962749045279903	0.05723813328511928	-0.06851882520871957	-2.051143774066368
chr12-68530872-68532615_8	chr12-68530872-68532615	CAGATCACTGAGGTAATAAA;ATGAGTAACTGATCTTGGGT	22	0.22016318309181404	-0.810478557879818	-2.045632421412708	-1.849247305164908	-0.30767961480304884	0.5410377074454789	-0.3076959196229242	-1.4762991173782147	-0.4105300347315719	0.22736426265573917
chr12-68530872-68532615_3	chr12-68530872-68532615	ATTAATTGGAGTAGTCACAG;AGATAAATACACTACCTACA	22	-0.2186161813897323	-0.9151904464878753	-1.4063453589523167	-0.39749930359123625	0.5010375094591688	0.10079244734483236	-0.2553448135577438	-0.38763617915616955	-0.666098939568154	-1.866260397025026
chr12-68530872-68532615_4	chr12-68530872-68532615	GTGACAGGTAGGGAGAGAGG;AATTTATACAGTGGCCCTGT	22	1.4690097625002105	0.871819603888572	-0.3868421812916639	-3.4126643699526933	-1.444471953223447	1.0689095351510158	1.1051177642508447	0.8153558162584476	0.07506372288273921	0.7010846662218686
chr12-68530872-68532615_1	chr12-68530872-68532615	GTGACAGGTAGGGAGAGAGG;AGATAAATACACTACCTACA	22	-1.5210707780940131	-1.5644505651644216	-1.0172972364603252	0.021465392216603756	-0.38157984164654474	1.7242825315814014	1.9756619846931505	1.522450459094415	0.2688932089445426	0.5376866391428681
chr12-68530872-68532615_10	chr12-68530872-68532615	GCTGAGGCCTCAGATCACTG;GAGATAAATACACTACCTAC	22	1.1179031889632218	1.4577527669083994	1.454068742652491	-0.3093042371669766	0.5384016667226101	0.5782087922316064	-0.14671193138535515	-1.105773657450924	-0.19311319359146975	0.40888979819691773
chr12-68294100-68294744_8	chr12-68294100-68294744	ACTGACCTGTGCCCACAGTC;CAGGAGCCGATGCGATCAAC	259	-1.084808343236289	-1.9009761786883226	-2.1404197934329554	-1.2102179729876414	0.13580332229145217	0.19899924243344236	0.7013092839024514	1.0920904595123382	-7.4199143415645	-2.1040139283213946
chr12-68294100-68294744_10	chr12-68294100-68294744	GCGTGAGCAACGCAGAAGAC;TTGGAATACCCTGCCGTGTG	259	-2.081703116985307	-2.257156521985736	-1.631279828624905	-0.48212315518033855	2.6179105874630895	-8.991053805352205	-13.623816552413881	-12.849705864517308	-7.5538117738413115	-3.769987181870611
chr12-68294100-68294744_4	chr12-68294100-68294744	GTACCAGGTTCATCTCACTA;CAGGAGCCGATGCGATCAAC	259	-2.3301282116890953	-2.3714478092966194	-1.6036694149514383	0.5198254621880178	2.7292224404520646	2.746278471191393	2.9047487991078995	1.4272316149536615	-7.098692440164582	0.8289871925183943
chr12-68294100-68294744_2	chr12-68294100-68294744	ACTAGGGAGTGCCAGACTGT;CAGGAGCCGATGCGATCAAC	259	-2.2015002900028398	-3.0264560524178057	-2.8315622868854935	-0.3589695964841815	0.13563274462400668	-0.5037865445282672	-2.623691544567714	-13.545250143593421	1.421210528123949	-3.9813653155960753
chr12-68294100-68294744_1	chr12-68294100-68294744	ACTAGGGAGTGCCAGACTGT;GGGCACACTGACACCTCACA	259	-2.6020047420617662	-3.1513857785506163	-2.610820911805641	-0.5791831620917096	1.4638237592761565	-2.421239991190329	-2.6001886465595843	-1.7547731174564547	1.2011289116671777	-0.06218564260634038
chr12-68294100-68294744_3	chr12-68294100-68294744	GTACCAGGTTCATCTCACTA;GGGCACACTGACACCTCACA	259	2.181072869521225	2.704120720439956	2.4806924927818583	0.7919037401589547	1.4934362938648291	1.6873580474561425	2.9830076529565606	3.271421358080878	2.226117659440016	-3.38565591689496
chr12-68294100-68294744_6	chr12-68294100-68294744	GTACCAGGTTCATCTCACTA;GAGCACCTCTCCTCCTCCAA	259	3.513120576341457	2.907860199802175	-0.11758699387531495	-10.712515946296946	-1.995383874457017	3.756399167290736	4.2432429098134765	2.258042344631114	3.5712250939309165	1.152687740833528
chr12-68294100-68294744_5	chr12-68294100-68294744	ACTAGGGAGTGCCAGACTGT;GAGCACCTCTCCTCCTCCAA	259	-2.673681732161381	-3.6581026577875626	-3.430694273922067	-3.0653561810490664	2.8832121550153342	0.6299015974811741	0.10609513326884913	-0.5664208419193587	-0.6603140082181126	-3.918433566049999
chr12-68221200-68222302_10	chr12-68221200-68222302	TGATCTAATGGGAAGAGTGC;GTTGCCAAGAAGCCAACAAG	332	-0.30509893278039313	0.2059618408319576	0.7384278453560792	-0.8868157035744085	1.0572058985900685	1.2450432992244258	0.8053037073078863	-0.27912741730090973	-0.5670484094280244	-0.02665113146298328
chr12-68221200-68222302_3	chr12-68221200-68222302	ACAGTGTTAAGGCCAATATT;GATAAGTGTATGCAGGCATT	332	0.3227876709815375	0.15162046386958958	-0.004961853260658241	-0.6712677807772552	-0.4725158534480565	1.4419669524509304	1.68157903198289	1.3818227252076571	0.7226742061093965	-0.26951248405338346
chr12-68221200-68222302_2	chr12-68221200-68222302	AGGATGTAGAATGATCTAAT;GATAAGTGTATGCAGGCATT	332	-0.13223603095163047	-0.09986467891332136	0.07566023457350474	0.5258852819251653	0.15112390730354047	0.029477426510401573	-0.4106740223473514	-0.5838044557889571	-1.3633489736265705	0.4329075821062586
chr12-68221200-68222302_1	chr12-68221200-68222302	GAGGGACCTCAGAAATGGGT;GATAAGTGTATGCAGGCATT	332	-0.5968923669201591	-0.1174709317507146	0.4745422285866869	-0.6899819942856898	-0.9006115011539854	-1.646764362339231	-0.8869376278026155	0.022369850667489297	-0.5010062103988233	-0.3584174897135523
chr12-68221200-68222302_7	chr12-68221200-68222302	ACAGTGTTAAGGCCAATATT;GGCTTCTGATAAGTGTATGC	332	-2.026933052889982	-0.11968729764614108	1.2270548172285045	0.7984181201394308	-1.7115488870386337	1.5045979485599654	1.762482591676326	1.445539815549697	0.6689943662341328	1.2060577543351643
chr12-68221200-68222302_5	chr12-68221200-68222302	GAGGGACCTCAGAAATGGGT;AATACAAGTGAAGTAACTCC	332	-0.3995561634879996	-0.3562462642127633	-0.08707930249443828	-1.0693503996617422	-0.9720531634017586	-0.2604198284032874	-0.11117652661332474	0.25805762719861564	1.0853094896020943	0.549769002485184
chr12-68221200-68222302_4	chr12-68221200-68222302	GAGGGACCTCAGAAATGGGT;GGCTTCTGATAAGTGTATGC	332	-0.019019111253502634	-0.4035964757467699	-0.6336406344342788	1.3375879321355721	-0.21196954545070562	1.2341437481018147	1.1547231904571678	0.6349111228270693	-0.34008069876556085	0.1406704499352724
chr12-68221200-68222302_8	chr12-68221200-68222302	AGGATGTAGAATGATCTAAT;AATACAAGTGAAGTAACTCC	332	0.7469094014217669	1.1774112964574657	1.3600528434832213	0.9258325481526292	1.1342239393327687	1.263990969291721	0.7832683427261581	-0.40405358580014483	-0.11031425215837141	-3.042551769323545
chr12-68197187-68198475_8	chr12-68197187-68198475	GAGCCCAGGTGGTGCATCGT;GGAACTGTGAAAGTGAAGTG	356	0.5137656082298244	0.24212998171320335	-0.09084631973440375	-0.7263144275553604	-0.29734558239789555	1.0562097482445	0.6919782506632547	-0.08678664546991587	-0.36049515448641045	-0.9128166690311877
chr12-68197187-68198475_2	chr12-68197187-68198475	ATAGGGCAGAACTGTTTCAT;ATCCTACAAGTATTAATGCA	356	0.44345645367863273	0.0587067285422992	-0.3671989436371049	-0.6580105510337527	-0.4071643366936968	0.2164191826684315	0.2920248842722149	0.44271701768739297	1.3216385605506835	1.197228207865477
chr12-68197187-68198475_7	chr12-68197187-68198475	ACTCCTACGATGCACCACCT;ATCCTACAAGTATTAATGCA	356	1.1157603440962827	0.5706987173252219	-0.3956080499528184	-2.936124083911362	-1.0018647830823961	-2.146444576895879	-0.9632682850470716	0.09184784817195617	-0.0404988304102507	-1.0322308172498813
chr12-68197187-68198475_6	chr12-68197187-68198475	GAGCCCAGGTGGTGCATCGT;ATCCTACAAGTATTAATGCA	356	0.9217125389823068	0.745244875502927	0.34164886347234386	-2.1680838396818154	-0.4824748382068716	0.5912588245028008	0.5046740969953364	0.35884000354452145	0.0434018475093026	-0.39781997087460064
chr12-68197187-68198475_3	chr12-68197187-68198475	GAGCCCAGGTGGTGCATCGT;ATAGTGCAGAGATCACTGCA	356	0.4907326136077605	0.9359156062572007	1.2060109303180198	-1.7826825588804411	-1.3593012112580922	-1.0716590603898895	-0.22821058570681824	0.5880511030761048	1.17630428692099	0.6747923674960441
chr12-68197187-68198475_5	chr12-68197187-68198475	ACTCCTACGATGCACCACCT;ATAGTGCAGAGATCACTGCA	356	0.15102923268158489	-0.7089327042011251	-1.6149404702738377	2.0003846896854953	0.7210189183337938	0.2902955246363425	0.8851027135930175	1.2892594287449928	-7.814342256724401	-0.2939440574067991
chr12-68197187-68198475_9	chr12-68197187-68198475	ACTCCTACGATGCACCACCT;GGAACTGTGAAAGTGAAGTG	356	-1.281491192567093	-0.7107947840874903	0.09426665729230879	0.616237514356733	0.8980705171286598	0.4527469040019457	1.3821967425892123	1.8734577225089073	-0.3911759374327624	-0.004791519516061383
chr12-68197187-68198475_10	chr12-68197187-68198475	GCTTCCCAGAGCACAGAATA;GAAAACACAAGATTCACGAG	356	0.8768849551407808	1.4894680812309165	1.7533507495601128	-0.991310123912514	0.13330326354177685	-0.09329905717275695	0.2616140767342042	0.6760876352085691	-0.514868373413672	0.2216765396351378
chr12-68514820-68515699_7	chr12-68514820-68515699	ACTGGAAAGCAACTGACCAG;GTGTAGAAAGATTATCTGTT	38	0.15792524780162429	0.37528086351766055	0.5924784763606628	0.6703989382499244	-0.5842835694997144	1.2277751715411638	1.2029697805947088	0.7521071418537043	-0.06115038003016716	-0.4059518632918437
chr12-68514820-68515699_1	chr12-68514820-68515699	AAGACTTAAATGCATAAACC;ATAGTGTGAGGTGAGCTATT	38	0.3478241008073346	0.23306856325904948	0.11913842402621785	-0.6159371470792866	-0.7239189724176999	0.24741531340150943	-0.4917833179550178	-1.1777801630328228	-0.7843027582188012	-0.17199814605007366
chr12-68514820-68515699_4	chr12-68514820-68515699	AAGACTTAAATGCATAAACC;GAGTATAACAGAGAGTGACT	38	0.5601797859806615	0.8989710636865967	1.075738319704693	-1.5770244925166779	-1.3672781115814707	-0.14377201949593219	-0.1856497686281981	0.03350901512940473	-1.1815107329007315	-0.46551069453492655
chr12-68514820-68515699_5	chr12-68514820-68515699	AAGACTTAAATGCATAAACC;GTGTAGAAAGATTATCTGTT	38	0.4103601740136229	1.1389011706865355	1.6001762712060381	-1.0695854914030891	-1.424830179735158	-0.31036759178584666	-1.07939777753292	-1.3980412154322939	0.5263756812373308	-2.970355338677044
chr12-68514820-68515699_9	chr12-68514820-68515699	AAATTTGGCTTACACTAATA;GTGTAGAAAGATTATCTGTT	38	0.8723698467764971	1.1699480974699403	1.2156463055894162	0.6024611735187022	-0.5621694965894809	0.07656668401820897	0.23178906943751246	0.48559263459776525	-0.6775510667617654	-0.5085783679467134
chr12-68514820-68515699_3	chr12-68514820-68515699	AAATTTGGCTTACACTAATA;ATAGTGTGAGGTGAGCTATT	38	0.5097146806120233	1.4143474046016062	1.9416594903778128	0.0735442907483611	0.18945489220139677	0.34966456947434266	0.5327659132016708	0.6992096182413001	0.3327418149157364	-0.4223025839690741
chr12-68514820-68515699_8	chr12-68514820-68515699	AAATTTGGCTTACACTAATA;GAGTATAACAGAGAGTGACT	38	-0.047517208599892474	-0.6191707443638332	-1.0400855630687156	-0.6457533753457186	-1.6850546056587137	-0.49767976190586544	-1.704230691562385	-2.504672863078831	0.2808903909951526	-0.3373622134005258
chr12-68514820-68515699_10	chr12-68514820-68515699	CATGCACAAATTATAGTAAC;ACTATAGTTTATCTAAGAGC	38	-0.4799790582902326	-0.81343176058878	-0.8162113177571505	-1.5325722868317764	-0.9115096162855656	-0.666397853395119	-1.088729923787986	-0.9073978377617195	-1.484307879052739	-1.6318732400851157
chr12-68512966-68514217_6	chr12-68512966-68514217	GGGTAAGTTAATTACTCCAA;GTATAAGGTACCTATTTCCT	40	1.14338372656812	0.4295503459705473	-0.8288481517859894	-0.3347142788618642	-1.1658062357471566	0.17666806981354263	0.19622736663224694	0.3259633143371061	-0.82541994824507	-0.07144676368903566
chr12-68512966-68514217_8	chr12-68512966-68514217	GGGTAAGTTAATTACTCCAA;AAATAGCCCATCTACCTCAC	40	0.7395226839332557	0.2988464410826782	-0.3296479729430261	0.9794500074711163	-0.8567085590577377	-0.43171206592981826	-0.48827580640850904	-0.16941334589577214	0.2136508778149858	0.3148325284722672
chr12-68512966-68514217_10	chr12-68512966-68514217	TTAAGTCATAGCCTAAGTCA;AAGACTTAAATGCATAAACC	40	0.4143748177021357	0.7567400529732226	0.9812273229144575	-0.08493724445870032	0.2678290660541519	-0.7248574774612254	-1.1859097987506293	-1.0067268563440197	-1.963169642631464	-0.4032158420677367
chr12-68512966-68514217_7	chr12-68512966-68514217	CTAGCTTCTGGAAACACCCA;GTATAAGGTACCTATTTCCT	40	1.1358764073862553	0.8996357689202108	0.3346890144253128	-1.3023384810645176	-0.408043998177187	1.1043883117267541	0.7188297144046609	-0.13531941152779828	-9.051816394949554	-0.3895836768913659
chr12-68512966-68514217_9	chr12-68512966-68514217	CTAGCTTCTGGAAACACCCA;AAATAGCCCATCTACCTCAC	40	1.0994541278389856	0.9444043275862399	0.4879862184144483	-0.42914283264094216	-0.9056882193173222	-0.11191567258021605	-0.25994977331331	-0.12370573436255798	-1.8609482611118606	-0.332955160419464
chr12-68512966-68514217_1	chr12-68512966-68514217	GGAGTAATTAACTTACCCTC;ACTCAGGCAAGAAAATACCC	40	-1.06338826686607	-0.04844500129871357	0.8862534706231349	0.7477285238968532	-1.9454127577124896	0.21353410984207236	-0.3046675767373418	-0.671412309524978	-0.6462237557685199	0.13724420446031
chr12-68512966-68514217_4	chr12-68512966-68514217	GGAGTAATTAACTTACCCTC;GTATAAGGTACCTATTTCCT	40	0.3300633096366681	-0.3191502070330277	-1.0172972364603252	0.20866262718596856	1.2412944347689652	0.6813283965766491	0.5884300734815978	0.3889379594187277	1.3673002328290962	0.7965846627681682
chr12-68512966-68514217_2	chr12-68512966-68514217	GGGTAAGTTAATTACTCCAA;ACTCAGGCAAGAAAATACCC	40	1.0548044718240923	1.3489317048183527	1.330492150054154	2.133254188098305	-0.007580384949520191	1.2885924820535395	1.1800337011313022	0.5855028605148872	0.12257983631664748	-0.21730013599690914
chr12-68153579-68153816_8	chr12-68153579-68153816	CATGGGGCAGTGGATTATGG;CCTGGACTCAGCCTCATAGT	400	-0.21608880719811482	-0.06136202566464041	0.2283438752515738	0.5635276102626738	-1.2439033251902027	-5.421011573842249	-4.194702318121629	-2.74239148318692	-0.754401284293183	-3.008724103837258
chr12-68153579-68153816_10	chr12-68153579-68153816	AAGTAAGAAACCAGTCAGGC;GGTCACGAGGCAAAGAACCC	400	-0.049734249549858264	0.5382179101492437	1.0448763030325294	-1.3888103512659546	-0.9991503365025294	-2.1217284613063403	-1.3464242625993095	-0.35041788559621523	0.0037310868938794334	-4.501003064806953
chr12-68153579-68153816_4	chr12-68153579-68153816	CATGGGGCAGTGGATTATGG;ATAATGGATATCTGGAGCTC	400	-0.25666167576058746	-0.2010742918354748	0.03167185771046733	-1.323858261984756	-0.8022462392866193	-0.12717283044749622	-0.5177457595293773	-0.5622229285565662	0.6296776704233783	-0.16572190977659623
chr12-68153579-68153816_2	chr12-68153579-68153816	AGGTAGTTAAGGCAAGACAC;TATAGGCATAACAGAAGTCT	400	0.156254685141234	-0.20891173061135748	-0.49098632675903403	-0.8374887379426047	0.22076221644462002	-0.4981951977820562	-1.3835697272956884	-1.7160910473564093	-0.1451745724783961	-0.8701252686002131
chr12-68153579-68153816_5	chr12-68153579-68153816	CACCACCTAACATTACATGA;ATAATGGATATCTGGAGCTC	400	-0.6396321067859123	-0.24436380553992515	0.31368916938076347	0.5061480656352018	0.28185004819737564	0.8087916532010452	0.7375416961012103	0.4885617043176156	0.7030314411955938	-0.07803329585683089
chr12-68153579-68153816_1	chr12-68153579-68153816	AGGTAGTTAAGGCAAGACAC;ATAATGGATATCTGGAGCTC	400	-0.7061026015434866	-0.5056182144136678	-0.041754242258676556	-0.772522869591295	0.0659376636009973	-0.5483179926210963	-0.8877987306137078	-0.6991647396483205	-1.3136768265240175	-1.193317863476998
chr12-68153579-68153816_3	chr12-68153579-68153816	AGGTAGTTAAGGCAAGACAC;CCTGGACTCAGCCTCATAGT	400	0.6028580576918788	1.162585004275852	1.4727325039770613	-0.13007064173625074	0.5435863107462382	-0.6103730564813907	0.8956534562680157	1.752049740783512	1.4671591416001135	0.5368691411605505
chr12-68153579-68153816_9	chr12-68153579-68153816	CACCACCTAACATTACATGA;CCTGGACTCAGCCTCATAGT	400	2.0492526898981653	1.500493768970784	-0.050547683493117924	0.26049769169689996	0.7253848419302755	1.279997107714883	2.2858042176119873	2.569897835073714	0.9417203046882502	1.1882784126242851
chr12-68507392-68507857_6	chr12-68507392-68507857	CAGGTCTCTGATATCTGTGT;AAAGATAATAGAAACCGTTG	46	-0.18616999598833475	0.29527808680154966	0.7794855193532726	0.24156597412494493	0.9020472972893676	0.039272130732470746	-0.5046883052759055	-0.7905680498615477	-1.6895113732652405	-4.512615213128269
chr12-68507392-68507857_3	chr12-68507392-68507857	GCACTGGACTGGTAATCAGC;ATAACCCCCACAGTCCACAA	46	0.4116722316793558	0.3385032561822745	0.2382941073630354	-1.6278483719824015	-1.3514522216489009	-0.07742661945054675	-0.9757946073120802	-1.6377234137940002	-1.3091968383672778	0.857343914748077
chr12-68507392-68507857_10	chr12-68507392-68507857	ATAAGGCATATAATAACCTT;TCTTATTGAGCAGTTACTGT	46	0.867738549583058	0.1376627424061358	-0.9782932260488608	-0.18526737262476933	-1.2898828352554894	-0.5568708219296515	-1.0515148344721486	-0.9727524204877973	0.43096352250477266	-0.20957263099348875
chr12-68507392-68507857_4	chr12-68507392-68507857	CAGGTCTCTGATATCTGTGT;TGAGACCTGAATTCGAATCC	46	-0.01688858993146089	0.07877124968169746	0.26386368257888354	-0.9722757301677932	-1.0306212715063738	0.26091061143863437	0.9912068274414986	1.460054283047418	-1.0953066559502622	-4.442736185267136
chr12-68507392-68507857_7	chr12-68507392-68507857	AGGTCAGTGATGTAGAACCT;AAAGATAATAGAAACCGTTG	46	0.5847852897119507	0.02443565439608101	-0.6831360359250152	-0.4971506265527544	-0.665080800129581	0.04723217636749622	-0.7410526110632302	-1.3391774551654894	-0.250967164727276	-0.05085484320498088
chr12-68507392-68507857_8	chr12-68507392-68507857	GCACTGGACTGGTAATCAGC;TGAGACCTGAATTCGAATCC	46	-0.36863867749800544	0.017554783700829874	0.4971700527342451	-1.1996700587311124	-0.964972192897628	0.016219056828008886	0.06254288495103938	0.2741101676765247	-0.2659403861031197	0.19810849357241336
chr12-68507392-68507857_5	chr12-68507392-68507857	AGGTCAGTGATGTAGAACCT;TGAGACCTGAATTCGAATCC	46	0.1282378393446759	0.6077559795941512	1.0040638238981174	0.00794485611703711	-0.4180148623376311	-1.0338658617860306	-0.18136428570237584	0.6293727246051574	0.10911985794841537	-0.24466945356923428
chr12-68507392-68507857_9	chr12-68507392-68507857	GCACTGGACTGGTAATCAGC;AAAGATAATAGAAACCGTTG	46	-0.43027571022504313	-0.07171945578902446	0.408862189262953	-1.2287128639769125	-0.464212622322047	-0.7510674480574608	-0.2942701417027588	0.34466219132934456	-0.08451326765388736	0.11507354780268828
chr12-68092366-68093405_1	chr12-68092366-68093405	GAAATGTGAAGAGGCTAACC;AGGTAGACCAGCTTGCAGAC	461	0.17108113463546906	-0.03890492660181501	-0.17372073005974026	-0.16940525558485817	0.776223905258198	-0.4383135023180939	-1.4929841787121394	-2.0968312092018144	-1.3673509240957464	-0.31931573506205735
chr12-68092366-68093405_10	chr12-68092366-68093405	GTGCATGTTGAAAGAAGTGT;CAAGTGCATACTATGTGCAG	461	0.2803621470065278	-0.3388911448739862	-0.9725517823244454	0.09520583790229191	-0.6990183307882167	0.30174093161244503	-0.02837664648732729	-0.2465696601750421	-0.06985779044552058	-0.9760997443339148
chr12-68092366-68093405_3	chr12-68092366-68093405	GGGGTGGGAAGGAATACATT;AGGTAGACCAGCTTGCAGAC	461	0.4796273343464394	0.39277653700859355	0.25477255948833466	0.21049369573963814	-1.822498269975665	0.1417542549047106	-1.3011861918925767	-3.7499855206430053	0.6501044653541338	-3.911038881536051
chr12-68092366-68093405_7	chr12-68092366-68093405	GTGCTAAGAGACAGATTGCT;AGGTAGACCAGCTTGCAGAC	461	-0.4040294148672593	-0.502207970586698	-0.3363246851384321	0.09654783245246466	1.262395185249079	1.7092627158501528	1.3601835257518946	-0.04988825593013687	-0.6747062884701301	0.4513854031295742
chr12-68092366-68093405_2	chr12-68092366-68093405	GAAATGTGAAGAGGCTAACC;ATAATTGTGTACTTACGATC	461	0.5711566179286901	0.4808116370747977	0.3047928684079448	0.11837391781580366	-0.4250998535533978	0.7902999185195009	0.9085407336465288	0.8374457171045813	0.1764571017424507	-0.23751503171675128
chr12-68092366-68093405_9	chr12-68092366-68093405	GTGCTAAGAGACAGATTGCT;CCTAAGTATGAGTTTAACTA	461	0.5876495547669734	0.5761080280523788	0.4658269813129737	-1.9039503365323784	-2.3884040709256817	0.3755564216754976	-0.28268611651454123	-0.9507266358520022	0.2694458282183779	0.780998306134922
chr12-68092366-68093405_4	chr12-68092366-68093405	GGGGTGGGAAGGAATACATT;ATAATTGTGTACTTACGATC	461	-0.04365212555110264	-0.7696365754716733	-1.3825128217292624	-0.2522874952570287	-1.7649050493785174	-0.5853303108210361	-1.8901049811571322	-2.7864861416706233	-0.3235094486971824	-4.506835756235205
chr12-68092366-68093405_5	chr12-68092366-68093405	GAAATGTGAAGAGGCTAACC;CCTAAGTATGAGTTTAACTA	461	0.7034389671424106	0.8559004442173859	0.8440217517646451	-0.25301805649875614	0.04054206939211149	0.467883262081444	0.341290380006402	0.22374141371379308	0.7249486909335041	0.3528662610535441
chr12-68091127-68091731_4	chr12-68091127-68091731	GTGAGGGAGACTCTGGACAT;GAAATGGTGACAATAATATA	462	-1.0371551148548046	-0.6551898512723543	-4.021751788437412e-4	0.0024888625353080606	-0.47135618251687694	-0.20775714377493454	-0.5250698632214009	-0.4705867710778317	0.11942003438590244	0.00162941731051259
chr12-68091127-68091731_6	chr12-68091127-68091731	GTGAGGGAGACTCTGGACAT;GGGGTGGGAAGGAATACATT	462	-1.1511017947890139	-1.0678291949366152	-0.5488450827169707	-0.14394972307300902	-0.09969437705125479	1.589885268911534	0.9568701652017256	-1.1153509952125744	-0.30815475823546107	-2.5872638762593443
chr12-68091127-68091731_8	chr12-68091127-68091731	CTCAAGGCTCATCCAGGCAT;GAAATGGTGACAATAATATA	462	-1.2166271266293052	-1.7209214724928976	-1.6046491004753058	-1.057440925938659	-0.12374024901977441	-2.2380959975353565	-1.8082752774945423	-0.8530802232573791	-2.2118246270278727	0.7959897465779644
chr12-68091127-68091731_3	chr12-68091127-68091731	GTGAGGGAGACTCTGGACAT;GAAATGTGAAGAGGCTAACC	462	-1.024210793034921	-1.8228937119126667	-2.0693003084478407	-1.4638994929246516	0.7434125201616814	-1.2250427861308313	-1.115170131616231	-0.4740189844712448	0.3817391346260674	-0.3448298498582816
chr12-68091127-68091731_9	chr12-68091127-68091731	CTCAAGGCTCATCCAGGCAT;GGGGTGGGAAGGAATACATT	462	0.6581438162718651	0.3799386624552068	-0.021231803259624572	-0.12057243105263615	0.04196820132809562	-0.6778765437900407	-0.7935568731632267	-0.4196178070162905	-0.8947096790835355	0.23197792259433428
chr12-68091127-68091731_10	chr12-68091127-68091731	GTCAGTACACTGGCCAACGA;GTGCTAAGAGACAGATTGCT	462	0.3003596247582676	0.37994188331916434	0.4477745944568214	-1.9270854185689765	-0.2492649102302723	0.5655941222367364	-0.2422732894718869	-1.3512275327112575	0.5006897492624592	-0.8255748634508262
chr12-68091127-68091731_1	chr12-68091127-68091731	GTGATGCTCAAGGCTCATCC;GAAATGTGAAGAGGCTAACC	462	0.22000676168526626	0.9493135910854973	1.460825627256589	-0.9283340820511953	-0.7104132651763175	-0.855127739421735	-0.9682771489412522	-0.532676558550533	0.44230214931093725	-0.41927315747197325
chr12-68091127-68091731_5	chr12-68091127-68091731	GTGATGCTCAAGGCTCATCC;GGGGTGGGAAGGAATACATT	462	-2.0274550190807616	-2.77784233380196	-2.581304249750419	-1.669618217446689	-0.6574515630919797	-0.5574919644178077	-1.9891939071867986	-3.1884969770977882	-0.31359331150073416	-0.8161430629670487
chr12-68085432-68086274_4	chr12-68085432-68086274	GCTGGCAGCCTATGGACCAC;CATAGAAAGGAACCATGTAT	468	0.07188811164674301	0.10979067489495264	0.22197736950603617	-0.9294303314448921	-0.09795170751952023	0.9399103829976639	1.3089265029504047	1.357242305262048	0.6964873756355275	0.38344802796961514
chr12-68085432-68086274_3	chr12-68085432-68086274	TGATCTGGAAGGGAGACTCA;ATTTAGGGGAACTTAATTGA	468	0.25408463759692806	0.14041843301815718	0.062345770903455104	-2.1613618602182116	-1.5600682922955946	-0.5124910427924179	-1.394995252994595	-1.7146541321673923	0.32337630440856124	0.08347200714768331
chr12-68085432-68086274_5	chr12-68085432-68086274	ACACAGCATAAAGTAGGAAC;ATTTAGGGGAACTTAATTGA	468	-0.22648086375319407	-0.13182196362383025	0.11931219641233921	-1.8212284577658817	0.27869372587706515	-0.8522732915832278	-0.03421769360917218	0.731298257409758	-0.9811662537148522	0.13169920843332078
chr12-68085432-68086274_9	chr12-68085432-68086274	GCTGGCAGCCTATGGACCAC;AATATTCAAATACCTATACA	468	0.5534923555174118	-0.3263247173222919	-1.5046148755344284	-0.8273485786243028	-0.9737060768541375	0.7340840686962057	0.15535229308166157	-0.6914649674230523	-0.052546637244213434	0.12008868140117444
chr12-68085432-68086274_8	chr12-68085432-68086274	GCTGGCAGCCTATGGACCAC;ATTTAGGGGAACTTAATTGA	468	-0.6220291473218963	-0.6608752876898183	-0.38001450217759974	0.7006197097229808	0.16828761349582988	0.2921347694707624	-0.07881916491803298	-0.3328429654782948	-0.09921390775750213	0.836216746029073
chr12-68085432-68086274_2	chr12-68085432-68086274	ACACAGCATAAAGTAGGAAC;CATAGAAAGGAACCATGTAT	468	0.3813171031463397	0.9307139544936012	1.2976571951070581	0.9048788044745929	-0.9887099821363429	0.5168840879847241	0.16139905672806418	-0.21312119842986268	-0.12251729146909003	-0.09246972766770503
chr12-68085432-68086274_10	chr12-68085432-68086274	CAGTTGCAGCTCGAGAGGAG;GCTTATTACTATGACTATAA	468	1.0477296629608261	0.9974823246031181	0.6729090680638028	0.26086274930060604	-0.5454758815207605	0.2161635446311106	-0.46130168620791806	-1.0323795114579102	0.03208967389658224	-0.09308938347275307
chr12-68085432-68086274_1	chr12-68085432-68086274	TGATCTGGAAGGGAGACTCA;CATAGAAAGGAACCATGTAT	468	-0.3614576063685693	-1.213271743192455	-1.833975289197757	-0.5987465908261435	0.5860784068855244	0.6485330270853252	-0.1191321308448222	-1.2345766340784778	-1.3356945569451637	-0.5096768906195192
chr12-68072043-68072882_8	chr12-68072043-68072882	TACCCCTCACAACATCCCTG;AATCTCCTACTTGTAATACT	481	0.3130706178899339	0.4875624021092088	0.6240960798878559	2.424962887727788	0.04740352014218677	0.10814413429809482	1.3011199450977655	1.9559224147493772	1.379521737636684	0.8127112260501949
chr12-68072043-68072882_9	chr12-68072043-68072882	TACCCCTCACAACATCCCTG;TCAACAGGACCACCAATACT	481	0.8672843101544264	0.7063787550684867	0.3421737088397902	-0.6402171242283335	0.793001536285319	0.8901315997999342	0.41301103102092374	-0.40359418677985764	-0.4760853727541439	-0.12929266322183125
chr12-68072043-68072882_6	chr12-68072043-68072882	AGCACTACTGACCTGCCTCA;TCAACAGGACCACCAATACT	481	1.0353221301232873	0.8532763389061138	0.3948700454818652	0.248144242066322	-1.6251806599343566	-0.3303357504506671	0.002833420728316885	0.4799394452154282	-1.5434905524578888	0.5542533097854728
chr12-68072043-68072882_2	chr12-68072043-68072882	AGCACTACTGACCTGCCTCA;GGAGACCCAGTATTACAAGT	481	-0.050907459988507583	0.05821588485690306	0.26407676507686134	-1.0873881117265525	-0.9887099821363429	-0.1089339582579757	-0.6500875765754205	-0.8449379031703158	0.408004614351857	0.10076065994906526
chr12-68072043-68072882_1	chr12-68072043-68072882	ACCGATAGCAAAGATTCCCA;GGAGACCCAGTATTACAAGT	481	0.20712123211163008	0.055827547372287734	-0.03859540646906556	-0.397021659155536	-1.0427434382621998	-0.5798997630648899	-0.9701583215087157	-0.8033866034021893	-0.20614085723105138	-3.175739323194249
chr12-68072043-68072882_7	chr12-68072043-68072882	TACCCCTCACAACATCCCTG;GGAGACCCAGTATTACAAGT	481	-0.22787211034781343	-0.1362213105388602	0.11321806858345326	-0.4374006127132355	-1.3159500282269203	-0.5908824526312657	-1.5832421918724118	-1.9848009154324688	-0.03664135005608177	-4.801037052332124
chr12-68072043-68072882_10	chr12-68072043-68072882	GAGCACTACTGACCTGCCTC;GTGTTATTGACACAGTGCAT	481	-0.8928758125772728	-0.7588290356401813	-0.2823077266316786	-2.3978226729147294	-1.0626048705114541	-0.8651958443997786	-0.7270093901251691	-0.17478313886097652	-1.4501549830046572	-0.03706569916019776
chr12-68072043-68072882_5	chr12-68072043-68072882	ACCGATAGCAAAGATTCCCA;TCAACAGGACCACCAATACT	481	-0.80862305573663	-0.9736018922249322	-0.7249949099038182	-2.278865145101844	-0.6187018315175843	-0.5008694553222568	-1.4740237112594052	-1.9149080752356724	-1.3115086067617134	-0.8543374316375698
chr12-68502828-68503151_1	chr12-68502828-68503151	ACAGTGGAGACCAAGAGCAA;AGTGTCTGTAGGGTTGTGAT	51	0.9663317544247653	0.2213780578102281	-0.9802373251294099	-1.198926711702862	-1.0462011241751816	-0.38467762230323854	0.748050840449384	1.491496631765499	1.5229093246565526	-0.38627480084695864
chr12-68502828-68503151_8	chr12-68502828-68503151	GGTAGACCATGGGAAACACA;GCAAGGAGGCCAGTGTCTGT	51	0.13511829316785853	0.03925540807119071	0.020134860506035978	0.6143710295233744	-0.4684537716460952	0.3449117542048239	0.2890874527598389	0.2901319789351416	0.15032319024746335	-1.7607326808045303
chr12-68502828-68503151_5	chr12-68502828-68503151	ATGTTTATCAGGTAGACCAT;GCAAGGAGGCCAGTGTCTGT	51	-0.20777672389321225	0.5151873164824422	1.1319906281579164	0.2822629672619767	-1.588786943761398	-0.25398523323075856	-1.23158238148912	-1.8692496830864478	-0.37438774291625343	0.5491376624474535
chr12-68502828-68503151_9	chr12-68502828-68503151	GGTAGACCATGGGAAACACA;ATATCTCCAACACCTAGCAA	51	-0.3405980602784148	-0.1447158271042775	0.21005756418828042	1.267641432029812	-0.4549803337072287	0.27813702414745367	0.3003693311985309	0.3890422290309647	-0.5204458322504639	0.060861838082153806
chr12-68502828-68503151_2	chr12-68502828-68503151	ACAGTGGAGACCAAGAGCAA;GCAAGGAGGCCAGTGTCTGT	51	0.8964732126421776	0.7282610561051872	0.34413227104303096	-1.0781519604731489	-0.11891342875399707	0.6557271388475843	1.885169303783152	2.4251241224955926	1.1836291118674365	1.062688306026769
chr12-68502828-68503151_6	chr12-68502828-68503151	ATGTTTATCAGGTAGACCAT;ATATCTCCAACACCTAGCAA	51	0.8112163454978826	0.7540678664998739	0.5166927913794671	-0.41014506907389314	-0.8483297412421212	0.588962859958227	-0.3435273434804533	-1.7698036987177568	0.004044054204700153	0.394849941959403
chr12-68502828-68503151_3	chr12-68502828-68503151	ACAGTGGAGACCAAGAGCAA;ATATCTCCAACACCTAGCAA	51	0.5681331265409933	0.7661960302493942	0.8365508728266795	0.9462406002052459	-0.2460000841493136	0.7210874555799359	0.691043768486381	0.5282014944911008	0.19571452399469963	0.7228915035350051
chr12-68502828-68503151_4	chr12-68502828-68503151	ATGTTTATCAGGTAGACCAT;AGTGTCTGTAGGGTTGTGAT	51	0.5815007651085706	0.8122779752053985	0.9032282578800757	0.8696446253805019	-0.3384586299518249	1.570063107531	1.2995034603464115	0.211712995141176	-0.2285844437964695	-4.385629541722946
chr12-68499789-68500563_9	chr12-68499789-68500563	AGAGGATCAAAGTAAGTAGT;GAAACTGAGGCATAGTGACT	53	0.12763639221075654	-0.100024255638159	-0.23475415942050773	-0.765206366401715	-0.6073427777170286	-0.03825297207488603	-0.43395738263448874	-0.5287289776978473	-0.1766327874378231	0.005917911315805556
chr12-68499789-68500563_3	chr12-68499789-68500563	TGTAAGGTAGCATATTCACA;GAAACTGAGGCATAGTGACT	53	-0.8225128630670822	-0.03522501156678703	0.7575196467817624	-0.24451039111958933	1.0530189307899012	1.3753473920573813	0.946081021663509	-0.2552318170806101	-1.0187391523527798	-0.18970391693872315
chr12-68499789-68500563_8	chr12-68499789-68500563	AGAGGATCAAAGTAAGTAGT;AAAGGCCTAATTCTAGACCC	53	0.7891311383092583	0.24461879924133736	-0.5457439084624905	-0.38368886353697707	-0.06597339085288563	0.6660380109152036	0.12351406405678063	-0.6064683185091094	-0.05345515858418364	-0.21791446154806385
chr12-68499789-68500563_7	chr12-68499789-68500563	AGAGGATCAAAGTAAGTAGT;GCTTATATAGTGCATATGTC	53	0.9349156825882196	0.39865952319917897	-0.45656898914972016	-0.4798390967137757	0.026861072771340647	0.15060223664665282	0.46144983764100733	0.774463106071652	-0.4991145955118751	-0.020393867015196018
chr12-68499789-68500563_10	chr12-68499789-68500563	ACTTTATAAGGACCCTTGTG;AGCAACCTGGGTCTAGAATT	53	0.514047964063807	0.43830907775295996	0.29751153316688006	2.858567117948715	0.17921079779784252	-0.2693360216130521	0.6016167451826906	1.2527452440104037	0.06034307744334811	0.8039460110952142
chr12-68499789-68500563_6	chr12-68499789-68500563	AGGTAGCATATTCACAGGGT;GAAACTGAGGCATAGTGACT	53	-0.6791774935595642	-0.7950791562246372	-0.5520331833617037	-1.4041874870755187	-0.32852862573814806	-0.4227661850358557	-0.10113781741757337	0.3983429596272311	0.03796254055866894	0.669052437198862
chr12-68499789-68500563_4	chr12-68499789-68500563	AGGTAGCATATTCACAGGGT;GCTTATATAGTGCATATGTC	53	0.6740396936161767	0.6694349453487077	0.5333341160870853	-2.0820040628415306	0.2123221801658585	0.37213899239635406	0.3618510577572082	0.3852963578938881	0.23218937407118057	0.3393445496103557
chr12-68499789-68500563_1	chr12-68499789-68500563	TGTAAGGTAGCATATTCACA;GCTTATATAGTGCATATGTC	53	0.2959769732349792	1.082427955494226	1.604069984223599	0.11977524607554324	-0.6403516537024676	-4.642682636505887	-4.3788421164401825	-3.063103042995273	-8.545972915867814	-4.278651683078242
chr12-68546555-68547540_6	chr12-68546555-68547540	AAATTCCAGGCACAGTGTGT;GAAATTAGGAGTCCTATGTA	6	1.1707966492459916	1.1130978310888051	0.7305563510024599	0.4903209681235568	-0.8982592375423772	0.3270552986822183	-0.037065929937925395	-0.30455819885866225	-0.42261803230416434	-2.996191064323912
chr12-68546555-68547540_8	chr12-68546555-68547540	GGAATTTGGCTGCCCATAGT;AATTATATGTGGCCTTATTG	6	0.5939601333537069	0.8975347873771675	1.038426576788075	-1.8006555594523332	-1.1964283730584049	-0.13430676930709187	-0.030470737702274042	0.27091451586855964	0.3263268465063607	-0.5574458653059126
chr12-68546555-68547540_7	chr12-68546555-68547540	AGGGTGAAAGCTATACGATA;AATTATATGTGGCCTTATTG	6	1.3386351594374233	0.8710819436198421	-0.10214322276141054	-0.12068220149701663	0.4459028601001771	-0.36130663188650514	-0.5227904300921953	-0.29322811020623335	0.35315065891217556	-0.3080563854236711
chr12-68546555-68547540_9	chr12-68546555-68547540	AAATTCCAGGCACAGTGTGT;AATTATATGTGGCCTTATTG	6	0.9830522714418775	0.6242551889264353	-0.018124722497045973	-0.5350688079213652	-0.23329272319907066	1.8689075114424472	1.8954309393248543	1.0450381738714718	0.29321947019729644	-4.274475611283003
chr12-68546555-68547540_1	chr12-68546555-68547540	AGGGTGAAAGCTATACGATA;TAATATGTAAGTCTATTGCA	6	0.018201524768776376	0.5507401846454535	1.0083771488575668	-0.3798008212860471	0.3841905676659925	1.038217029647312	2.201983151617756	2.6220570072279994	-0.23957716135514984	0.2412509033584409
chr12-68546555-68547540_2	chr12-68546555-68547540	GGAATTTGGCTGCCCATAGT;TAATATGTAAGTCTATTGCA	6	1.3530930679369673	1.6154342169589804	1.4658678719670566	0.5952785949359908	-1.5107029154655989	0.5246154960687991	0.17540160525497484	-0.19690979593835717	0.20250959889734493	-0.8128000360953138
chr12-68546555-68547540_4	chr12-68546555-68547540	GGAATTTGGCTGCCCATAGT;GAAATTAGGAGTCCTATGTA	6	-0.09820112222741663	0.17105441124921708	0.501582507929136	-1.9786099088726559	-0.004865492116975732	-0.10351675197122845	-0.1735893508558311	0.011583124577366965	0.19592638740075005	-0.37769615994820616
chr12-68546555-68547540_3	chr12-68546555-68547540	AGGGTGAAAGCTATACGATA;GAAATTAGGAGTCCTATGTA	6	0.06618821607852897	-0.07738394596350824	-0.1129150898841191	-0.8406912045077289	-0.038688151995756655	-1.85914319800859	-2.3076433910589933	-1.710409027971125	-2.051093261443785	-0.6378673004547976
chr12-68487938-68488721_8	chr12-68487938-68488721	GGAGCCTGGAGCATGTGTGG;AATATTGTGGTCTGATCTGT	65	0.6063754678265085	0.6601100043718114	0.5999641515587225	-1.7124242078396057	-1.3682731492468212	-0.4423285293106461	-0.8474365697995936	-0.7524768259150072	-0.07077027927365011	-1.8387774510517292
chr12-68487938-68488721_9	chr12-68487938-68488721	GCGTTCTGTTAATACAATGG;AATATTGTGGTCTGATCTGT	65	-0.4360541309581057	-0.3174118409162262	0.014943862797348986	-0.16017822546119403	-0.7118419398822158	0.427648588752369	0.3976849014466822	0.3803245690571588	-0.14557882633565827	-0.026666752844061
chr12-68487938-68488721_7	chr12-68487938-68488721	TGAGGGTTAGGCCATTGATC;AATATTGTGGTCTGATCTGT	65	1.1183104011396932	0.9447787421418924	0.459667185569457	1.2056279711298994	0.3250591183751025	0.031076339791070058	0.22544331525246614	0.5177754033256329	1.2766023573357068	0.5608256788234772
chr12-68487938-68488721_6	chr12-68487938-68488721	GCGTTCTGTTAATACAATGG;ATTAAGTCAGAACCACCCAC	65	-0.14731059545576905	-0.3742936551375094	-0.405094587301856	0.6847579653012434	-0.9200577745852118	1.263647546327747	1.5716681839698146	1.426676715696885	0.0555458200219085	0.4760384537637329
chr12-68487938-68488721_5	chr12-68487938-68488721	GGAGCCTGGAGCATGTGTGG;ATTAAGTCAGAACCACCCAC	65	-0.5315005537659809	-0.3829640392837229	-0.002315579217323175	-0.8559317535943801	-1.5586304362288415	-0.6318357849087586	-1.1525933396550827	-1.0592790146883782	-1.2641531023551855	-0.23710502555576474
chr12-68487938-68488721_10	chr12-68487938-68488721	CCATTGTATTAACAGAACGC;ACTTATTAGGTTCTTGCTCT	65	1.5832488465740628	1.0700753418604338	-0.11576547306536814	0.5825151318942547	0.005709299452893594	-0.7357962060721667	-2.3188839784370083	-3.6691955132244574	-3.0630993878078328	-0.3111104410752852
chr12-68487938-68488721_2	chr12-68487938-68488721	GGAGCCTGGAGCATGTGTGG;AGAGGCTCGTGGGTTCCTGT	65	1.6049260095762077	1.1332068888749909	0.002289394176511163	0.4706829956354329	-0.2360952763370792	-2.282890062762109	-1.6049155774897608	-0.5971361599031958	1.0145463200987643	-3.8567070940211345
chr12-68487938-68488721_1	chr12-68487938-68488721	TGAGGGTTAGGCCATTGATC;AGAGGCTCGTGGGTTCCTGT	65	-1.4715514113937986	-0.8276826757324534	0.05245130456227795	-2.624832363896491	-0.5559357196765053	0.4491471666587137	0.08376323763509264	-0.25921158416352086	0.9355362556640952	0.5159343422397192
chr12-68474209-68476083_8	chr12-68474209-68476083	TATCCATCTTAGGGGTTACA;AGGGATCCAAAGCCGAGAGA	78	-0.0803473828833155	0.058181015762026334	0.294453230079557	0.3648392842225024	0.41073070459513916	0.37786680338859574	0.06304128141125442	-0.18342260451877418	-1.2456815833192962	-0.6683635417558231
chr12-68474209-68476083_7	chr12-68474209-68476083	CAAGAATCTATCCATCTTAG;AGGGATCCAAAGCCGAGAGA	78	0.1808536906920948	-0.17526550495518228	-0.45811958202146313	-0.6236705528531443	0.2763995456896898	0.39369849194895423	-0.20471148352210794	-0.8003461472044889	0.6037286832561413	-0.2406693940389663
chr12-68474209-68476083_4	chr12-68474209-68476083	CAAGAATCTATCCATCTTAG;ACTACTCTCTCACTAAGCTC	78	0.48475630372434597	0.2563675304982411	-0.02002359382647244	-0.16957147565961694	1.2555433761608314	1.8315401623670013	1.7850710535836922	0.8496565173066949	0.22678641601237667	0.5061281117104323
chr12-68474209-68476083_9	chr12-68474209-68476083	AATGAATATTAGGCTCCAAC;AGGGATCCAAAGCCGAGAGA	78	0.22069616474559212	-0.610018661360697	-1.5103780227159795	-0.7565042754943125	-0.6120570239462252	0.3187463759253397	0.2637164265557731	0.27747892182532874	0.12722659452107496	0.20872530963220431
chr12-68474209-68476083_10	chr12-68474209-68476083	TGAGGCAATAAGTCCTCTTT;AGTATATGAAATGAGATGGG	78	-0.8128597765418819	-0.6421515464672599	-0.1660596871187185	-1.9670760488431522	-2.6879193751800177	0.2976722502813375	-0.6347742509650642	-1.7117915126672056	-0.7618299181246747	-2.559996878511761
chr12-68474209-68476083_6	chr12-68474209-68476083	AATGAATATTAGGCTCCAAC;ACTACTCTCTCACTAAGCTC	78	0.819435281709643	1.0286688559953523	1.0227790397787013	-0.639655091456461	-0.5054847696277994	-0.8498183713477976	0.6793381701538393	1.5786675282536382	1.132810523446644	-1.090165007865987
chr12-68474209-68476083_2	chr12-68474209-68476083	TATCCATCTTAGGGGTTACA;AGTGAGAGAGTAGTATATGC	78	-0.4539312596630223	-1.0746900104692332	-1.3719000352841708	-0.9564757879470731	-0.6766777701586387	0.18639516841332956	-0.5315021457130698	-1.1369295005346036	-1.8116538108396454	-0.45764483558588304
chr12-68474209-68476083_5	chr12-68474209-68476083	TATCCATCTTAGGGGTTACA;ACTACTCTCTCACTAAGCTC	78	0.7610522498876863	1.1443674224038456	1.289524975906187	0.9147786060200129	0.5832576324006656	0.43464438251680326	-0.10217569911829118	-0.6440909003684575	-0.7270404413779776	0.94726731488675
sgIFNG_2	sgIFNG	CCAGAGCATCCAAAAGAGTG;ACCACCGTTCGTACCGGTCG	sgIFNG	3.212832547950086	3.0394125661593665	1.4193557724057044	-5.00535821317648	-2.411213018654925	0.8205521843220231	-0.2695340776304327	-2.6424150157014283	-6.270742724568402	-0.2685394664935579
sgIFNG_1	sgIFNG	AAAGAGTGTGGAGACCATCA;CAACGTCGCGAACGTCGTAT	sgIFNG	2.973778956162153	2.8757785980481056	1.5435482614444171	-1.922583819143149	-4.115884922963479	1.995399494027332	1.3254176987769244	-1.979360794379802	-0.8045771571730095	-0.19272085220382146
sgIFNG_6	sgIFNG	AGACCGTCGTCGATCGATAC;TGAAGTAAAAGGAGACAATT	sgIFNG	2.3130088653216854	2.2508905425634587	1.3388381680972419	-0.5669046356302643	-0.3355929672556611	-0.9208599240879061	-1.0689683817744573	-0.6290209270089573	-0.2643966899127174	0.3373430269479426
sgIFNG_3	sgIFNG	TGAAGTAAAAGGAGACAATT;AGACCGTCGTCGATCGATAC	sgIFNG	2.448162037539559	2.235601276238257	1.0279046686817959	-2.131285939551457	-2.8041737627753185	1.8934702743648901	1.603294400946317	0.10492617697437434	-3.5726025494941775	0.6580526967312841
sgIFNG_5	sgIFNG	ACCACCGTTCGTACCGGTCG;CCAGAGCATCCAAAAGAGTG	sgIFNG	3.8862202571409834	3.9395257339919216	2.296890239608706	-2.08201640201522	-2.1646152605257365	0.5578084347411565	0.33112752762296566	0.07013219981778662	-0.3832631127745539	-0.629576371272491
sgIFNG_4	sgIFNG	CAACGTCGCGAACGTCGTAT;AAAGAGTGTGGAGACCATCA	sgIFNG	3.4450190635100686	4.150685487253959	3.6177360042673232	-2.65694687581039	-3.9109683342737545	0.47717191444446033	0.02417112441720172	-0.43997052040546863	-3.641326314319523	0.12722811361966738
