Row.Barcode.IDs	ROI	gRNApairs	SimpleName	Norm_Acute_Neg	Norm_Acute_Low	Norm_Acute_M1	Norm_Acute_M2	Norm_Acute_High	Norm_Chronic_Neg	Norm_Chronic_Low	Norm_Chronic_M1	Norm_Chronic_M2	Norm_Chronic_High
sgIFNG_1	sgIFNG	AAAGAGTGTGGAGACCATCA;CAACGTCGCGAACGTCGTAT	sgIFNG	3.389658875599459	3.2544301968062417	-3.937686313125099	-0.4372528537042887	-5.134662285479192	NA	NA	NA	NA	NA
sgIFNG_2	sgIFNG	CCAGAGCATCCAAAAGAGTG;ACCACCGTTCGTACCGGTCG	sgIFNG	3.4455130353984513	3.712409227161441	-6.450212277436113e-4	0.12365624787343502	-3.3189155537569657	NA	NA	NA	NA	NA
sgIFNG_3	sgIFNG	TGAAGTAAAAGGAGACAATT;AGACCGTCGTCGATCGATAC	sgIFNG	2.593178178657109	2.8406108638435876	1.0125609938962745	-8.76793106966376	-1.2855545975272475	NA	NA	NA	NA	NA
sgIFNG_4	sgIFNG	CAACGTCGCGAACGTCGTAT;AAAGAGTGTGGAGACCATCA	sgIFNG	2.1394564258026993	1.5878444359129795	-1.7138308354018486	-2.455403022955655	-3.708937498538842	NA	NA	NA	NA	NA
sgIFNG_5	sgIFNG	ACCACCGTTCGTACCGGTCG;CCAGAGCATCCAAAAGAGTG	sgIFNG	1.951063961298976	1.7420004507720865	-0.0657478251783082	-0.8825445402202206	-1.0382598770762745	NA	NA	NA	NA	NA
sgIFNG_6	sgIFNG	AGACCGTCGTCGATCGATAC;TGAAGTAAAAGGAGACAATT	sgIFNG	1.5900258590549734	1.3570918672542465	0.021315179814769113	-1.8534294872398656	-2.1082096764982463	NA	NA	NA	NA	NA
NonTargeting_1	NonTargeting	CAACGTCGCGAACGTCGTAT;AGGACCGTTAACGATACGCG	NonTargeting	-0.13937157301096373	1.2250334542898935	2.0622374167590314	-0.5592293491747772	1.7182509261592351	NA	NA	NA	NA	NA
NonTargeting_2	NonTargeting	ACCACCGTTCGTACCGGTCG;GTCCGACTCGACGCGTATCG	NonTargeting	0.2940450723845814	-0.5274261167549468	-1.2753975967815463	0.8908808488052264	0.7454864993331981	NA	NA	NA	NA	NA
NonTargeting_3	NonTargeting	AGACCGTCGTCGATCGATAC;CCACGCGACCGTATTGTCGA	NonTargeting	0.5822151115709016	0.03394399883618189	-0.6465395842104525	0.133946365690708	0.40266888804643824	NA	NA	NA	NA	NA
NonTargeting_4	NonTargeting	GTCGTACGGATTCGCGCGTA;CCAGACGCGACGATATATCG	NonTargeting	0.47147856750792305	-0.408200587533236	-1.4357765970547078	-1.9594293967405685	-1.840983086961309	NA	NA	NA	NA	NA
NonTargeting_5	NonTargeting	CCCCGATCTTACGTCGCGTA;GCTGGTCGCGTACCGTAATA	NonTargeting	1.1835013000138868	1.04774571115848	0.3038362631222083	1.923935217400491	0.7269440499879982	NA	NA	NA	NA	NA
NonTargeting_6	NonTargeting	GTTGTCGAACTCGAACGTCG;GCTCTACGCGACGCCGTTAA	NonTargeting	-1.5008123986313142	0.5784227923036374	1.8563709213778237	-0.34591571466705917	-0.34055846342992235	NA	NA	NA	NA	NA
NonTargeting_7	NonTargeting	CCTTAACGGCAATCGCGCGT;GGATCGAAACGTCGTACGCG	NonTargeting	0.5687033918294228	-0.022716776980730567	-0.7446554034268741	0.12710653370894867	-0.7354506799413917	NA	NA	NA	NA	NA
NonTargeting_8	NonTargeting	CAACGTACGACGCGATAATA;CCGCGTCCTACGGTCGCGAA	NonTargeting	-1.2018549708063153	-1.9948160512894098	-1.6089634409537246	-0.8825172863523374	-1.480639273659551	NA	NA	NA	NA	NA
NonTargeting_9	NonTargeting	GTACGTCGATCGTATATCGA;AGTCCGCAATTTGCGACGAT	NonTargeting	0.14644629133318438	-0.17224222413690127	-0.26687969588384863	-0.1974943550733732	-1.025992674777373	NA	NA	NA	NA	NA
NonTargeting_10	NonTargeting	CCCCGTCGCGGTATGATCGG;TAATCGAACGCTTACGACGC	NonTargeting	-0.5364113982060793	0.18695518560814856	0.9686452190667273	0.9109867525048935	-0.32078510277212147	NA	NA	NA	NA	NA
NonTargeting_11	NonTargeting	TGGCGCGACGTTATACGCGT;AAGCGTCGCGATACCGCTAA	NonTargeting	-0.7880086891539448	-0.7059809020801672	-0.06602845881849898	-0.6496420699861795	-0.4497258596549903	NA	NA	NA	NA	NA
NonTargeting_12	NonTargeting	TGGCGCCGATACGTCGGCTA;GGCTCAAAACGGCGCGCGAT	NonTargeting	0.0028281860651771544	0.5193977804681288	1.0154314676952465	-0.06558819489788463	-0.5052327531149448	NA	NA	NA	NA	NA
NonTargeting_13	NonTargeting	AGCCGATCGATTCGCAATCG;CAGCGACGACGCGATATAGT	NonTargeting	-0.9993319439058189	-0.6984198454222804	0.10634642664870676	-2.5947745976069694	-0.6841703766840128	NA	NA	NA	NA	NA
NonTargeting_14	NonTargeting	TATATCGCGGCGTCGTTACA;AGTCGCGAATCGTCGTCAGT	NonTargeting	-0.19307730560422767	-0.06217602284703125	0.3354829442706787	0.7196602965438813	1.1020858939823683	NA	NA	NA	NA	NA
NonTargeting_15	NonTargeting	AGTTCGTCGGTTCGTTCGAA;ACAGGTATATCGCGCGACTA	NonTargeting	-1.639980633532526	-2.0718641118070877	-1.297828021390084	-0.4527406383792063	-0.2831496444739642	NA	NA	NA	NA	NA
NonTargeting_16	NonTargeting	AAGCGACGTTCGTCCGATAG;GAAATGATCGCGCGACGATC	NonTargeting	-0.10832121516306752	0.15130129585350455	0.5750194428965503	-0.07024477998611448	-0.4344793105017093	NA	NA	NA	NA	NA
NonTargeting_17	NonTargeting	TAGAACCGGCGTAATTCGCG;GCTTTCGCGCGTACGACCAA	NonTargeting	0.22209828268205548	0.1702695094512965	0.23204971300369812	-0.9809431704532369	1.0524088046757716	NA	NA	NA	NA	NA
NonTargeting_18	NonTargeting	ATATTCGCGTTACGCGCATT;CGGACGATATGCGTCGCGAA	NonTargeting	0.6944641992189051	0.128878089454017	-0.6857730667033852	1.6131121525459655	0.37340766143262627	NA	NA	NA	NA	NA
NonTargeting_19	NonTargeting	CCCACGTCGGTCGCGCGATA;TCACGATACGAAGTCGTGCG	NonTargeting	2.1208652893504607	2.0067108266269837	0.13627839713622109	1.491523868768741	2.2452893381805232	NA	NA	NA	NA	NA
NonTargeting_20	NonTargeting	TGCCGTTACGCCCGACGAAT;GTTTAATCGCACTCGACGCG	NonTargeting	0.9127968763562228	0.7939301689687719	0.3095414267091304	1.0257979604130305	0.3179264614184323	NA	NA	NA	NA	NA
NonTargeting_21	NonTargeting	TGGCCGTATCGCTACGCGGT;CCAATTAGATCGATCGCGCG	NonTargeting	0.7207423440302595	1.566105782264264	1.8978431258147654	0.3968034908291128	0.6146529873797535	NA	NA	NA	NA	NA
NonTargeting_22	NonTargeting	TGCACGACACGATCGTACGA;GTACTACGATCTATCGCGAC	NonTargeting	-0.1275010594161165	-0.307685535214648	-0.12837251384090018	-1.0620198261544986	-0.08186942314564434	NA	NA	NA	NA	NA
NonTargeting_23	NonTargeting	AGCCGTCGTTGGACGTAACG;TGTCGATGTTCGATCGAACG	NonTargeting	0.8371934784583633	0.4443385068215503	-0.287442212192998	1.019729278026374	0.6468092094481854	NA	NA	NA	NA	NA
NonTargeting_24	NonTargeting	CTCGTACGTACTCCGCCGTA;GCGACGCGACGACTCGGTTA	NonTargeting	-2.717914758730792	-1.3697063298325938	0.07525830643640256	0.003767827401912047	-0.25926917648837317	NA	NA	NA	NA	NA
NonTargeting_25	NonTargeting	CCAAATTCGCGATCGACGTC;TCCGTACGATTGATCGCCGG	NonTargeting	0.04154090991142602	-0.3576945808163016	-0.447502695001228	-0.0026518563108505707	-1.8794598554768214	NA	NA	NA	NA	NA
NonTargeting_26	NonTargeting	GACACGATAGCGCGCAATCG;TACCGTCGACCGGTCGAAAA	NonTargeting	-1.0780509264928992	-1.5195836383907138	-0.997060812989533	-0.03688430388574375	-0.9363356394549279	NA	NA	NA	NA	NA
NonTargeting_27	NonTargeting	TGTATTATACCGTACGCGCG;ATTTCGATAACTTACGCGAG	NonTargeting	0.06190386192802632	0.05710081273670609	0.24372418288557846	-0.8576905692310319	-0.06832540272057772	NA	NA	NA	NA	NA
NonTargeting_28	NonTargeting	GGACGTATCGATATCGGCCG;TTTCTATAATCTCGCGCCGA	NonTargeting	0.009834364481554047	-0.9311181360722948	-1.5513806942027972	-0.5051321813969809	-0.5817056959958274	NA	NA	NA	NA	NA
NonTargeting_29	NonTargeting	GAGATCGGACCGTCGCGTTA;CAAGCTCGATTCGTCGTAAT	NonTargeting	0.7212886708121844	0.463047375032733	-0.008802276601596517	0.6230310884484369	0.252593932017622	NA	NA	NA	NA	NA
NonTargeting_30	NonTargeting	CATCGCCGTTAACGGTCGTT;CCTCCCGTACGATCGTACGT	NonTargeting	1.438690674719531	1.776449569304045	1.3303378162294068	0.3426166092090913	1.7096077671913095	NA	NA	NA	NA	NA
RanDel_chr12-68521003-68521593_1	chr12-68521003-68521593	ATGGTGCCAGGAACATACAC;GTATCATATAAACAGAATAA	ClosedChromatinRegion	-1.4999726389726356	-2.46371766478337	-2.021772913681801	1.1432116940483865	-0.5827801808777033	NA	NA	NA	NA	NA
RanDel_chr12-68521003-68521593_2	chr12-68521003-68521593	AGTGATCAGAACAGCAGTAC;GTATCATATAAACAGAATAA	ClosedChromatinRegion	0.835552632793312	1.34475996685438	1.4292820993790292	0.24145301260106627	0.47204267700002717	NA	NA	NA	NA	NA
RanDel_chr12-68521003-68521593_3	chr12-68521003-68521593	ATGGTGCCAGGAACATACAC;AAAATACCAGCAAACTGGCT	ClosedChromatinRegion	-0.5934884926371555	-0.04904748738378435	0.6932431713222439	-0.5472188359152118	2.1813898874486504	NA	NA	NA	NA	NA
RanDel_chr12-68637542-68638381_1	chr12-68637542-68638381	CAAGGAGGGACTTTGTAACC;AAGAGCATGAAGCTGCTCAA	ClosedChromatinRegion	1.0601036764942835	0.5775666809601971	-0.5184826389950377	-0.9187240856312587	-1.1108951558681157	NA	NA	NA	NA	NA
RanDel_chr12-68637542-68638381_2	chr12-68637542-68638381	CAAGGAGGGACTTTGTAACC;AGCATGAAGCTGCTCAAGGG	ClosedChromatinRegion	0.029578671427983313	0.34617292031910163	0.7340958590334388	0.8801802186910278	1.2417288008102285	NA	NA	NA	NA	NA
RanDel_chr12-68637542-68638381_3	chr12-68637542-68638381	ATCTTTAGAGGGCTCCACTT;AAGAGCATGAAGCTGCTCAA	ClosedChromatinRegion	-0.9576919378102949	-0.3681315769492551	0.5137041793788516	2.1710753236722447	0.41292673122880275	NA	NA	NA	NA	NA
RanDel_chr12-68313331-68314433_1	chr12-68313331-68314433	TCTTGGGTGATGCTACCAGG;AGTGATAGGAGCCCTAGGAA	ClosedChromatinRegion	-0.3489592457962086	-0.25558057198681783	0.19666985611407772	0.7727820781430318	-0.5569001492529121	NA	NA	NA	NA	NA
RanDel_chr12-68313331-68314433_2	chr12-68313331-68314433	ATTGTGAGAAAATAGGTATA;AGTGATAGGAGCCCTAGGAA	ClosedChromatinRegion	-0.9806812931594181	-0.1297672800410149	0.8297075142011956	1.2433896449746358	1.5389787906729708	NA	NA	NA	NA	NA
RanDel_chr12-68313331-68314433_3	chr12-68313331-68314433	TCTTGGGTGATGCTACCAGG;GTGACCGAATGCCAGGCTAA	ClosedChromatinRegion	1.043162873625976	1.3689271914241843	1.1955097787132078	1.3893730799741217	-0.04855368527034605	NA	NA	NA	NA	NA
RanDel_chr12-68203666-68204440_1	chr12-68203666-68204440	AAATCTGATCTACTATAGTG;AAAGTGTAGCTCTATAGATA	ClosedChromatinRegion	0.26095409168967304	0.5205863610845471	0.762138187185157	0.029035957621821255	-0.7495511528000378	NA	NA	NA	NA	NA
RanDel_chr12-68203666-68204440_2	chr12-68203666-68204440	AAAAGACGTAGGTAAACTCT;AAAGTGTAGCTCTATAGATA	ClosedChromatinRegion	-0.4597121096843767	-0.09547996164251327	0.5278505767275941	0.8840512802679277	0.34196992772526436	NA	NA	NA	NA	NA
RanDel_chr12-68203666-68204440_3	chr12-68203666-68204440	AAATCTGATCTACTATAGTG;TCTTAGGTATCATTACCCAA	ClosedChromatinRegion	-0.2569948056480618	0.3336381293129167	0.96664372247398	0.7912181385748872	-0.7427811169464169	NA	NA	NA	NA	NA
RanDel_chr12-68179883-68180670_1	chr12-68179883-68180670	TAATGGTAAGATACAAACTT;GAAGACTAAAGATTGTGCTA	ClosedChromatinRegion	-0.3651853232922369	0.3755948639101662	1.1030863437571106	0.9496716228793504	0.9197429541208058	NA	NA	NA	NA	NA
RanDel_chr12-68179883-68180670_2	chr12-68179883-68180670	TAATGGTAAGATACAAACTT;ATAGATTGATGGGATATCAT	ClosedChromatinRegion	0.8770805014884152	1.2167510771060976	1.1605053960112768	-0.9176086093303891	1.1138408053829483	NA	NA	NA	NA	NA
RanDel_chr12-68179883-68180670_3	chr12-68179883-68180670	GATGAGGCTGGTCTCAGACC;GAAGACTAAAGATTGTGCTA	ClosedChromatinRegion	-0.08783213148381074	0.42089183711685596	0.9520051411335283	0.8820976171252018	-0.09081977278979944	NA	NA	NA	NA	NA
RanDel_chr12-68151494-68151866_1	chr12-68151494-68151866	AGGAGCACTAGGTCACATGA;GGGACACATCTGGTGAGATG	ClosedChromatinRegion	0.14128367956613425	-0.11760641999775506	-0.16032440957476943	-0.6020666012816449	0.878379762909916	NA	NA	NA	NA	NA
RanDel_chr12-68151494-68151866_2	chr12-68151494-68151866	AGGAGCACTAGGTCACATGA;AAGGATTAATGAATTATCAC	ClosedChromatinRegion	-1.2250949463911467	-0.5836866463016731	0.39612785215463175	2.592559845437259	-2.06201270519567	NA	NA	NA	NA	NA
RanDel_chr12-68151494-68151866_3	chr12-68151494-68151866	GCAACTAGAACAATATGTAT;GGGACACATCTGGTGAGATG	ClosedChromatinRegion	0.11236299891166833	0.15508337554638948	0.34398508028284347	0.7295439734943884	0.12182257214907635	NA	NA	NA	NA	NA
RanDel_chr12-68279283-68279622_1	chr12-68279283-68279622	AGAAGGATAAAATAGTCACC;AGTTCAGAGCATAAGAGAGA	ClosedChromatinRegion	-0.7393336176934483	-0.1341030482375527	0.6796230611666555	-0.01049775408319374	0.035774168199431834	NA	NA	NA	NA	NA
RanDel_chr12-68279283-68279622_2	chr12-68279283-68279622	AGAAGGATAAAATAGTCACC;TGAGGAGATAAAATAACCAG	ClosedChromatinRegion	0.07976694379969122	1.311978551475066	2.0432851007367656	0.29927487834291283	0.2730811324111522	NA	NA	NA	NA	NA
RanDel_chr12-68279283-68279622_3	chr12-68279283-68279622	AGGCCCAACTAAGTACTATG;AGTTCAGAGCATAAGAGAGA	ClosedChromatinRegion	-0.5893987433419232	-0.6891814104360761	-0.2222572706307217	-0.9655586459211685	-0.9174903825274697	NA	NA	NA	NA	NA
RanDel_chr12-68316090-68316886_1	chr12-68316090-68316886	AATACTGTGAGCTGCAATGT;TAGTATATGAGGATGAAGTC	ClosedChromatinRegion	0.8598204650854968	1.142562245359273	1.0547113186535595	-5.34992551069014e-4	1.3235761213660175	NA	NA	NA	NA	NA
RanDel_chr12-68316090-68316886_2	chr12-68316090-68316886	AATACTGTGAGCTGCAATGT;ATTCTGAGGTACCACATGTT	ClosedChromatinRegion	0.44561094563995235	0.18572031739202727	-0.07063568897411555	0.3682256265786233	-0.8527674016796511	NA	NA	NA	NA	NA
RanDel_chr12-68316090-68316886_3	chr12-68316090-68316886	CTGGACCCGAGGCACTGAGT;TAGTATATGAGGATGAAGTC	ClosedChromatinRegion	0.8180206578712044	0.9292985754816245	0.7324201657536548	0.04766924853136685	-0.38403207195706107	NA	NA	NA	NA	NA
RanDel_chr12-68423775-68425129_1	chr12-68423775-68425129	GCACAGCCACATGGACATGT;ATGCTCCTCAATCTACAACG	ClosedChromatinRegion	0.2839752786595904	-0.22472637381859528	-0.5970020303917928	-0.3257029967635177	-0.7337987197415741	NA	NA	NA	NA	NA
RanDel_chr12-68423775-68425129_2	chr12-68423775-68425129	GCACAGCCACATGGACATGT;ATACAGCTATCATGAGTCAA	ClosedChromatinRegion	-0.3739854675544265	-0.01809124929940693	0.5667627905542704	-1.2739449090725201	-1.8998283074773106	NA	NA	NA	NA	NA
RanDel_chr12-68423775-68425129_3	chr12-68423775-68425129	ACACAGCCAAATCATATCAC;ATGCTCCTCAATCTACAACG	ClosedChromatinRegion	3.252580851472302	4.83860480961467	4.193682542477543	3.3978032668614238	3.251436315115524	NA	NA	NA	NA	NA
RanDel_chr12-68275298-68275563_1	chr12-68275298-68275563	AAGTTGGTAGGGTACAGAAT;ATAATGTGACAGTATTAGCA	ClosedChromatinRegion	0.48994382131079145	0.7753058077932414	0.9091378595147882	0.41467377951940904	0.2161237981784405	NA	NA	NA	NA	NA
RanDel_chr12-68275298-68275563_2	chr12-68275298-68275563	AAGTTGGTAGGGTACAGAAT;CAGGTCAGATGGTCAACAGG	ClosedChromatinRegion	-2.102248151791434	-2.0679053891456136	-0.9787780954088872	0.23000964522331938	-1.531530529994423	NA	NA	NA	NA	NA
RanDel_chr12-68275298-68275563_3	chr12-68275298-68275563	ACAGTGATTCAAGAAGATCA;ATAATGTGACAGTATTAGCA	ClosedChromatinRegion	0.33467537297327665	-0.3205370608674842	-0.8982863172991576	0.9463835695447202	-0.2676872860070809	NA	NA	NA	NA	NA
chr12-68072043-68072882_1	chr12-68072043-68072882	ACCGATAGCAAAGATTCCCA;GGAGACCCAGTATTACAAGT	481	-0.40105847068722406	-0.9667841420042963	-0.8963041597665349	1.6834261057900448	-0.18241794369286385	NA	NA	NA	NA	NA
chr12-68072043-68072882_2	chr12-68072043-68072882	AGCACTACTGACCTGCCTCA;GGAGACCCAGTATTACAAGT	481	1.343814845311174	0.9779296423009562	-0.2726862824854066	-0.1169178930767751	0.4856712354484486	NA	NA	NA	NA	NA
chr12-68072043-68072882_3	chr12-68072043-68072882	ACCGATAGCAAAGATTCCCA;AATCTCCTACTTGTAATACT	481	0.41909581003157986	0.504843177816842	0.5453677390497254	-1.246825751387431	-1.6778430341738149	NA	NA	NA	NA	NA
chr12-68072043-68072882_4	chr12-68072043-68072882	AGCACTACTGACCTGCCTCA;AATCTCCTACTTGTAATACT	481	0.19291252591634322	1.2040159757182731	1.822964662102131	-0.209665766356103	-0.9342518624702657	NA	NA	NA	NA	NA
chr12-68072043-68072882_5	chr12-68072043-68072882	ACCGATAGCAAAGATTCCCA;TCAACAGGACCACCAATACT	481	0.4579160163034335	0.34547984371152174	0.2091308263432345	0.13161943134598408	-2.0833694634254645	NA	NA	NA	NA	NA
chr12-68072043-68072882_6	chr12-68072043-68072882	AGCACTACTGACCTGCCTCA;TCAACAGGACCACCAATACT	481	0.7506973246922387	0.6481708378146945	0.3090962417605366	0.5141947841058584	1.621919702794718	NA	NA	NA	NA	NA
chr12-68072043-68072882_7	chr12-68072043-68072882	TACCCCTCACAACATCCCTG;GGAGACCCAGTATTACAAGT	481	-0.9626697963043811	-1.1032004403828775	-0.4869011722736654	1.1735057586358744	0.7372945626152593	NA	NA	NA	NA	NA
chr12-68072043-68072882_8	chr12-68072043-68072882	TACCCCTCACAACATCCCTG;AATCTCCTACTTGTAATACT	481	0.9109193193792426	0.974779988375788	0.6702885805365678	0.6303397372416085	0.8252591318752076	NA	NA	NA	NA	NA
chr12-68072043-68072882_9	chr12-68072043-68072882	TACCCCTCACAACATCCCTG;TCAACAGGACCACCAATACT	481	1.0579774262026846	0.3300826103268082	-1.2009647643782997	-1.0695949453496227	-0.630500740716505	NA	NA	NA	NA	NA
chr12-68072043-68072882_10	chr12-68072043-68072882	GAGCACTACTGACCTGCCTC;GTGTTATTGACACAGTGCAT	481	0.5680175009473117	1.1900334796922933	1.4796063092911256	1.675510827921695	0.6147345655641571	NA	NA	NA	NA	NA
chr12-68085432-68086274_1	chr12-68085432-68086274	TGATCTGGAAGGGAGACTCA;CATAGAAAGGAACCATGTAT	468	-0.7884330402489076	-0.3716423048562655	0.39698928737155215	-0.1580271874958378	-0.2696959371260796	NA	NA	NA	NA	NA
chr12-68085432-68086274_2	chr12-68085432-68086274	ACACAGCATAAAGTAGGAAC;CATAGAAAGGAACCATGTAT	468	-0.24713343760148695	0.23792985550632242	0.8248586506448958	0.7646198696943453	-0.9299699005764498	NA	NA	NA	NA	NA
chr12-68085432-68086274_3	chr12-68085432-68086274	TGATCTGGAAGGGAGACTCA;ATTTAGGGGAACTTAATTGA	468	0.7455585423807389	0.7988592872478779	0.6032730476366818	0.26966004126722054	-0.7669217696051159	NA	NA	NA	NA	NA
chr12-68085432-68086274_4	chr12-68085432-68086274	GCTGGCAGCCTATGGACCAC;CATAGAAAGGAACCATGTAT	468	-0.2841093754860248	-0.044834909880193355	0.4491073614604765	-0.49425103667128545	-0.9454936911702954	NA	NA	NA	NA	NA
chr12-68085432-68086274_5	chr12-68085432-68086274	ACACAGCATAAAGTAGGAAC;ATTTAGGGGAACTTAATTGA	468	-0.19047954396810157	0.36003767529686775	0.9508906793909623	0.6175283636000584	-0.43806675055980165	NA	NA	NA	NA	NA
chr12-68085432-68086274_6	chr12-68085432-68086274	TGATCTGGAAGGGAGACTCA;AATATTCAAATACCTATACA	468	-0.22624939318789794	-1.2667235417567264	-1.7852711732264113	-1.4650785977619174	-1.5079236623392465	NA	NA	NA	NA	NA
chr12-68085432-68086274_7	chr12-68085432-68086274	ACACAGCATAAAGTAGGAAC;AATATTCAAATACCTATACA	468	0.061469934092280944	-0.9990055878009773	-1.8337784977769809	0.02055526208516024	-0.22578110635419715	NA	NA	NA	NA	NA
chr12-68085432-68086274_8	chr12-68085432-68086274	GCTGGCAGCCTATGGACCAC;ATTTAGGGGAACTTAATTGA	468	-0.14525048453134878	-0.4758086461563379	-0.39049298269184274	-0.6098172827287344	0.15257390589046554	NA	NA	NA	NA	NA
chr12-68085432-68086274_9	chr12-68085432-68086274	GCTGGCAGCCTATGGACCAC;AATATTCAAATACCTATACA	468	-0.18654116795363462	-0.08726000291369135	0.290398175753315	1.1541338813969833	0.7400315008309216	NA	NA	NA	NA	NA
chr12-68085432-68086274_10	chr12-68085432-68086274	CAGTTGCAGCTCGAGAGGAG;GCTTATTACTATGACTATAA	468	0.17329265993005125	-0.07712861682942465	-0.13425829930101615	0.02708814444941211	0.0955120276206669	NA	NA	NA	NA	NA
chr12-68091127-68091731_1	chr12-68091127-68091731	GTGATGCTCAAGGCTCATCC;GAAATGTGAAGAGGCTAACC	462	0.10763453821190767	-0.5876813735890378	-1.0098240072290883	-0.2199515385243911	-1.548149575129854	NA	NA	NA	NA	NA
chr12-68091127-68091731_2	chr12-68091127-68091731	GTGATGCTCAAGGCTCATCC;GAAATGGTGACAATAATATA	462	0.5921526003006158	1.1459758668156859	1.386401781357104	1.4737240975656627	0.09246435820099166	NA	NA	NA	NA	NA
chr12-68091127-68091731_3	chr12-68091127-68091731	GTGAGGGAGACTCTGGACAT;GAAATGTGAAGAGGCTAACC	462	1.4038095092777063	0.6167033681123171	-1.6648714876064812	-1.5490340976167434	1.1397125534567463	NA	NA	NA	NA	NA
chr12-68091127-68091731_4	chr12-68091127-68091731	GTGAGGGAGACTCTGGACAT;GAAATGGTGACAATAATATA	462	-0.7010806757122721	-0.5262690348918349	0.1169232160118999	0.5872216506409301	-0.5985278957092481	NA	NA	NA	NA	NA
chr12-68091127-68091731_5	chr12-68091127-68091731	GTGATGCTCAAGGCTCATCC;GGGGTGGGAAGGAATACATT	462	0.51976703700104665	0.39167561331812917	0.19909877248112445	-2.4605719052729853	0.5083980522619289	NA	NA	NA	NA	NA
chr12-68091127-68091731_6	chr12-68091127-68091731	GTGAGGGAGACTCTGGACAT;GGGGTGGGAAGGAATACATT	462	0.36164718071365526	1.6504359251246883	2.303719369583442	0.37076329088610516	0.6771749457420944	NA	NA	NA	NA	NA
chr12-68091127-68091731_7	chr12-68091127-68091731	CTCAAGGCTCATCCAGGCAT;GAAATGTGAAGAGGCTAACC	462	-0.23322609444614392	-0.2822031472350251	0.036072463095720965	-2.301406141266228	-0.6413121359870906	NA	NA	NA	NA	NA
chr12-68091127-68091731_8	chr12-68091127-68091731	CTCAAGGCTCATCCAGGCAT;GAAATGGTGACAATAATATA	462	0.6786489963399783	0.7945726532047422	0.6948936174119225	0.03769874399067068	0.5134733064625165	NA	NA	NA	NA	NA
chr12-68091127-68091731_9	chr12-68091127-68091731	CTCAAGGCTCATCCAGGCAT;GGGGTGGGAAGGAATACATT	462	1.1004059704871554	1.170033310601197	0.7261093376925315	-1.5023339045284816	0.543406051562715	NA	NA	NA	NA	NA
chr12-68091127-68091731_10	chr12-68091127-68091731	GTCAGTACACTGGCCAACGA;GTGCTAAGAGACAGATTGCT	462	0.8405626036050032	2.674114467162629	3.333211905625387	2.4506199695102917	1.7562137826710993	NA	NA	NA	NA	NA
chr12-68092366-68093405_1	chr12-68092366-68093405	GAAATGTGAAGAGGCTAACC;AGGTAGACCAGCTTGCAGAC	461	-0.3749011426758854	-0.9864127059355439	-0.9686448228050379	0.9266163283529303	-0.3679070129536015	NA	NA	NA	NA	NA
chr12-68092366-68093405_2	chr12-68092366-68093405	GAAATGTGAAGAGGCTAACC;ATAATTGTGTACTTACGATC	461	-0.08134385647437702	-0.25959384961555765	-0.10560857904795967	-0.8508574089702055	-0.23884247356820704	NA	NA	NA	NA	NA
chr12-68092366-68093405_3	chr12-68092366-68093405	GGGGTGGGAAGGAATACATT;AGGTAGACCAGCTTGCAGAC	461	0.040058092524016556	-1.1712224277459644	-2.214212911531975	-0.14177197622963525	-0.20372257136558589	NA	NA	NA	NA	NA
chr12-68092366-68093405_4	chr12-68092366-68093405	GGGGTGGGAAGGAATACATT;ATAATTGTGTACTTACGATC	461	0.7817982255751796	0.8583131695413577	0.6572099523269299	-1.913681441569364	0.08045430904374899	NA	NA	NA	NA	NA
chr12-68092366-68093405_5	chr12-68092366-68093405	GAAATGTGAAGAGGCTAACC;CCTAAGTATGAGTTTAACTA	461	0.31778384642049196	0.5938775526367903	0.8153209533920446	0.6193104596438145	0.22553170695971686	NA	NA	NA	NA	NA
chr12-68092366-68093405_6	chr12-68092366-68093405	GGGGTGGGAAGGAATACATT;CCTAAGTATGAGTTTAACTA	461	0.014967166264350441	-0.4872977206036176	-0.6471942602612596	1.3568703528882784	0.5570480765415147	NA	NA	NA	NA	NA
chr12-68092366-68093405_7	chr12-68092366-68093405	GTGCTAAGAGACAGATTGCT;AGGTAGACCAGCTTGCAGAC	461	-1.1842600812362278	-1.8265198033237604	-1.36066014794004	2.0911683990907863	1.2590911539931366	NA	NA	NA	NA	NA
chr12-68092366-68093405_8	chr12-68092366-68093405	GTGCTAAGAGACAGATTGCT;ATAATTGTGTACTTACGATC	461	0.6628000880520929	0.323198657425798	-0.18667066398905477	-0.7783908098419565	-0.4162641824490872	NA	NA	NA	NA	NA
chr12-68092366-68093405_9	chr12-68092366-68093405	GTGCTAAGAGACAGATTGCT;CCTAAGTATGAGTTTAACTA	461	-0.27586461759392955	-0.05250274293500282	0.4301623330771797	0.6717709927887185	0.70964409314135235	NA	NA	NA	NA	NA
chr12-68092366-68093405_10	chr12-68092366-68093405	GTGCATGTTGAAAGAAGTGT;CAAGTGCATACTATGTGCAG	461	0.43974022226037673	-0.2050492451145153	-0.8689958647712787	0.46677851838693635	-1.4049652780753021	NA	NA	NA	NA	NA
chr12-68153579-68153816_1	chr12-68153579-68153816	AGGTAGTTAAGGCAAGACAC;ATAATGGATATCTGGAGCTC	400	0.3227211328976906	0.6984678336936232	0.9749610592706186	0.8853406526930104	0.07118476137794166	NA	NA	NA	NA	NA
chr12-68153579-68153816_2	chr12-68153579-68153816	AGGTAGTTAAGGCAAGACAC;TATAGGCATAACAGAAGTCT	400	-0.05568385311225175	0.4851980738189818	1.0167478989627439	0.8417334183281604	0.4856712354484486	NA	NA	NA	NA	NA
chr12-68153579-68153816_3	chr12-68153579-68153816	AGGTAGTTAAGGCAAGACAC;CCTGGACTCAGCCTCATAGT	400	0.5216282950752135	1.0238081215186134	1.2708502944276585	1.2558665752185274	0.29831494450061286	NA	NA	NA	NA	NA
chr12-68153579-68153816_4	chr12-68153579-68153816	CATGGGGCAGTGGATTATGG;ATAATGGATATCTGGAGCTC	400	0.051161563495211795	-0.43551511281070915	-0.6077421592643019	-2.003837625648048	0.7659975669162069	NA	NA	NA	NA	NA
chr12-68153579-68153816_5	chr12-68153579-68153816	CACCACCTAACATTACATGA;ATAATGGATATCTGGAGCTC	400	0.4265643903046115	0.02874426455124791	-0.345937930511569	-1.9333941278906437	-1.1554288212063342	NA	NA	NA	NA	NA
chr12-68153579-68153816_6	chr12-68153579-68153816	CATGGGGCAGTGGATTATGG;TATAGGCATAACAGAAGTCT	400	-0.3646343627710416	-0.6536657989714564	-0.4112878754645124	0.5058799915387965	-0.8435125098755747	NA	NA	NA	NA	NA
chr12-68153579-68153816_7	chr12-68153579-68153816	CACCACCTAACATTACATGA;TATAGGCATAACAGAAGTCT	400	-0.01755756171774702	-0.389563808414924	-0.41732657486043523	0.20344950215486582	0.38679481499646606	NA	NA	NA	NA	NA
chr12-68153579-68153816_8	chr12-68153579-68153816	CATGGGGCAGTGGATTATGG;CCTGGACTCAGCCTCATAGT	400	0.5926675486324707	-3.621190137664665e-4	-0.7481645581408336	-2.299481378862967	0.3092197084783475	NA	NA	NA	NA	NA
chr12-68153579-68153816_9	chr12-68153579-68153816	CACCACCTAACATTACATGA;CCTGGACTCAGCCTCATAGT	400	1.2339150424421255	1.0114675175771854	0.10459249613262467	1.224658633212083	0.23063136909512014	NA	NA	NA	NA	NA
chr12-68153579-68153816_10	chr12-68153579-68153816	AAGTAAGAAACCAGTCAGGC;GGTCACGAGGCAAAGAACCC	400	-1.0930331036602765	-0.7512189159916283	0.10006512984368494	-0.7975416768671919	-1.8010378293574443	NA	NA	NA	NA	NA
chr12-68197187-68198475_1	chr12-68197187-68198475	ATAGGGCAGAACTGTTTCAT;ATAGTGCAGAGATCACTGCA	356	-0.9865238828589524	0.4012629335167513	1.4761435582068874	1.2987598396498643	0.043308484086601304	NA	NA	NA	NA	NA
chr12-68197187-68198475_2	chr12-68197187-68198475	ATAGGGCAGAACTGTTTCAT;ATCCTACAAGTATTAATGCA	356	0.48949601366986856	-0.18334316749430385	-0.9322511301140276	-2.0062783457962023	-0.6818990418231067	NA	NA	NA	NA	NA
chr12-68197187-68198475_3	chr12-68197187-68198475	GAGCCCAGGTGGTGCATCGT;ATAGTGCAGAGATCACTGCA	356	1.1913806412123442	0.3626189476946598	-1.6177855932128322	2.6139446540276787	0.10616901093039584	NA	NA	NA	NA	NA
chr12-68197187-68198475_4	chr12-68197187-68198475	ATAGGGCAGAACTGTTTCAT;GGAACTGTGAAAGTGAAGTG	356	-0.10979585112918926	0.12038958179915134	0.5298697722997893	-0.2794342974147906	0.5813639662957836	NA	NA	NA	NA	NA
chr12-68197187-68198475_5	chr12-68197187-68198475	ACTCCTACGATGCACCACCT;ATAGTGCAGAGATCACTGCA	356	-0.6356566647155543	-0.9049704264384276	-0.5067137228671925	-0.025073825668810504	1.9948908411491255	NA	NA	NA	NA	NA
chr12-68197187-68198475_6	chr12-68197187-68198475	GAGCCCAGGTGGTGCATCGT;ATCCTACAAGTATTAATGCA	356	0.3435966305845476	1.361952511802735	1.9267710359645525	-0.35861921981909345	-0.16472706314574906	NA	NA	NA	NA	NA
chr12-68197187-68198475_7	chr12-68197187-68198475	ACTCCTACGATGCACCACCT;ATCCTACAAGTATTAATGCA	356	-2.0462189671889974	0.02240561420078144	1.3999697444745682	0.2229510171533971	0.8621633306907857	NA	NA	NA	NA	NA
chr12-68197187-68198475_8	chr12-68197187-68198475	GAGCCCAGGTGGTGCATCGT;GGAACTGTGAAAGTGAAGTG	356	-0.31224211747237357	-0.5709467707796851	-0.3383639427496468	-0.443855837796125	1.347928946455453	NA	NA	NA	NA	NA
chr12-68197187-68198475_9	chr12-68197187-68198475	ACTCCTACGATGCACCACCT;GGAACTGTGAAAGTGAAGTG	356	0.2507545251418814	0.1872816210085332	0.22321111721256393	-0.2910478500016914	-1.1912067864881815	NA	NA	NA	NA	NA
chr12-68197187-68198475_10	chr12-68197187-68198475	GCTTCCCAGAGCACAGAATA;GAAAACACAAGATTCACGAG	356	0.6874851538379788	0.20202276711779818	-0.5013134072952776	0.5795412853602006	-0.3707418104544522	NA	NA	NA	NA	NA
chr12-68221200-68222302_1	chr12-68221200-68222302	GAGGGACCTCAGAAATGGGT;GATAAGTGTATGCAGGCATT	332	0.3574184750813523	0.5886910644111849	0.7614721047197694	1.9600449827592268	-0.11031880009591259	NA	NA	NA	NA	NA
chr12-68221200-68222302_2	chr12-68221200-68222302	AGGATGTAGAATGATCTAAT;GATAAGTGTATGCAGGCATT	332	0.6251232842492428	0.3801143211387989	1.5454700716700264e-4	-1.5276079557366404	0.3461031228693701	NA	NA	NA	NA	NA
chr12-68221200-68222302_3	chr12-68221200-68222302	ACAGTGTTAAGGCCAATATT;GATAAGTGTATGCAGGCATT	332	0.6236620437393087	1.28975099534565	1.5757483453282033	0.10935842025962336	-0.5653690415221362	NA	NA	NA	NA	NA
chr12-68221200-68222302_4	chr12-68221200-68222302	GAGGGACCTCAGAAATGGGT;GGCTTCTGATAAGTGTATGC	332	1.2261706459787167	1.4283048456825953	1.0156436256431292	1.0832302500313415	-0.3058363348625621	NA	NA	NA	NA	NA
chr12-68221200-68222302_5	chr12-68221200-68222302	GAGGGACCTCAGAAATGGGT;AATACAAGTGAAGTAACTCC	332	0.9048534303508743	2.1365495379195183	2.563816527228431	-0.7400750790210828	-0.6559241007603235	NA	NA	NA	NA	NA
chr12-68221200-68222302_6	chr12-68221200-68222302	AGGATGTAGAATGATCTAAT;GGCTTCTGATAAGTGTATGC	332	0.9653296278240235	1.1698114420271712	0.9495510947058137	1.183770069321999	0.29952918967624387	NA	NA	NA	NA	NA
chr12-68221200-68222302_7	chr12-68221200-68222302	ACAGTGTTAAGGCCAATATT;GGCTTCTGATAAGTGTATGC	332	-0.32906738565195287	0.21853620678048577	0.8629135011528042	-0.393265192246103	-0.3723867590565748	NA	NA	NA	NA	NA
chr12-68221200-68222302_8	chr12-68221200-68222302	AGGATGTAGAATGATCTAAT;AATACAAGTGAAGTAACTCC	332	0.5585671765132482	0.009914680516935113	-0.6484512506288589	-0.2609742614281094	0.37992697551990173	NA	NA	NA	NA	NA
chr12-68221200-68222302_9	chr12-68221200-68222302	ACAGTGTTAAGGCCAATATT;AATACAAGTGAAGTAACTCC	332	0.083693878801954	-0.4041387977433735	-0.60122126644768	-0.9182527681764542	0.8902516420912652	NA	NA	NA	NA	NA
chr12-68221200-68222302_10	chr12-68221200-68222302	TGATCTAATGGGAAGAGTGC;GTTGCCAAGAAGCCAACAAG	332	-1.4269072559163085	-1.3629659161796874	-0.48598657852882404	-1.0735145999681959	0.7327618437828108	NA	NA	NA	NA	NA
chr12-68294100-68294744_1	chr12-68294100-68294744	ACTAGGGAGTGCCAGACTGT;GGGCACACTGACACCTCACA	259	0.13791465139792947	-1.8373755985314892	-5.341169834171129	1.0526309633946405	0.7109666928932001	NA	NA	NA	NA	NA
chr12-68294100-68294744_2	chr12-68294100-68294744	ACTAGGGAGTGCCAGACTGT;CAGGAGCCGATGCGATCAAC	259	-1.5778958655873363	-0.5330023425070947	0.6285797077660127	3.977185074861574	0.6534086970807511	NA	NA	NA	NA	NA
chr12-68294100-68294744_3	chr12-68294100-68294744	GTACCAGGTTCATCTCACTA;GGGCACACTGACACCTCACA	259	-3.850542808338038	-1.3805908926095452	0.28520783663271	2.858769112716084	0.602895980982982	NA	NA	NA	NA	NA
chr12-68294100-68294744_4	chr12-68294100-68294744	GTACCAGGTTCATCTCACTA;CAGGAGCCGATGCGATCAAC	259	-2.5836778600644785	-6.780003691959681	-16.258982135830877	-0.4674095377632233	2.229657173187554	NA	NA	NA	NA	NA
chr12-68294100-68294744_5	chr12-68294100-68294744	ACTAGGGAGTGCCAGACTGT;GAGCACCTCTCCTCCTCCAA	259	-10.502404423021169	-0.204463560166421	1.5985478929071006	-4.167255258601814	-0.17290261525138412	NA	NA	NA	NA	NA
chr12-68294100-68294744_6	chr12-68294100-68294744	GTACCAGGTTCATCTCACTA;GAGCACCTCTCCTCCTCCAA	259	-0.4203608622912235	0.6868256594787794	1.5426777097557232	-5.357946811933259	-1.6194143752094914	NA	NA	NA	NA	NA
chr12-68294100-68294744_7	chr12-68294100-68294744	ACTGACCTGTGCCCACAGTC;GGGCACACTGACACCTCACA	259	1.201431060034081	0.64291680352313	-0.7629081757199027	0.646807765642486	0.08078561086104791	NA	NA	NA	NA	NA
chr12-68294100-68294744_8	chr12-68294100-68294744	ACTGACCTGTGCCCACAGTC;CAGGAGCCGATGCGATCAAC	259	-1.7826310125048284	-1.3966538044173142	-0.31503105044504415	-0.8549179801664807	-5.159705389807713	NA	NA	NA	NA	NA
chr12-68294100-68294744_9	chr12-68294100-68294744	ACTGACCTGTGCCCACAGTC;GAGCACCTCTCCTCCTCCAA	259	-0.29592151938963046	-0.6181153014251566	-0.43673939744326024	-0.2159323995049365	-0.03750207962261988	NA	NA	NA	NA	NA
chr12-68294100-68294744_10	chr12-68294100-68294744	GCGTGAGCAACGCAGAAGAC;TTGGAATACCCTGCCGTGTG	259	-1.7741216677367444	-1.3273120221201546	-0.23387608967458376	0.1317329921781877	1.9165267843718394	NA	NA	NA	NA	NA
chr12-68336891-68337533_1	chr12-68336891-68337533	AGTCTGTCAAACGTGACCGC;GGATGGAGTCATTACTGAGT	216	1.0495152563959176	1.326907117887989	1.1097322835676782	0.4030579525644257	0.4476656471739788	NA	NA	NA	NA	NA
chr12-68336891-68337533_2	chr12-68336891-68337533	AGTCTGTCAAACGTGACCGC;ATAGACAGGGATGAAAGAAC	216	-0.24034933367347203	0.9656505947030574	1.7922251619557763	0.28726852541071596	-1.1284062843884186	NA	NA	NA	NA	NA
chr12-68336891-68337533_3	chr12-68336891-68337533	AAAGATATTCCACTAAGAAT;GGATGGAGTCATTACTGAGT	216	1.0810487195358889	1.378686845213843	1.1567607248330838	1.0617074987216786	0.14932930464373737	NA	NA	NA	NA	NA
chr12-68336891-68337533_4	chr12-68336891-68337533	AGTCTGTCAAACGTGACCGC;AGAGACAAGATCAGCAATGA	216	0.6018471509274991	0.6229811302801911	0.49866764289909493	-0.898855769920323	-0.06032670561135545	NA	NA	NA	NA	NA
chr12-68336891-68337533_5	chr12-68336891-68337533	AAAGATATTCCACTAAGAAT;ATAGACAGGGATGAAAGAAC	216	-0.5089073875796492	0.17866329471720618	0.9392004579232235	0.46523262579765035	0.8158483150445026	NA	NA	NA	NA	NA
chr12-68336891-68337533_6	chr12-68336891-68337533	AAAGATATTCCACTAAGAAT;AGAGACAAGATCAGCAATGA	216	1.3067338610164654	0.9176228159734249	-0.3256971791196945	-1.5294862504149558	0.2107460885225376	NA	NA	NA	NA	NA
chr12-68336891-68337533_7	chr12-68336891-68337533	GCTACTTATAGCTCTTCTAG;GGATGGAGTCATTACTGAGT	216	0.0808116752492941	-0.7147427968934745	-1.2256849044184177	0.8373196765224696	-1.1046417299889613	NA	NA	NA	NA	NA
chr12-68336891-68337533_8	chr12-68336891-68337533	GCTACTTATAGCTCTTCTAG;ATAGACAGGGATGAAAGAAC	216	0.3124887534180793	-0.1460649402785668	-0.4905164442495598	0.5942957602485875	0.08029705135500233	NA	NA	NA	NA	NA
chr12-68336891-68337533_9	chr12-68336891-68337533	GCTACTTATAGCTCTTCTAG;AGAGACAAGATCAGCAATGA	216	-1.0853649408152215	-0.058234994016598186	0.9717632627634356	1.1949125984683924	0.20505369263739792	NA	NA	NA	NA	NA
chr12-68336891-68337533_10	chr12-68336891-68337533	CAGGTAGTTCAGGTTAAAAC;AGAGAAGGAATGAGAACCAG	216	0.13387805334274536	-1.0487018183583938	-2.160613474232802	-2.1424651750188417	-2.797069466586632	NA	NA	NA	NA	NA
chr12-68382821-68383631_1	chr12-68382821-68383631	AAGGCACTGAGATACTCCCT;AAGACCTATGATATGTGACA	170	-0.10088437240235748	0.49684123979932193	1.070860532963173	1.80886588030126	1.1512121255266519	NA	NA	NA	NA	NA
chr12-68382821-68383631_2	chr12-68382821-68383631	ACAGCCAAGAGTGTATTTAC;AAGACCTATGATATGTGACA	170	0.21492538039939527	0.5750302031559991	0.8965430598754873	-1.71729537170093	0.16059320578709274	NA	NA	NA	NA	NA
chr12-68382821-68383631_3	chr12-68382821-68383631	GTTTAGAGTACCTCATACAG;AAGACCTATGATATGTGACA	170	-0.4090997375796587	-0.26953821844687126	0.23295759796390889	0.11112072736658438	1.1066109575981926	NA	NA	NA	NA	NA
chr12-68382821-68383631_4	chr12-68382821-68383631	AAGGCACTGAGATACTCCCT;AGTGCCATGTCACATATCAT	170	-0.3264359369533691	-0.7270412660869463	-0.5817578447449564	0.5445213657978039	-1.2179255245666685	NA	NA	NA	NA	NA
chr12-68382821-68383631_5	chr12-68382821-68383631	AAGGCACTGAGATACTCCCT;AAAACTGAGTACGGCGCCCA	170	-0.7639608239734552	-0.4614506327827448	0.2569035774173995	-0.8004275245438754	0.3876453429966649	NA	NA	NA	NA	NA
chr12-68382821-68383631_6	chr12-68382821-68383631	ACAGCCAAGAGTGTATTTAC;AGTGCCATGTCACATATCAT	170	0.13669120435362322	0.7804628552189534	1.2758108663850787	0.8483202294546315	-0.35314286665673295	NA	NA	NA	NA	NA
chr12-68382821-68383631_7	chr12-68382821-68383631	ACAGCCAAGAGTGTATTTAC;AAAACTGAGTACGGCGCCCA	170	-0.4327293765508929	-0.6281620789257194	-0.29167213190536345	0.7672379629647373	-0.4407753806551516	NA	NA	NA	NA	NA
chr12-68382821-68383631_8	chr12-68382821-68383631	GTTTAGAGTACCTCATACAG;AGTGCCATGTCACATATCAT	170	0.9322112627662023	1.7119759877567926	1.9075440609985777	1.7043161488117453	0.18138944995214354	NA	NA	NA	NA	NA
chr12-68382821-68383631_9	chr12-68382821-68383631	GTTTAGAGTACCTCATACAG;AAAACTGAGTACGGCGCCCA	170	0.17736013956808214	1.240678370877869	1.8837062591907536	-0.5349366780081983	0.007496040834810873	NA	NA	NA	NA	NA
chr12-68382821-68383631_10	chr12-68382821-68383631	GGTGACATTAGTGGCTAATT;ATAATTACTGCTAACACTAC	170	0.5461304286813006	1.68969913977192	2.224262954094052	-0.2656104520591693	-0.9377902653917549	NA	NA	NA	NA	NA
chr12-68384178-68385532_1	chr12-68384178-68385532	AAGACCTATGATATGTGACA;AAGGTCACAGAGCTAAGAGA	169	1.0352282438682108	1.339376874613619	1.1538434177141306	1.526749814242911	1.8768810379227963	NA	NA	NA	NA	NA
chr12-68384178-68385532_2	chr12-68384178-68385532	GAGCTCAGAGAGGATTTATA;AAGGTCACAGAGCTAAGAGA	169	0.44652345408250954	0.6542974717847212	0.7621994729559811	1.062793671838566	0.08109178295624944	NA	NA	NA	NA	NA
chr12-68384178-68385532_3	chr12-68384178-68385532	TAACCTACAATGGTCAGAAC;AAGGTCACAGAGCTAAGAGA	169	0.3488354474339724	0.03505219452010835	-0.19898854300504717	0.7639370327906208	2.021362538239836	NA	NA	NA	NA	NA
chr12-68384178-68385532_5	chr12-68384178-68385532	AAGACCTATGATATGTGACA;GTCCCTAGATGTTATATGAA	169	0.6924127906784745	0.14674304278246947	-0.6391392032744027	-0.4646100082348234	-0.4091448962625372	NA	NA	NA	NA	NA
chr12-68384178-68385532_7	chr12-68384178-68385532	GAGCTCAGAGAGGATTTATA;GTCCCTAGATGTTATATGAA	169	0.4243809838027592	0.05861693402035448	-0.2823044989705937	0.14287964880687976	0.0146201543144469	NA	NA	NA	NA	NA
chr12-68384178-68385532_9	chr12-68384178-68385532	TAACCTACAATGGTCAGAAC;GTCCCTAGATGTTATATGAA	169	0.12701375634942305	0.6354470873061804	1.0732833321993411	0.07238983602321057	-0.42884175700644606	NA	NA	NA	NA	NA
chr12-68384178-68385532_10	chr12-68384178-68385532	AGTGCCATGTCACATATCAT;ATACCATTCATATAACATCT	169	0.3754964575845233	0.523593404164263	0.6325911261295651	-1.8218906562695276	-0.4654304034480215	NA	NA	NA	NA	NA
chr12-68392183-68392448_1	chr12-68392183-68392448	CAGAAGATACACCTCCGATA;AGAGAAATGAGTTACTAGTA	161	-0.5502492727511957	0.41694430118348313	1.2754001736685363	-0.750418945953429	-0.6578039824889867	NA	NA	NA	NA	NA
chr12-68392183-68392448_2	chr12-68392183-68392448	CAGAAGATACACCTCCGATA;AATGAGTTACTAGTAAGGAA	161	0.3015024601001949	0.8428299783818916	1.217218193894901	-1.526190180910801	-0.24181207939408755	NA	NA	NA	NA	NA
chr12-68392183-68392448_3	chr12-68392183-68392448	AGTGGTACAAGCTTTATAGA;AGAGAAATGAGTTACTAGTA	161	-0.8272941914266101	-0.7441380954994545	-0.08755242266508383	0.19533089989642835	-1.9424679023822973	NA	NA	NA	NA	NA
chr12-68392183-68392448_4	chr12-68392183-68392448	AGTGGTACAAGCTTTATAGA;AATGAGTTACTAGTAAGGAA	161	0.9512663130126771	0.7764932670693603	0.19876669788765816	0.10958059700945574	-0.30815864701131424	NA	NA	NA	NA	NA
chr12-68392183-68392448_5	chr12-68392183-68392448	CAGAAGATACACCTCCGATA;AATTACAAACCACACTGAAG	161	0.8783875641512516	1.2229924257098599	1.1695527480747887	-0.5607460683382198	0.48856135739771267	NA	NA	NA	NA	NA
chr12-68392183-68392448_6	chr12-68392183-68392448	AAGTGGTACAAGCTTTATAG;AGAGAAATGAGTTACTAGTA	161	0.03345534299869667	-0.30285140959195267	-0.33591346888403806	-1.9104598829107975	0.40900535545082406	NA	NA	NA	NA	NA
chr12-68392183-68392448_7	chr12-68392183-68392448	AAGTGGTACAAGCTTTATAG;AATGAGTTACTAGTAAGGAA	161	-0.5499369881621112	-0.4985664440660234	0.025070424706187637	-1.0051368686056867	-0.6743761226806133	NA	NA	NA	NA	NA
chr12-68392183-68392448_8	chr12-68392183-68392448	AGTGGTACAAGCTTTATAGA;AATTACAAACCACACTGAAG	161	0.9960927912907468	1.3799260603261359	1.2820428850512897	0.7261379098288485	0.9545643348275168	NA	NA	NA	NA	NA
chr12-68392183-68392448_9	chr12-68392183-68392448	AAGTGGTACAAGCTTTATAG;AATTACAAACCACACTGAAG	161	0.23852318958401078	0.4353649384040877	0.6512728539678369	-1.8620175678828232	-0.7283487301733066	NA	NA	NA	NA	NA
chr12-68392183-68392448_10	chr12-68392183-68392448	TTATCGGAGGTGTATCTTCT;ACATGTATATAATAATACAT	161	-2.560819707734421	-2.273368330069527	-1.001069543529392	-0.7206451693255345	1.1825783786761142	NA	NA	NA	NA	NA
chr12-68394911-68395826_1	chr12-68394911-68395826	GATGCCAGGCCTTTATACCT;AACCGGCAAATGCACATGGT	158	1.0439918779788346	1.2057484142506099	0.8922670124379852	0.20040292063950602	1.771934177606428	NA	NA	NA	NA	NA
chr12-68394911-68395826_2	chr12-68394911-68395826	GATGCCAGGCCTTTATACCT;GTGAACCTCTCTCTAAAACA	158	1.8476578410587863	2.286128721534688	1.6095029922561568	1.5890199693898448	0.25484574998283804	NA	NA	NA	NA	NA
chr12-68394911-68395826_3	chr12-68394911-68395826	GATGCCAGGCCTTTATACCT;AAAGGGTAAGGGGCTTACGT	158	0.20537256547046404	-0.10076437670227024	-0.22544888555376277	1.0110704807531214	-0.6947416827690639	NA	NA	NA	NA	NA
chr12-68394911-68395826_4	chr12-68394911-68395826	ATCCTTACTCTATAAAGGAT;AACCGGCAAATGCACATGGT	158	0.34886421090979847	0.33756626438469406	0.3510441509486909	1.1658691860573613	0.3715998101964572	NA	NA	NA	NA	NA
chr12-68394911-68395826_5	chr12-68394911-68395826	AAAACAATGGGTCAGAGCAA;AACCGGCAAATGCACATGGT	158	0.27532705452200024	0.02513284545404052	-0.10082049515890003	1.0193807423705346	0.766565562315227	NA	NA	NA	NA	NA
chr12-68394911-68395826_6	chr12-68394911-68395826	ATCCTTACTCTATAAAGGAT;GTGAACCTCTCTCTAAAACA	158	-0.6716418242430905	-1.9543129823923435	-2.3509491072149364	-0.31225239459135534	-0.8800590554792922	NA	NA	NA	NA	NA
chr12-68394911-68395826_7	chr12-68394911-68395826	ATCCTTACTCTATAAAGGAT;AAAGGGTAAGGGGCTTACGT	158	0.8654856188380913	0.9774902425102522	0.7482001769605796	-2.525099988333621	-1.8135138733882532	NA	NA	NA	NA	NA
chr12-68394911-68395826_8	chr12-68394911-68395826	AAAACAATGGGTCAGAGCAA;GTGAACCTCTCTCTAAAACA	158	-0.4270301380486943	-0.18304846726649307	0.3754757280799043	0.9450224848793407	-0.13683499144549338	NA	NA	NA	NA	NA
chr12-68394911-68395826_9	chr12-68394911-68395826	AAAACAATGGGTCAGAGCAA;AAAGGGTAAGGGGCTTACGT	158	0.4170727332453176	0.05723818254767895	-0.2721273784463211	0.9556548200708154	-0.6797927163999348	NA	NA	NA	NA	NA
chr12-68394911-68395826_10	chr12-68394911-68395826	AGAGACAAGGCCTTGTTCCG;AGATAAAGATTGCATTAACC	158	0.8002242810277537	0.833828812323109	0.5827016522912442	0.24688046929061266	0.7837949773042456	NA	NA	NA	NA	NA
chr12-68404581-68406918_1	chr12-68404581-68406918	AAGCCACATGAATATATCCA;AATATGGCACTCCAAGAGGG	148	0.4073994692622978	0.05438704789255202	-0.2608109264133654	-0.3521830273876894	0.09072849258671994	NA	NA	NA	NA	NA
chr12-68404581-68406918_2	chr12-68404581-68406918	ATGTTATGAGATGCTTACCG;AATATGGCACTCCAAGAGGG	148	0.5664232348943741	0.46463591955561384	0.26182989037310617	0.6283059402522518	0.6801978213169791	NA	NA	NA	NA	NA
chr12-68404581-68406918_3	chr12-68404581-68406918	AAGCCACATGAATATATCCA;GTGTAACTGCTGCCAGAGGA	148	-0.42251838928327895	-0.016966816413146436	0.6082020608588563	-1.1562608976993107	-1.0270192925597503	NA	NA	NA	NA	NA
chr12-68404581-68406918_4	chr12-68404581-68406918	AAGCCACATGAATATATCCA;GAAGGTATTAATAGATCAGT	148	-0.4242803891530978	-0.43239885643975967	0.0033970983429621256	0.186114209651661	0.13150177041871478	NA	NA	NA	NA	NA
chr12-68404581-68406918_5	chr12-68404581-68406918	ATGTTATGAGATGCTTACCG;GTGTAACTGCTGCCAGAGGA	148	-0.281818444143269	-0.03844130515458247	0.4564190621995843	0.38334855814160285	-0.47106355702021657	NA	NA	NA	NA	NA
chr12-68404581-68406918_6	chr12-68404581-68406918	ATGTTATGAGATGCTTACCG;GAAGGTATTAATAGATCAGT	148	-0.190941883017694	0.1214527995858604	0.60840023982297875	0.16609193696059188	0.11750679773857446	NA	NA	NA	NA	NA
chr12-68404581-68406918_7	chr12-68404581-68406918	TAGGGATGTACTCCGCAAAC;AATATGGCACTCCAAGAGGG	148	0.10019103280596146	0.39648894584211103	0.7398229357198124	0.1636047868913602	-0.6168269022396523	NA	NA	NA	NA	NA
chr12-68404581-68406918_8	chr12-68404581-68406918	TAGGGATGTACTCCGCAAAC;GTGTAACTGCTGCCAGAGGA	148	-0.15832683834667918	0.2723340000796941	0.7990477454654615	-0.9135217307622043	0.08641426809483266	NA	NA	NA	NA	NA
chr12-68404581-68406918_9	chr12-68404581-68406918	TAGGGATGTACTCCGCAAAC;GAAGGTATTAATAGATCAGT	148	1.0446635824113417	0.006607444667880894	-2.263653314927879	1.2651599080425775	0.7598954628924949	NA	NA	NA	NA	NA
chr12-68404581-68406918_10	chr12-68404581-68406918	CATGTGCTCAATTTACAAAG;ACCTCCACCAATGCATTGAG	148	0.28906400695250933	0.4727639534284675	0.6532159440314241	0.5948826273796942	0.42677612818418575	NA	NA	NA	NA	NA
chr12-68412220-68412675_1	chr12-68412220-68412675	AACCCATGTGGTAAATTCTA;GATTTAGACCCAGATCTGCT	141	0.7822980018923423	1.050107378400512	0.9998356382724487	0.42711579225383906	-1.145096889803914	NA	NA	NA	NA	NA
chr12-68412220-68412675_2	chr12-68412220-68412675	AACAGTGAGCCCATGCAAGC;GATTTAGACCCAGATCTGCT	141	0.790963916931534	1.154239458891195	1.167030400691607	0.9588729997988461	0.7356796357486612	NA	NA	NA	NA	NA
chr12-68412220-68412675_3	chr12-68412220-68412675	AGAGATAGCTTTCCTCTGAC;GATTTAGACCCAGATCTGCT	141	-0.26680841225143365	0.05177342845548364	0.5748597490451365	-1.3396084905710304	-0.2787983278383712	NA	NA	NA	NA	NA
chr12-68412220-68412675_4	chr12-68412220-68412675	AACCCATGTGGTAAATTCTA;TCAATAAGTTGATACATGCG	141	1.5745451203969534	1.9073200748436814	1.3479328388915472	0.5211415996515302	-0.3309329983952751	NA	NA	NA	NA	NA
chr12-68412220-68412675_5	chr12-68412220-68412675	AACCCATGTGGTAAATTCTA;ACCTCCTGCACACTTTATGG	141	1.1580847888317236	1.742820851573344	1.691446048253261	-0.1762752245131786	0.05231685655946522	NA	NA	NA	NA	NA
chr12-68412220-68412675_6	chr12-68412220-68412675	AACAGTGAGCCCATGCAAGC;TCAATAAGTTGATACATGCG	141	0.08488922796672711	-0.49706457980023183	-0.783908764627635	-0.2401710890487191	-0.7198029767849555	NA	NA	NA	NA	NA
chr12-68412220-68412675_7	chr12-68412220-68412675	AACAGTGAGCCCATGCAAGC;ACCTCCTGCACACTTTATGG	141	0.38031973371217137	0.06519588138513278	-0.1934777114454937	0.8961636291267976	-1.39910103477776	NA	NA	NA	NA	NA
chr12-68412220-68412675_8	chr12-68412220-68412675	AGAGATAGCTTTCCTCTGAC;TCAATAAGTTGATACATGCG	141	1.6999673043381465	1.1399688095353544	-1.0937938653784982	-2.1960087514236184	0.6644129917348013	NA	NA	NA	NA	NA
chr12-68412220-68412675_9	chr12-68412220-68412675	AGAGATAGCTTTCCTCTGAC;ACCTCCTGCACACTTTATGG	141	0.5788468884206753	-0.24671315376429742	-1.3159436445005956	0.2223919875566227	0.6451111752506286	NA	NA	NA	NA	NA
chr12-68412220-68412675_10	chr12-68412220-68412675	TCAAGCTACAACAACAGACT;TCGAGGCAAATGGACACAAC	141	0.5669420451031775	-0.28411185809938005	-1.3802592682713024	-0.3241609698317602	0.7855506606461562	NA	NA	NA	NA	NA
chr12-68425793-68426589_1	chr12-68425793-68426589	GGTAGGTATGATGTGCTGAT;AAATTGAGAAAGGTAGAATT	127	0.5114903931839289	0.2541867504283407	-0.0493299341870014	-0.16973124720169108	-0.934971758428765	NA	NA	NA	NA	NA
chr12-68425793-68426589_2	chr12-68425793-68426589	AGCCCAAGGAATAAGCATGT;AAATTGAGAAAGGTAGAATT	127	1.2021367925612059	1.0335699178204396	0.23035509733937423	-0.23567627315581877	-0.3783335502120991	NA	NA	NA	NA	NA
chr12-68425793-68426589_3	chr12-68425793-68426589	ATGCTCCTCAATCTACAACG;AAATTGAGAAAGGTAGAATT	127	0.9048673824199375	1.2586270627185558	1.1955001026159058	-0.5397678920840929	-0.09082931134248555	NA	NA	NA	NA	NA
chr12-68425793-68426589_4	chr12-68425793-68426589	GGTAGGTATGATGTGCTGAT;ATTCACCCCAAAATAGGAGT	127	0.32105799964097675	0.5601183934378935	0.7574485324736907	-0.06702897907721307	0.3960794209290576	NA	NA	NA	NA	NA
chr12-68425793-68426589_5	chr12-68425793-68426589	AGCCCAAGGAATAAGCATGT;ATTCACCCCAAAATAGGAGT	127	0.21118535997177534	0.08283907105234331	0.09556996003822041	-0.1158346176611778	1.2471050381668027	NA	NA	NA	NA	NA
chr12-68425793-68426589_6	chr12-68425793-68426589	ATGCTCCTCAATCTACAACG;ATTCACCCCAAAATAGGAGT	127	0.3535926455255733	1.260203745110929	1.7771400485524818	2.2191642768210276	1.594623567842608	NA	NA	NA	NA	NA
chr12-68425793-68426589_7	chr12-68425793-68426589	GGTAGGTATGATGTGCTGAT;GCTCTTAAAACTGTCTGTAA	127	-0.03329306647430437	-0.2842191669933529	-0.20986740786867558	-0.9335443393787016	0.9654792656987791	NA	NA	NA	NA	NA
chr12-68425793-68426589_8	chr12-68425793-68426589	AGCCCAAGGAATAAGCATGT;GCTCTTAAAACTGTCTGTAA	127	0.42968905448155037	0.9793252085573095	1.2974509510567334	1.1313084103711282	0.47655094639720874	NA	NA	NA	NA	NA
chr12-68425793-68426589_9	chr12-68425793-68426589	ATGCTCCTCAATCTACAACG;GCTCTTAAAACTGTCTGTAA	127	1.0698838052424575	0.8585877339002445	0.12964821433152157	1.915305730674763	0.47035069313781797	NA	NA	NA	NA	NA
chr12-68425793-68426589_10	chr12-68425793-68426589	TAGCCCAAGGAATAAGCATG;AATTGGTATGGGAGATTGCC	127	0.9999054630155976	1.848617475939817	2.04859151937877	0.637051882532968	0.022072969038661978	NA	NA	NA	NA	NA
chr12-68430366-68431765_1	chr12-68430366-68431765	GGAGAGGGTTGTAGAAACAA;ATGGCTCTTAAACTAATGCA	122	-0.3792639947626023	-1.0476366244195734	-1.0731683662786826	0.3416014016319841	-0.3568389806215814	NA	NA	NA	NA	NA
chr12-68430366-68431765_2	chr12-68430366-68431765	TGTGATAGTAGTGGATATGG;ATGGCTCTTAAACTAATGCA	122	0.5708251432103022	-0.30959970812879395	-1.459338828307484	-0.9365956855431138	-0.4930479887655086	NA	NA	NA	NA	NA
chr12-68430366-68431765_3	chr12-68430366-68431765	GGAGAGGGTTGTAGAAACAA;TCTGGGATTAAAGACATAAC	122	1.756448114326814	1.7172922188724804	0.4983852577130194	0.21231182603684595	0.8101115298776356	NA	NA	NA	NA	NA
chr12-68430366-68431765_4	chr12-68430366-68431765	TGTGATAGTAGTGGATATGG;TCTGGGATTAAAGACATAAC	122	-0.28799954677974815	0.07830114090690657	0.6316971722031661	-1.1892706903394545	1.3932305602224253	NA	NA	NA	NA	NA
chr12-68430366-68431765_5	chr12-68430366-68431765	GGAGAGGGTTGTAGAAACAA;CATATCACAACATATCACAT	122	0.6001984651171243	0.16613173896697012	-0.3946274571003494	-0.2548022396863485	-1.0372835940607383	NA	NA	NA	NA	NA
chr12-68430366-68431765_6	chr12-68430366-68431765	TGTGATAGTAGTGGATATGG;CATATCACAACATATCACAT	122	0.5929230083118449	0.9889240765724256	1.1357744279948563	1.2637256627844218	-0.31743035508149336	NA	NA	NA	NA	NA
chr12-68430366-68431765_7	chr12-68430366-68431765	TCTGAAGAAAGCCAAGGCTA;ATGGCTCTTAAACTAATGCA	122	-0.9706099343443169	0.07611235582840631	1.0786471748926225	1.5222969541801366	0.74381139956151	NA	NA	NA	NA	NA
chr12-68430366-68431765_8	chr12-68430366-68431765	TCTGAAGAAAGCCAAGGCTA;TCTGGGATTAAAGACATAAC	122	-0.4164240816507229	-0.2250795733370733	0.30499662634162605	0.9342436878898034	-1.6491123609537324	NA	NA	NA	NA	NA
chr12-68430366-68431765_9	chr12-68430366-68431765	TCTGAAGAAAGCCAAGGCTA;CATATCACAACATATCACAT	122	1.0256917453861831	1.2570313195862424	1.0175905050965108	2.038573916004683	-0.8845351401141097	NA	NA	NA	NA	NA
chr12-68430366-68431765_10	chr12-68430366-68431765	AGTTGTGGCCATTCCCAATG;TCTGTCAGACCAGATGGATC	122	1.4560201873236027	1.1977944272818237	-0.012753586078375283	1.485910259207647	-1.3218719021146952	NA	NA	NA	NA	NA
chr12-68436002-68436568_1	chr12-68436002-68436568	AGACAGTGATAAGTACATTA;AAGACTTGGAGTTTGAACAG	117	-0.9979657757489019	-1.730890473225621	-1.4198693706934356	-0.11443675176404197	-2.7298065402967433	NA	NA	NA	NA	NA
chr12-68436002-68436568_2	chr12-68436002-68436568	AGACAGTGATAAGTACATTA;GTGACTCTGAGAATTGGTGC	117	1.0620148949295274	0.7655097262290822	-0.0645340210245441	-0.8566040751073856	-0.41582031273801073	NA	NA	NA	NA	NA
chr12-68436002-68436568_3	chr12-68436002-68436568	ACATGACTGAACCTCAGCAC;AAGACTTGGAGTTTGAACAG	117	-0.1172270041513165	-0.8335912560135195	-1.0938419744639207	0.00898114516057884	0.3878238591211497	NA	NA	NA	NA	NA
chr12-68436002-68436568_4	chr12-68436002-68436568	AGACAGTGATAAGTACATTA;ACTGATTAGGCCTGACACCT	117	0.9660033753581879	0.7746393178964432	0.16510533795149812	-2.47274545751922	0.4472933530830148	NA	NA	NA	NA	NA
chr12-68436002-68436568_5	chr12-68436002-68436568	ACATGACTGAACCTCAGCAC;GTGACTCTGAGAATTGGTGC	117	-0.7421333958751809	-0.9054936167818196	-0.3991278700894355	-1.4781335204299169	-0.4132244060053365	NA	NA	NA	NA	NA
chr12-68436002-68436568_6	chr12-68436002-68436568	ACATGACTGAACCTCAGCAC;ACTGATTAGGCCTGACACCT	117	0.4628677128825478	0.8869313364640542	1.1194755798273817	0.0651834091872163	-1.144856015856956	NA	NA	NA	NA	NA
chr12-68436002-68436568_7	chr12-68436002-68436568	TGGACTAGTTTAGGAATGGT;AAGACTTGGAGTTTGAACAG	117	1.176185308535561	0.813139416898258	-0.2330970646548644	0.4501975197780539	0.37616584377708717	NA	NA	NA	NA	NA
chr12-68436002-68436568_8	chr12-68436002-68436568	TGGACTAGTTTAGGAATGGT;GTGACTCTGAGAATTGGTGC	117	-0.06593302060752182	-0.14429004055710365	0.06647633652126016	-1.3354179765940737	-0.16994383071374117	NA	NA	NA	NA	NA
chr12-68436002-68436568_9	chr12-68436002-68436568	TGGACTAGTTTAGGAATGGT;ACTGATTAGGCCTGACACCT	117	-0.10980673000441375	-0.13846262760307576	0.1269996941936146	1.0572373933991528	-1.270742228903171	NA	NA	NA	NA	NA
chr12-68436002-68436568_10	chr12-68436002-68436568	ATAAAGTGTTAATATTCTAG;TTTACTGTGACTCTGAGAAT	117	0.42046195168371914	0.7391506639580397	0.9316380567868444	-0.661444302609415	1.0956596607029812	NA	NA	NA	NA	NA
chr12-68437225-68437592_1	chr12-68437225-68437592	AAGACTTGGAGTTTGAACAG;AACTAGATGGTCCCATCTGG	116	0.38387821125733407	-1.0068474011367232	-2.9459953181113305	-14.496887890866471	-1.0765128541346731	NA	NA	NA	NA	NA
chr12-68437225-68437592_2	chr12-68437225-68437592	TGGCCTCATAAACCCCTCAG;AACTAGATGGTCCCATCTGG	116	0.8119462697807438	0.799832827474607	0.499092849976895	-2.660629407548932	-1.279983189796867	NA	NA	NA	NA	NA
chr12-68437225-68437592_3	chr12-68437225-68437592	AAGACTTGGAGTTTGAACAG;GCAACTAGATGGTCCCATCT	116	-7.581290267881746	-4.332828103849524	-2.2766550804486654	-2.83153838984793	1.4600132684448999	NA	NA	NA	NA	NA
chr12-68437225-68437592_4	chr12-68437225-68437592	TGGCCTCATAAACCCCTCAG;GCAACTAGATGGTCCCATCT	116	-1.0762994394534886	-0.48596622303967896	0.43422729802878807	-1.0569098838535185	0.33688057342766187	NA	NA	NA	NA	NA
chr12-68437225-68437592_5	chr12-68437225-68437592	GCCACTGAGCCTCACCACTG;AACTAGATGGTCCCATCTGG	116	0.7180595635120414	-0.4100409620785569	-2.289077823586829	-3.0052955458361246	-2.283562219024435	NA	NA	NA	NA	NA
chr12-68437225-68437592_6	chr12-68437225-68437592	AAGACTTGGAGTTTGAACAG;AAGGCAGCTAAAATGATGTG	116	1.254193827186423	2.2178423792445807	2.353925320039746	0.6458071177088277	0.07561760076952403	NA	NA	NA	NA	NA
chr12-68437225-68437592_7	chr12-68437225-68437592	GCCACTGAGCCTCACCACTG;GCAACTAGATGGTCCCATCT	116	-10.621713158266886	-0.40311373639039183	1.4155964889511845	-0.07728622449079137	-2.1316248037362966	NA	NA	NA	NA	NA
chr12-68437225-68437592_8	chr12-68437225-68437592	TGGCCTCATAAACCCCTCAG;AAGGCAGCTAAAATGATGTG	116	0.8650975523523903	0.8274868572314288	0.4626932211568291	-0.5602629838992642	0.022617037701962113	NA	NA	NA	NA	NA
chr12-68437225-68437592_9	chr12-68437225-68437592	GCCACTGAGCCTCACCACTG;AAGGCAGCTAAAATGATGTG	116	1.4566874975799675	1.3189351742287365	0.29316807146661056	0.019352091940456506	0.34184943707397175	NA	NA	NA	NA	NA
chr12-68437225-68437592_10	chr12-68437225-68437592	ACTGATTAGGCCTGACACCT;CAACTAGATGGTCCCATCTG	116	-3.5288793267989136	-1.766246004980645	-0.15895898086823546	1.097650257499063	0.24735732642328837	NA	NA	NA	NA	NA
chr12-68474209-68476083_1	chr12-68474209-68476083	CAAGAATCTATCCATCTTAG;AGTGAGAGAGTAGTATATGC	78	-0.2975373852708095	-0.5191529099860224	-0.27108641003670636	1.6938319293001374	0.24036937915008255	NA	NA	NA	NA	NA
chr12-68474209-68476083_2	chr12-68474209-68476083	TATCCATCTTAGGGGTTACA;AGTGAGAGAGTAGTATATGC	78	0.4490328049533119	-0.5697778827252333	-1.8032964963730778	-0.8157641636752461	-1.9113656917988653	NA	NA	NA	NA	NA
chr12-68474209-68476083_3	chr12-68474209-68476083	AATGAATATTAGGCTCCAAC;AGTGAGAGAGTAGTATATGC	78	1.3104027466481964	1.9035550928054292	1.7645401436731611	1.135324833386072	-1.0581997072844704	NA	NA	NA	NA	NA
chr12-68474209-68476083_4	chr12-68474209-68476083	CAAGAATCTATCCATCTTAG;ACTACTCTCTCACTAAGCTC	78	0.2782901446261209	-0.004742117479604283	-0.16067610870265786	-2.293108518683469	-0.5580980405103529	NA	NA	NA	NA	NA
chr12-68474209-68476083_5	chr12-68474209-68476083	TATCCATCTTAGGGGTTACA;ACTACTCTCTCACTAAGCTC	78	-0.39632389658222406	-1.2345983730312131	-1.3972872679834754	0.3401099677737383	-0.08742667386961919	NA	NA	NA	NA	NA
chr12-68474209-68476083_6	chr12-68474209-68476083	AATGAATATTAGGCTCCAAC;ACTACTCTCTCACTAAGCTC	78	0.2389058651729038	0.20747378895623833	0.2735825499604295	0.22634563973391242	0.018829479343030447	NA	NA	NA	NA	NA
chr12-68474209-68476083_7	chr12-68474209-68476083	CAAGAATCTATCCATCTTAG;AGGGATCCAAAGCCGAGAGA	78	1.5030586046217722	0.9689541856094689	-0.8409146226368428	-0.5250308213988792	-0.6158392644624672	NA	NA	NA	NA	NA
chr12-68474209-68476083_8	chr12-68474209-68476083	TATCCATCTTAGGGGTTACA;AGGGATCCAAAGCCGAGAGA	78	-0.5469444661874144	-0.9052735039705969	-0.606146115115311	0.19239134738908836	0.6277285552630917	NA	NA	NA	NA	NA
chr12-68474209-68476083_9	chr12-68474209-68476083	AATGAATATTAGGCTCCAAC;AGGGATCCAAAGCCGAGAGA	78	0.46429293033711766	0.24541267559262775	0.012597209787184453	0.5532942959678522	-0.5322587673432557	NA	NA	NA	NA	NA
chr12-68474209-68476083_10	chr12-68474209-68476083	TGAGGCAATAAGTCCTCTTT;AGTATATGAAATGAGATGGG	78	-0.08274114977477523	-0.8587118515673648	-1.2069404896991052	-0.4842851511288737	-0.5739166439948133	NA	NA	NA	NA	NA
chr12-68487938-68488721_1	chr12-68487938-68488721	TGAGGGTTAGGCCATTGATC;AGAGGCTCGTGGGTTCCTGT	65	0.9740278280346988	1.0203672129482437	0.6522385648541973	-2.31388098848608	-2.991116233478028	NA	NA	NA	NA	NA
chr12-68487938-68488721_2	chr12-68487938-68488721	GGAGCCTGGAGCATGTGTGG;AGAGGCTCGTGGGTTCCTGT	65	-0.44948466230635886	3.565722495160503e-4	0.6537368108308926	-0.6226354798880978	1.3020607009997573	NA	NA	NA	NA	NA
chr12-68487938-68488721_3	chr12-68487938-68488721	TGAGGGTTAGGCCATTGATC;ATTAAGTCAGAACCACCCAC	65	0.08532463902207987	-0.7697120947920661	-1.3555992833601718	0.7703785034623963	0.25186672769780133	NA	NA	NA	NA	NA
chr12-68487938-68488721_4	chr12-68487938-68488721	GCGTTCTGTTAATACAATGG;AGAGGCTCGTGGGTTCCTGT	65	-0.5616984097631003	-1.3547208992123814	-1.3590109549198979	-0.15994705312461588	-0.38944810292181586	NA	NA	NA	NA	NA
chr12-68487938-68488721_5	chr12-68487938-68488721	GGAGCCTGGAGCATGTGTGG;ATTAAGTCAGAACCACCCAC	65	-0.34600376002981675	-0.36792635627819786	0.022514189214366497	-0.5365737374659444	0.5801899272961448	NA	NA	NA	NA	NA
chr12-68487938-68488721_6	chr12-68487938-68488721	GCGTTCTGTTAATACAATGG;ATTAAGTCAGAACCACCCAC	65	0.9138854453782633	0.7751146868398076	0.26878149499282233	0.971595287004145	1.6265568585296375	NA	NA	NA	NA	NA
chr12-68487938-68488721_7	chr12-68487938-68488721	TGAGGGTTAGGCCATTGATC;AATATTGTGGTCTGATCTGT	65	-0.07462625705783726	-0.5809251927545515	-0.6806256126364869	-0.5055608407209727	-1.470166582969922	NA	NA	NA	NA	NA
chr12-68487938-68488721_8	chr12-68487938-68488721	GGAGCCTGGAGCATGTGTGG;AATATTGTGGTCTGATCTGT	65	-0.14591318859485763	-0.19163636408148343	0.08276333904665924	-0.8633389895397959	-0.8699196380946898	NA	NA	NA	NA	NA
chr12-68487938-68488721_9	chr12-68487938-68488721	GCGTTCTGTTAATACAATGG;AATATTGTGGTCTGATCTGT	65	0.8965780160404713	0.35695537889865553	-0.6384326383080517	-0.7705309410271756	-0.06029682148776512	NA	NA	NA	NA	NA
chr12-68487938-68488721_10	chr12-68487938-68488721	CCATTGTATTAACAGAACGC;ACTTATTAGGTTCTTGCTCT	65	0.7982304615620528	1.203912977402073	1.2414915879241812	0.0862049010443826	0.3113951762135191	NA	NA	NA	NA	NA
chr12-68499789-68500563_1	chr12-68499789-68500563	TGTAAGGTAGCATATTCACA;GCTTATATAGTGCATATGTC	53	-0.7323403479723046	0.09720490708527782	0.9750531895468424	-2.150123583704051	-0.12899285421703527	NA	NA	NA	NA	NA
chr12-68499789-68500563_2	chr12-68499789-68500563	TGTAAGGTAGCATATTCACA;AAAGGCCTAATTCTAGACCC	53	-0.6873934772443849	-1.1350140083984368	-0.8148625724205228	0.26832395626092753	-1.4153563846847566	NA	NA	NA	NA	NA
chr12-68499789-68500563_3	chr12-68499789-68500563	TGTAAGGTAGCATATTCACA;GAAACTGAGGCATAGTGACT	53	-0.3632614133526221	-0.15151161264301943	0.3646369999353601	0.3089531252911038	-0.17888551979511685	NA	NA	NA	NA	NA
chr12-68499789-68500563_4	chr12-68499789-68500563	AGGTAGCATATTCACAGGGT;GCTTATATAGTGCATATGTC	53	0.974068738756707	0.5077497870757104	-0.4656309254380204	-0.3993563866474039	0.8792082352667228	NA	NA	NA	NA	NA
chr12-68499789-68500563_5	chr12-68499789-68500563	AGGTAGCATATTCACAGGGT;AAAGGCCTAATTCTAGACCC	53	0.7584647455678587	0.6831853742396777	0.3639248530396839	0.6597948358344313	0.04027805961981161	NA	NA	NA	NA	NA
chr12-68499789-68500563_6	chr12-68499789-68500563	AGGTAGCATATTCACAGGGT;GAAACTGAGGCATAGTGACT	53	0.5083741613258603	-0.4117443058284714	-1.550168003041739	-1.8675742569458793	-0.344076723548852	NA	NA	NA	NA	NA
chr12-68499789-68500563_7	chr12-68499789-68500563	AGAGGATCAAAGTAAGTAGT;GCTTATATAGTGCATATGTC	53	-0.10050097532246724	0.18686607193073232	0.6208068496519429	0.6221648656996346	0.31680365307752645	NA	NA	NA	NA	NA
chr12-68499789-68500563_8	chr12-68499789-68500563	AGAGGATCAAAGTAAGTAGT;AAAGGCCTAATTCTAGACCC	53	0.10268310186643073	-0.3752152985525998	-0.5772515417071594	0.011831443614015948	-0.34677378409516174	NA	NA	NA	NA	NA
chr12-68499789-68500563_9	chr12-68499789-68500563	AGAGGATCAAAGTAAGTAGT;GAAACTGAGGCATAGTGACT	53	-0.045929696574782235	0.4334971851192528	0.9338268935730936	1.316018118986225	0.8655572083306879	NA	NA	NA	NA	NA
chr12-68499789-68500563_10	chr12-68499789-68500563	ACTTTATAAGGACCCTTGTG;AGCAACCTGGGTCTAGAATT	53	1.166641619991687	0.6641496512684489	-0.5951552760759428	-1.2068275181525794	-0.6616813187024781	NA	NA	NA	NA	NA
chr12-68502828-68503151_1	chr12-68502828-68503151	ACAGTGGAGACCAAGAGCAA;AGTGTCTGTAGGGTTGTGAT	51	-0.010812926721696472	-0.5692677205276278	-0.7610140509977859	0.7006798644616997	-0.4716545369124962	NA	NA	NA	NA	NA
chr12-68502828-68503151_2	chr12-68502828-68503151	ACAGTGGAGACCAAGAGCAA;GCAAGGAGGCCAGTGTCTGT	51	0.40601133667066597	0.2988421386516293	0.20185326198098136	-0.5755323934005545	0.9572467047084277	NA	NA	NA	NA	NA
chr12-68502828-68503151_3	chr12-68502828-68503151	ACAGTGGAGACCAAGAGCAA;ATATCTCCAACACCTAGCAA	51	0.3274752495197213	-0.18509869024583184	-0.5971564275378078	-0.21049260577025072	-0.23410064910633546	NA	NA	NA	NA	NA
chr12-68502828-68503151_4	chr12-68502828-68503151	ATGTTTATCAGGTAGACCAT;AGTGTCTGTAGGGTTGTGAT	51	-0.2881640972371659	-0.565144330442123	-0.35805250903968466	0.9215236585179936	-1.6046383803571809	NA	NA	NA	NA	NA
chr12-68502828-68503151_5	chr12-68502828-68503151	ATGTTTATCAGGTAGACCAT;GCAAGGAGGCCAGTGTCTGT	51	1.8509101952353733	1.615069768890288	-0.09332101688458408	1.2135845131156442	-0.7601955909874555	NA	NA	NA	NA	NA
chr12-68502828-68503151_6	chr12-68502828-68503151	ATGTTTATCAGGTAGACCAT;ATATCTCCAACACCTAGCAA	51	-0.574984445380547	-1.1567274409266255	-0.98995710531305	0.7797329278208744	-1.0680631969848822	NA	NA	NA	NA	NA
chr12-68502828-68503151_7	chr12-68502828-68503151	GGTAGACCATGGGAAACACA;AGTGTCTGTAGGGTTGTGAT	51	0.12797609688942255	0.40611432256416663	0.7259190228306432	-0.15728566289540294	-0.014141575202208278	NA	NA	NA	NA	NA
chr12-68502828-68503151_8	chr12-68502828-68503151	GGTAGACCATGGGAAACACA;GCAAGGAGGCCAGTGTCTGT	51	0.20218196500135835	0.12829898729120184	0.18641158493401505	0.8696280585288231	-0.6844487704197936	NA	NA	NA	NA	NA
chr12-68502828-68503151_9	chr12-68502828-68503151	GGTAGACCATGGGAAACACA;ATATCTCCAACACCTAGCAA	51	0.06458450679702492	0.5502106930054754	1.0050868350013393	-0.09591562715379907	-1.1165793966071558	NA	NA	NA	NA	NA
chr12-68502828-68503151_10	chr12-68502828-68503151	AGGAAACCAGGCAATCTCAC;ATATGTACCAGGCCTTTGCT	51	0.3602474033950934	1.0265024624703811	1.4349386252493574	-0.5217273067020215	-1.102661355769415	NA	NA	NA	NA	NA
chr12-68507392-68507857_1	chr12-68507392-68507857	CAGGTCTCTGATATCTGTGT;ATAACCCCCACAGTCCACAA	46	0.8164656175197345	0.43933784233362055	-0.252938268541964	0.15405142640029948	0.23480193612264483	NA	NA	NA	NA	NA
chr12-68507392-68507857_2	chr12-68507392-68507857	AGGTCAGTGATGTAGAACCT;ATAACCCCCACAGTCCACAA	46	0.13851398993242314	0.4512162431240236	0.7846251201052402	0.9283551258065876	-1.014563965752349	NA	NA	NA	NA	NA
chr12-68507392-68507857_3	chr12-68507392-68507857	GCACTGGACTGGTAATCAGC;ATAACCCCCACAGTCCACAA	46	-0.2933111540646456	0.9597007458108382	1.8148530561962684	0.560588087907458	0.7520781789332392	NA	NA	NA	NA	NA
chr12-68507392-68507857_4	chr12-68507392-68507857	CAGGTCTCTGATATCTGTGT;TGAGACCTGAATTCGAATCC	46	1.0059245224687658	0.863919038577055	0.2749860081357866	0.7751014845896499	0.4062984179942013	NA	NA	NA	NA	NA
chr12-68507392-68507857_5	chr12-68507392-68507857	AGGTCAGTGATGTAGAACCT;TGAGACCTGAATTCGAATCC	46	0.41766884818754885	0.15021074677875582	-0.09238537151179813	0.06266101013651043	1.4180359073888882	NA	NA	NA	NA	NA
chr12-68507392-68507857_6	chr12-68507392-68507857	CAGGTCTCTGATATCTGTGT;AAAGATAATAGAAACCGTTG	46	1.0235715261702023	0.6235958633078875	-0.3081202279128368	-0.7745534335416646	1.91469708692723	NA	NA	NA	NA	NA
chr12-68507392-68507857_7	chr12-68507392-68507857	AGGTCAGTGATGTAGAACCT;AAAGATAATAGAAACCGTTG	46	0.19459723786857264	-0.05059599440752696	-0.11769849458304203	-1.3921282200001164	0.7587490859432285	NA	NA	NA	NA	NA
chr12-68507392-68507857_8	chr12-68507392-68507857	GCACTGGACTGGTAATCAGC;TGAGACCTGAATTCGAATCC	46	0.691942324153833	0.23164875286595923	-0.44468131846512793	-1.0345366912320588	-0.9640145719830064	NA	NA	NA	NA	NA
chr12-68507392-68507857_9	chr12-68507392-68507857	GCACTGGACTGGTAATCAGC;AAAGATAATAGAAACCGTTG	46	0.13502827362679198	0.1049822800868709	0.23340937259613848	0.15541001008623234	-0.747049631989992	NA	NA	NA	NA	NA
chr12-68507392-68507857_10	chr12-68507392-68507857	ATAAGGCATATAATAACCTT;TCTTATTGAGCAGTTACTGT	46	1.4771846428934508	1.2996204160348017	0.1914787603537203	0.14818285325070568	-2.401808902909493	NA	NA	NA	NA	NA
chr12-68512966-68514217_1	chr12-68512966-68514217	GGAGTAATTAACTTACCCTC;ACTCAGGCAAGAAAATACCC	40	0.693197476789613	0.38890658031002856	-0.10853124855494117	0.20933506646707117	0.5024358047239006	NA	NA	NA	NA	NA
chr12-68512966-68514217_2	chr12-68512966-68514217	GGGTAAGTTAATTACTCCAA;ACTCAGGCAAGAAAATACCC	40	0.4817654978072786	0.16385816038252718	-0.17509000562222113	-0.6367984559113737	-0.43576658906726884	NA	NA	NA	NA	NA
chr12-68512966-68514217_3	chr12-68512966-68514217	CTAGCTTCTGGAAACACCCA;ACTCAGGCAAGAAAATACCC	40	0.3567898907408578	0.8717399548962281	1.2066618320417475	-1.5463284256225844	0.12783604891501288	NA	NA	NA	NA	NA
chr12-68512966-68514217_4	chr12-68512966-68514217	GGAGTAATTAACTTACCCTC;GTATAAGGTACCTATTTCCT	40	0.8720953030068189	0.3511984004618299	-0.5895069688337095	0.4719190263355642	-1.3519317502080783	NA	NA	NA	NA	NA
chr12-68512966-68514217_5	chr12-68512966-68514217	GGAGTAATTAACTTACCCTC;AAATAGCCCATCTACCTCAC	40	0.4823975219463294	-0.44944276566063107	-1.5751180413574624	0.19327623745312145	-0.7568200953335603	NA	NA	NA	NA	NA
chr12-68512966-68514217_6	chr12-68512966-68514217	GGGTAAGTTAATTACTCCAA;GTATAAGGTACCTATTTCCT	40	0.5064340517763677	0.31996944470604827	0.0855537957826015	-0.19591688740377644	0.09637561218416538	NA	NA	NA	NA	NA
chr12-68512966-68514217_7	chr12-68512966-68514217	CTAGCTTCTGGAAACACCCA;GTATAAGGTACCTATTTCCT	40	1.5964605900149247	1.629408197784552	0.6943094277665381	1.306951971354952	-0.09495955861124497	NA	NA	NA	NA	NA
chr12-68512966-68514217_8	chr12-68512966-68514217	GGGTAAGTTAATTACTCCAA;AAATAGCCCATCTACCTCAC	40	-0.2327873056267295	-0.3380239292330061	-0.05324129981715069	-0.07773699569282036	0.15224303460402358	NA	NA	NA	NA	NA
chr12-68512966-68514217_9	chr12-68512966-68514217	CTAGCTTCTGGAAACACCCA;AAATAGCCCATCTACCTCAC	40	0.9124251623757612	0.3901655634946467	-0.5971417632090832	-0.20507842198473997	-0.13169204165138562	NA	NA	NA	NA	NA
chr12-68512966-68514217_10	chr12-68512966-68514217	TTAAGTCATAGCCTAAGTCA;AAGACTTAAATGCATAAACC	40	-0.10439390561470704	0.12925769153351155	0.5379625165455446	1.1036178512475503	0.5411621355649067	NA	NA	NA	NA	NA
chr12-68514820-68515699_1	chr12-68514820-68515699	AAGACTTAAATGCATAAACC;ATAGTGTGAGGTGAGCTATT	38	0.8670238915569741	1.2188670004016733	1.1776906932049322	1.3916968679556458	-0.8066567564779636	NA	NA	NA	NA	NA
chr12-68514820-68515699_2	chr12-68514820-68515699	ACTGGAAAGCAACTGACCAG;ATAGTGTGAGGTGAGCTATT	38	-0.11751081844625313	-0.40402663345875567	-0.3038729303661159	0.28717215532505735	-0.6936057352052947	NA	NA	NA	NA	NA
chr12-68514820-68515699_3	chr12-68514820-68515699	AAATTTGGCTTACACTAATA;ATAGTGTGAGGTGAGCTATT	38	0.824262714375633	1.1076247103865706	1.0426728776810297	-0.8103838054082213	1.3884137062383841	NA	NA	NA	NA	NA
chr12-68514820-68515699_4	chr12-68514820-68515699	AAGACTTAAATGCATAAACC;GAGTATAACAGAGAGTGACT	38	0.3089392765465209	0.09121422902538703	-0.03070146063017506	-0.012302327713403512	-0.7378426546044605	NA	NA	NA	NA	NA
chr12-68514820-68515699_5	chr12-68514820-68515699	AAGACTTAAATGCATAAACC;GTGTAGAAAGATTATCTGTT	38	0.9760851300001172	0.6039721981103423	-0.23938571153864655	0.3450249421607929	0.49842764940944906	NA	NA	NA	NA	NA
chr12-68514820-68515699_6	chr12-68514820-68515699	ACTGGAAAGCAACTGACCAG;GAGTATAACAGAGAGTGACT	38	0.4235423437154376	-0.10272518379630577	-0.611632530088124	-1.0209483452903758	-1.200937871668656	NA	NA	NA	NA	NA
chr12-68514820-68515699_7	chr12-68514820-68515699	ACTGGAAAGCAACTGACCAG;GTGTAGAAAGATTATCTGTT	38	0.4552776332507087	0.35737603414045255	0.23480621075398422	1.5751752435699546	0.2759094564997997	NA	NA	NA	NA	NA
chr12-68514820-68515699_8	chr12-68514820-68515699	AAATTTGGCTTACACTAATA;GAGTATAACAGAGAGTGACT	38	0.23565893481412517	0.15620843558486133	0.18979867317212418	0.986565421129374	-0.5882711699632882	NA	NA	NA	NA	NA
chr12-68514820-68515699_9	chr12-68514820-68515699	AAATTTGGCTTACACTAATA;GTGTAGAAAGATTATCTGTT	38	0.4305430512677797	-0.046618206081468196	-0.5075527097995481	-1.8766198804370875	-0.013257143368450507	NA	NA	NA	NA	NA
chr12-68514820-68515699_10	chr12-68514820-68515699	CATGCACAAATTATAGTAAC;ACTATAGTTTATCTAAGAGC	38	0.7227078595712104	0.5338448481765794	0.13230297830342097	-0.6999200306433214	-0.5869434436713007	NA	NA	NA	NA	NA
chr12-68530872-68532615_1	chr12-68530872-68532615	GTGACAGGTAGGGAGAGAGG;AGATAAATACACTACCTACA	22	2.1843462995535545	2.5266726669087074	1.3995947059963678	2.295445868934252	1.717566089028036	NA	NA	NA	NA	NA
chr12-68530872-68532615_2	chr12-68530872-68532615	CAGATCACTGAGGTAATAAA;AGATAAATACACTACCTACA	22	0.36854275465244263	0.993573733586665	1.3784538095655714	-1.6282816051665725	-1.7257048868450653	NA	NA	NA	NA	NA
chr12-68530872-68532615_3	chr12-68530872-68532615	ATTAATTGGAGTAGTCACAG;AGATAAATACACTACCTACA	22	1.1851844646503586	1.9729750358065121	2.040607665494611	0.20745655420414358	0.8302828575003114	NA	NA	NA	NA	NA
chr12-68530872-68532615_4	chr12-68530872-68532615	GTGACAGGTAGGGAGAGAGG;AATTTATACAGTGGCCCTGT	22	-0.20750328735742046	-0.7071513716357115	-0.7109774903229782	-1.3486014409915723	-0.07318987903294054	NA	NA	NA	NA	NA
chr12-68530872-68532615_5	chr12-68530872-68532615	CAGATCACTGAGGTAATAAA;AATTTATACAGTGGCCCTGT	22	0.4391155556977512	1.4533162241136741	1.9793561551447345	0.5835329235921666	-0.8088025233904408	NA	NA	NA	NA	NA
chr12-68530872-68532615_6	chr12-68530872-68532615	ATTAATTGGAGTAGTCACAG;AATTTATACAGTGGCCCTGT	22	0.8878616109408246	-0.005739249371021529	-1.6243991690845418	0.6405507173094711	-1.0000626999830202	NA	NA	NA	NA	NA
chr12-68530872-68532615_7	chr12-68530872-68532615	GTGACAGGTAGGGAGAGAGG;ATGAGTAACTGATCTTGGGT	22	0.02569522800646806	0.5096339126183613	0.9808800931006934	1.6146466053559525	1.0427728692682425	NA	NA	NA	NA	NA
chr12-68530872-68532615_8	chr12-68530872-68532615	CAGATCACTGAGGTAATAAA;ATGAGTAACTGATCTTGGGT	22	0.2071337512941072	0.7074160756199181	1.104997943401279	1.1480839439796247	-0.8457450799788329	NA	NA	NA	NA	NA
chr12-68530872-68532615_9	chr12-68530872-68532615	ATTAATTGGAGTAGTCACAG;ATGAGTAACTGATCTTGGGT	22	-1.1174419436010763	-1.1992902202906417	-0.49296698078379236	-2.0705491192257757	-0.6407011183454814	NA	NA	NA	NA	NA
chr12-68530872-68532615_10	chr12-68530872-68532615	GCTGAGGCCTCAGATCACTG;GAGATAAATACACTACCTAC	22	0.6386064971080652	0.3377008437624045	-0.11029493800762809	0.26780378453514436	-1.0689953517689352	NA	NA	NA	NA	NA
chr12-68546555-68547540_1	chr12-68546555-68547540	AGGGTGAAAGCTATACGATA;TAATATGTAAGTCTATTGCA	6	0.6240749398276662	1.4093145459340057	1.7558156227590958	0.8232642180202847	-1.7710587804257274	NA	NA	NA	NA	NA
chr12-68546555-68547540_2	chr12-68546555-68547540	GGAATTTGGCTGCCCATAGT;TAATATGTAAGTCTATTGCA	6	0.48906051793706384	-0.2281678573883742	-1.0362740131718717	0.8733434115338702	-1.0135363514984372	NA	NA	NA	NA	NA
chr12-68546555-68547540_3	chr12-68546555-68547540	AGGGTGAAAGCTATACGATA;GAAATTAGGAGTCCTATGTA	6	1.4360767554552767	1.4517239860020106	0.6540079205953513	-0.07769882818148438	0.2961734721955422	NA	NA	NA	NA	NA
chr12-68546555-68547540_4	chr12-68546555-68547540	GGAATTTGGCTGCCCATAGT;GAAATTAGGAGTCCTATGTA	6	1.0251983801161741	0.7846392869209032	0.06213835029500237	-0.14229244587793424	-1.2709115730646996	NA	NA	NA	NA	NA
chr12-68546555-68547540_5	chr12-68546555-68547540	AAATTCCAGGCACAGTGTGT;TAATATGTAAGTCTATTGCA	6	0.4571697042759992	0.6814206284094183	0.7941065468716361	0.8353761818021017	-2.4516667642950627	NA	NA	NA	NA	NA
chr12-68546555-68547540_6	chr12-68546555-68547540	AAATTCCAGGCACAGTGTGT;GAAATTAGGAGTCCTATGTA	6	0.4133775816182523	0.3111485884421066	0.21322396950097205	-0.1552442903870261	-0.8986563509612274	NA	NA	NA	NA	NA
chr12-68546555-68547540_7	chr12-68546555-68547540	AGGGTGAAAGCTATACGATA;AATTATATGTGGCCTTATTG	6	0.9599433767607248	1.3319301490219981	1.2479303485122062	1.3973710402156232	-0.4722012373905813	NA	NA	NA	NA	NA
chr12-68546555-68547540_8	chr12-68546555-68547540	GGAATTTGGCTGCCCATAGT;AATTATATGTGGCCTTATTG	6	-0.3109949897657078	0.16253546712729455	0.7705271666566247	-1.2168471272181405	-0.6721710406056874	NA	NA	NA	NA	NA
chr12-68546555-68547540_9	chr12-68546555-68547540	AAATTCCAGGCACAGTGTGT;AATTATATGTGGCCTTATTG	6	0.07649188602183468	0.7352427587280791	1.2622156515055742	-0.06669185996108581	-0.30419835772374815	NA	NA	NA	NA	NA
chr12-68546555-68547540_10	chr12-68546555-68547540	CATCTGTAATTGCCCACTAT;ATGGCATTCTCTAAGGTGAT	6	0.9820126997468328	0.7289191822718174	0.031915246633147376	-0.35793062487958166	0.3527340109153945	NA	NA	NA	NA	NA
chr12-68553039-68554075_1	chr12-68553039-68554075	ATATTACTTGTGAAGTATTC;ACAGTGTAGAGAATATTCCC	0	1.151488590275997	1.1660121862051698	0.6233820939474026	0.9664110137308569	-1.9691034722598963	NA	NA	NA	NA	NA
chr12-68553039-68554075_2	chr12-68553039-68554075	ATATTACTTGTGAAGTATTC;GTGTAGAGAATATTCCCAGG	0	0.31799682294182285	0.2053698771956701	0.16194105337209042	1.228614983539951	-1.3591209778852251	NA	NA	NA	NA	NA
chr12-68553039-68554075_3	chr12-68553039-68554075	GGTCAAGATTAGCATTAAAA;ACAGTGTAGAGAATATTCCC	0	1.9338993202336259	2.4323586014596636	1.7472930936936835	0.1610249072444422	-2.557183291104629	NA	NA	NA	NA	NA
chr12-68553039-68554075_4	chr12-68553039-68554075	GGTCAAGATTAGCATTAAAA;GTGTAGAGAATATTCCCAGG	0	1.6913217760688177	1.7891508589473464	0.8440018076261555	-3.7004105787426496	-2.7756038277530206	NA	NA	NA	NA	NA
chr12-68553039-68554075_5	chr12-68553039-68554075	TCATTCAGTTGTGATAGTCA;ACAGTGTAGAGAATATTCCC	0	1.8442628545960875	1.5978683502106954	-0.12265743303051532	-0.6120099106968961	-0.2769343837750688	NA	NA	NA	NA	NA
chr12-68553039-68554075_6	chr12-68553039-68554075	ATATTACTTGTGAAGTATTC;AGTGTAGAGAATATTCCCAG	0	1.0858671745064787	0.849585288049299	0.07393754125735016	-0.26236643843755714	-1.7294245859396244	NA	NA	NA	NA	NA
chr12-68553039-68554075_7	chr12-68553039-68554075	TCATTCAGTTGTGATAGTCA;GTGTAGAGAATATTCCCAGG	0	2.0867035472173714	2.1281484597469156	0.6267346376198671	0.28569687201521393	-2.147898611768328	NA	NA	NA	NA	NA
chr12-68553039-68554075_8	chr12-68553039-68554075	GGTCAAGATTAGCATTAAAA;AGTGTAGAGAATATTCCCAG	0	1.0402616489181877	1.1032279333078885	0.7000245535950973	-0.5846661017834196	-1.3512824524920195	NA	NA	NA	NA	NA
chr12-68553039-68554075_9	chr12-68553039-68554075	TCATTCAGTTGTGATAGTCA;AGTGTAGAGAATATTCCCAG	0	1.5977863035940894	1.3664517171070036	0.023440538473886913	-1.4228003244491692	-3.214086736137372	NA	NA	NA	NA	NA
chr12-68553039-68554075_10	chr12-68553039-68554075	CCAAAAGATGGGCATAATAT;AAATACAATACAAGCCACAC	0	1.7669335483662496	1.5673081731866105	0.05466069205276423	0.6305331859738984	-2.750890552322508	NA	NA	NA	NA	NA
chr12-68557085-68558005_1	chr12-68557085-68558005	AGGGTCCTGTCAGACTGCAC;TAGCAGTGAGACAATCCGGT	-4	0.7081504195091665	1.0196277794979216	1.0455845035396512	-0.5878784131376801	-0.5982975444773319	NA	NA	NA	NA	NA
chr12-68557085-68558005_2	chr12-68557085-68558005	AGGGTCCTGTCAGACTGCAC;TAAAGCTATGGATATCTAGT	-4	1.1545049956881135	2.0119063727594875	2.137968467001036	1.8725605079640482	-0.020946147275546993	NA	NA	NA	NA	NA
chr12-68557085-68558005_3	chr12-68557085-68558005	AGGGTCCTGTCAGACTGCAC;GTGGTGACATATGCTCCTAC	-4	0.1835550044782716	0.6112500949313058	0.9833726494820039	-0.4756047081756165	-0.03167477179857942	NA	NA	NA	NA	NA
chr12-68557085-68558005_4	chr12-68557085-68558005	AATGGATATTGATAGATTGG;TAGCAGTGAGACAATCCGGT	-4	0.5693419679362743	0.17151684447016455	-0.3217616400437563	-0.907141929324606	-1.4268701008081588	NA	NA	NA	NA	NA
chr12-68557085-68558005_5	chr12-68557085-68558005	AATGGATATTGATAGATTGG;TAAAGCTATGGATATCTAGT	-4	-0.7452217010033091	-0.4791443672217703	0.21814893090281565	-0.18366980969391203	-1.1775407751171432	NA	NA	NA	NA	NA
chr12-68557085-68558005_6	chr12-68557085-68558005	AATGGATATTGATAGATTGG;GTGGTGACATATGCTCCTAC	-4	-0.6871989664767463	-0.3093184327770097	0.4079839068715634	-0.2836331362172336	-2.7905730937833026	NA	NA	NA	NA	NA
chr12-68557085-68558005_7	chr12-68557085-68558005	AACTTAGAACAGCCCACACT;TAGCAGTGAGACAATCCGGT	-4	0.38364935400441214	0.0590195987887584	-0.21101082083112185	-2.577460524191545	-0.7362218296836872	NA	NA	NA	NA	NA
chr12-68557085-68558005_8	chr12-68557085-68558005	AACTTAGAACAGCCCACACT;TAAAGCTATGGATATCTAGT	-4	1.086926019949257	1.8042524730305183	1.8816215402106995	-1.3338036919568261	-0.0014121767055126611	NA	NA	NA	NA	NA
chr12-68557085-68558005_9	chr12-68557085-68558005	AACTTAGAACAGCCCACACT;GTGGTGACATATGCTCCTAC	-4	0.9454531759444913	1.6117269136090657	1.7342016434340544	0.3720425778037233	-0.627291905595641	NA	NA	NA	NA	NA
chr12-68557085-68558005_10	chr12-68557085-68558005	AATTCACATATCTAACGTAG;AAAGCAGGACCATGAATCTC	-4	0.05400072709091727	0.09759195882941327	0.3190624989436014	1.3523119791769245	0.06351277553115958	NA	NA	NA	NA	NA
chr12-68563164-68563463_1	chr12-68563164-68563463	AAATGGACATGACTATGATT;TATGCTAACAATGTGATCTA	-10	0.302745421103615	0.6973580748538347	0.994304272294138	0.2177325679257704	-0.7447425079747357	NA	NA	NA	NA	NA
chr12-68563164-68563463_2	chr12-68563164-68563463	AAATGGACATGACTATGATT;ACACAGAGTACTGCAGACTA	-10	0.2792567762740249	0.7860702247386531	1.153468950000344	0.3566547890527309	-0.38745787580775887	NA	NA	NA	NA	NA
chr12-68563164-68563463_3	chr12-68563164-68563463	TAGCTATAATGGGAAGACAG;TATGCTAACAATGTGATCTA	-10	0.12100966870295903	-0.7657281606700403	-1.425675696061304	0.49009500140482093	-0.14811337847235775	NA	NA	NA	NA	NA
chr12-68563164-68563463_4	chr12-68563164-68563463	TAGCTATAATGGGAAGACAG;ACACAGAGTACTGCAGACTA	-10	0.0959269741532587	-0.721016584547236	-1.2708702672980257	-1.2984178431229998	-0.79571505510009	NA	NA	NA	NA	NA
chr12-68563164-68563463_5	chr12-68563164-68563463	AAATGGACATGACTATGATT;AAACCAAAGACACTCTTATC	-10	1.2747772063544427	1.135885634131695	0.29901993523013726	-0.100680132500176	0.3188986689562823	NA	NA	NA	NA	NA
chr12-68563164-68563463_6	chr12-68563164-68563463	GTGGTGAGGGAAGTCCCAAG;TATGCTAACAATGTGATCTA	-10	0.6280445157641575	0.003852398982681673	-0.8217048480344789	0.34606764876870805	-1.5631231758126285	NA	NA	NA	NA	NA
chr12-68563164-68563463_7	chr12-68563164-68563463	TAGCTATAATGGGAAGACAG;AAACCAAAGACACTCTTATC	-10	1.603653879028975	1.3870777286585378	0.062164016194806736	2.053713183549529	-0.7073114410872549	NA	NA	NA	NA	NA
chr12-68563164-68563463_8	chr12-68563164-68563463	GTGGTGAGGGAAGTCCCAAG;ACACAGAGTACTGCAGACTA	-10	-0.23655015077315483	1.4879153723205718	2.4335883611276956	1.9776276165601443	0.31011067625433314	NA	NA	NA	NA	NA
chr12-68563164-68563463_9	chr12-68563164-68563463	GTGGTGAGGGAAGTCCCAAG;AAACCAAAGACACTCTTATC	-10	-0.49644369178765535	0.23723905768966583	1.0084571904882862	0.3788213686057179	-1.3984830762132392	NA	NA	NA	NA	NA
chr12-68563164-68563463_10	chr12-68563164-68563463	AAAGTGTAATATAGCTATAA;TTAGCATAGATTATGTCGCA	-10	-0.4745815627737962	-0.27420680714126655	0.2852221425148667	0.4944965972234605	-0.08490179627036358	NA	NA	NA	NA	NA
chr12-68567616-68570265_1	chr12-68567616-68570265	TAAGTCTGAGTAGGCAGTGA;ACATCTCTATGATAGTATCA	-15	0.043288533762090194	-0.00919862468657234	0.15695951189399976	0.9432068024716217	0.5318856660215949	NA	NA	NA	NA	NA
chr12-68567616-68570265_2	chr12-68567616-68570265	TGGGCAATGTAAGTCTGAGT;ACATCTCTATGATAGTATCA	-15	0.6395786966128449	1.4894891698499952	1.8601740635544166	-0.20525930574333345	0.035651506998749444	NA	NA	NA	NA	NA
chr12-68567616-68570265_3	chr12-68567616-68570265	GATAAATAGCAAATAAACAG;ACATCTCTATGATAGTATCA	-15	0.18575379996249436	0.4027803105509279	0.6585698532525115	-0.8521770835852497	0.6563135056949125	NA	NA	NA	NA	NA
chr12-68567616-68570265_4	chr12-68567616-68570265	TAAGTCTGAGTAGGCAGTGA;TGTGTAAACTGTGTGAATCT	-15	0.9641768177216344	0.8959964302601606	0.4220484050879937	-1.1322119443996588	-0.6137132171086682	NA	NA	NA	NA	NA
chr12-68567616-68570265_5	chr12-68567616-68570265	TGGGCAATGTAAGTCTGAGT;TGTGTAAACTGTGTGAATCT	-15	1.1050736169370377	1.1734661382030582	0.724595190203693	0.18548166977312563	-0.5459278279126796	NA	NA	NA	NA	NA
chr12-68567616-68570265_6	chr12-68567616-68570265	TAAGTCTGAGTAGGCAGTGA;GACAGGATCCTCATATAAAC	-15	0.4760486132438606	0.4894579787964132	0.4413584126032029	-0.9491114711004894	-0.4342046422772917	NA	NA	NA	NA	NA
chr12-68567616-68570265_7	chr12-68567616-68570265	TGGGCAATGTAAGTCTGAGT;GACAGGATCCTCATATAAAC	-15	0.9756319313658047	0.28608550708835107	-1.0546348005967228	-0.5374285173655857	0.8649465983805509	NA	NA	NA	NA	NA
chr12-68567616-68570265_8	chr12-68567616-68570265	GATAAATAGCAAATAAACAG;TGTGTAAACTGTGTGAATCT	-15	1.0093128332649879	0.9834424693308816	0.5162128026825114	2.158332073847358	-1.02269511303401	NA	NA	NA	NA	NA
chr12-68567616-68570265_9	chr12-68567616-68570265	GATAAATAGCAAATAAACAG;GACAGGATCCTCATATAAAC	-15	0.027836607672076435	0.8714129840231969	1.4909967500579868	1.222080846514466	-0.3360364989205622	NA	NA	NA	NA	NA
chr12-68567616-68570265_10	chr12-68567616-68570265	TTAAGAAGGCAATCCCAACA;TAACATCAGCATGTGTAATG	-15	0.4675483019810282	0.8873452408527758	1.1150083164324294	-0.716434105930514	-0.7055677735462282	NA	NA	NA	NA	NA
chr12-68574599-68575471_1	chr12-68574599-68575471	TAGGGAAAGGTCTTGAACCA;GGTGGGTAGGCAGAAGCACA	-22	1.2193473052421884	1.8782092455195574	1.842036146785125	0.006965877805073204	-0.36754658919712974	NA	NA	NA	NA	NA
chr12-68574599-68575471_2	chr12-68574599-68575471	TAGGGAAAGGTCTTGAACCA;GAGCTAGTTAGGCAGCTATC	-22	0.588411538250588	1.0360836671385918	1.2169002742056363	-0.287248188295385	-0.13866502080960294	NA	NA	NA	NA	NA
chr12-68574599-68575471_3	chr12-68574599-68575471	GGATTCTCTGAGCAAAACCT;GGTGGGTAGGCAGAAGCACA	-22	0.38221563594128555	1.5153465855695822	2.107999543162854	-0.8292797841180672	-0.784530812019796	NA	NA	NA	NA	NA
chr12-68574599-68575471_4	chr12-68574599-68575471	GGATTCTCTGAGCAAAACCT;GAGCTAGTTAGGCAGCTATC	-22	0.3943024509532693	0.6476305542829655	0.8140121301955493	-0.004331710166097871	0.9330179208633526	NA	NA	NA	NA	NA
chr12-68574599-68575471_5	chr12-68574599-68575471	CTGATCCACCCAGCCCACTG;GGTGGGTAGGCAGAAGCACA	-22	-0.33194101534158377	0.5910220623984197	1.3657238197360448	-1.226432334099019	0.061541206254154	NA	NA	NA	NA	NA
chr12-68574599-68575471_6	chr12-68574599-68575471	CTGATCCACCCAGCCCACTG;GAGCTAGTTAGGCAGCTATC	-22	1.459288461835032	1.3211239231560525	0.2918979556960437	0.932052605513489	-0.2506192539314214	NA	NA	NA	NA	NA
chr12-68574599-68575471_7	chr12-68574599-68575471	TAGGGAAAGGTCTTGAACCA;ATGCTGACATGAGGATGGGT	-22	1.0503831588310444	0.7650513517738762	-0.03866317584162744	1.0288899405180607	0.3651352911479791	NA	NA	NA	NA	NA
chr12-68574599-68575471_8	chr12-68574599-68575471	GGATTCTCTGAGCAAAACCT;ATGCTGACATGAGGATGGGT	-22	0.8704595876814301	0.3727584487563872	-0.5330096964612048	0.9459165272366221	-1.16000870678639	NA	NA	NA	NA	NA
chr12-68574599-68575471_9	chr12-68574599-68575471	CTGATCCACCCAGCCCACTG;ATGCTGACATGAGGATGGGT	-22	0.08251410368743481	0.8369747620545577	1.4009438871386501	0.26347924917379995	0.012858159051325896	NA	NA	NA	NA	NA
chr12-68574599-68575471_10	chr12-68574599-68575471	TAGGCCGTCTACACCGCAGT;AGGGTTCAGGAAAGATAATA	-22	-0.7312899109432945	-1.0721654961758182	-0.6658206172966787	-0.11493104022664816	0.1699138555824381	NA	NA	NA	NA	NA
chr12-68583486-68584389_1	chr12-68583486-68584389	ACTCAGAAGGCCCCTAGATA;AGTGCTTGCTGTTATGTCCA	-30	0.6689256645645272	1.1946749668040486	1.379489652316117	1.330329133398141	-0.6743436062284668	NA	NA	NA	NA	NA
chr12-68583486-68584389_2	chr12-68583486-68584389	ACTCAGAAGGCCCCTAGATA;AAGCACTAACCACAAAGTAA	-30	1.042845139489149	1.150952145171685	0.7889000131352482	-0.17718065192518562	-0.7049771886804624	NA	NA	NA	NA	NA
chr12-68583486-68584389_3	chr12-68583486-68584389	ACTCAGAAGGCCCCTAGATA;ATGACCAGATATTCATGGTT	-30	1.302892890082724	1.4594110310020694	0.9403243454649779	-0.6516434013271415	-0.20927891860570294	NA	NA	NA	NA	NA
chr12-68583486-68584389_4	chr12-68583486-68584389	TAAGTTATAAACAACTCAGA;AGTGCTTGCTGTTATGTCCA	-30	-0.01444485974236038	-0.37888405033147454	-0.4026871338704131	0.08415224318914534	-0.8122814186843351	NA	NA	NA	NA	NA
chr12-68583486-68584389_5	chr12-68583486-68584389	TAAGTTATAAACAACTCAGA;AAGCACTAACCACAAAGTAA	-30	0.5928998054624556	0.18026644400336664	-0.34979456383736685	1.0323403048434179	-0.7171809404222412	NA	NA	NA	NA	NA
chr12-68583486-68584389_6	chr12-68583486-68584389	TAAGTTATAAACAACTCAGA;ATGACCAGATATTCATGGTT	-30	-0.3237694105750549	0.4272606433425887	1.1434301497296169	-1.8965265730759504	-1.2185958586669319	NA	NA	NA	NA	NA
chr12-68583486-68584389_7	chr12-68583486-68584389	AAATGGCCAAGACAAGTCCT;AGTGCTTGCTGTTATGTCCA	-30	0.3141087587555529	-0.04668697827877081	-0.29817138523688724	-0.3947535532579071	-1.7594547475532794	NA	NA	NA	NA	NA
chr12-68583486-68584389_8	chr12-68583486-68584389	AAATGGCCAAGACAAGTCCT;AAGCACTAACCACAAAGTAA	-30	0.3207885883635236	-0.08256812794907069	-0.379369539695298	-1.7260882083672333	-1.7839910347902945	NA	NA	NA	NA	NA
chr12-68583486-68584389_9	chr12-68583486-68584389	AAATGGCCAAGACAAGTCCT;ATGACCAGATATTCATGGTT	-30	1.2616230458395166	1.170613248543122	0.4075098431475139	-0.1824989726001197	-0.4453883330147408	NA	NA	NA	NA	NA
chr12-68583486-68584389_10	chr12-68583486-68584389	GGAAATCCTAAAGCCTATAT;AACATGCTCAGAGGGACAAT	-30	-0.09809384115598123	0.18365733425973846	0.6136968812238032	0.8041026816652014	-1.0678300726339192	NA	NA	NA	NA	NA
chr12-68592236-68592767_1	chr12-68592236-68592767	ATAACTCACAGACGTAGTGA;GAAGGAGCTTGAGTACCAGT	-39	-0.056579657518706944	1.2435345078540327	2.0383008783660683	2.585893903760556	-0.19725867803496216	NA	NA	NA	NA	NA
chr12-68592236-68592767_2	chr12-68592236-68592767	ATAACTCACAGACGTAGTGA;GTTGCAAAGAACCCTCAGCA	-39	1.1436708515017795	0.5540385309438352	-0.8306045537161385	0.6106562160027929	0.28960419263117954	NA	NA	NA	NA	NA
chr12-68592236-68592767_3	chr12-68592236-68592767	ATAACTCACAGACGTAGTGA;ACTGATATATTCCATTCCTC	-39	-0.047858897663820656	-0.7707589017365046	-1.0927523108091626	1.0763193432550302	-0.3528023708538498	NA	NA	NA	NA	NA
chr12-68592236-68592767_4	chr12-68592236-68592767	CAAAACTTAACCGAGCTTGG;GAAGGAGCTTGAGTACCAGT	-39	0.43075259529528576	-0.0872494881144829	-0.59322401140225	-0.7143309085107808	-2.4061393018828654	NA	NA	NA	NA	NA
chr12-68592236-68592767_5	chr12-68592236-68592767	CAAAACTTAACCGAGCTTGG;GTTGCAAAGAACCCTCAGCA	-39	0.9426187694510205	0.69847086600173	0.04874820590648488	0.7262659605822219	-1.247892751721354	NA	NA	NA	NA	NA
chr12-68592236-68592767_6	chr12-68592236-68592767	CAAAACTTAACCGAGCTTGG;ACTGATATATTCCATTCCTC	-39	-0.12992476813431397	0.06841785518704395	0.47104667833788394	0.7116781858864768	0.11250229800223567	NA	NA	NA	NA	NA
chr12-68592236-68592767_7	chr12-68592236-68592767	ATCATGAGAATTCATAAGAA;GAAGGAGCTTGAGTACCAGT	-39	-1.0095070297780917	-1.320884389820701	-0.764489571061912	1.8734030466411862	0.04784898511412065	NA	NA	NA	NA	NA
chr12-68592236-68592767_8	chr12-68592236-68592767	ATCATGAGAATTCATAAGAA;GTTGCAAAGAACCCTCAGCA	-39	0.6875371663515594	0.6887694407915296	0.48936769367402255	-1.1928985349294787	0.7861870757222436	NA	NA	NA	NA	NA
chr12-68592236-68592767_9	chr12-68592236-68592767	ATCATGAGAATTCATAAGAA;ACTGATATATTCCATTCCTC	-39	0.6151031896375999	0.3961674370142565	0.04971526804287973	-1.1892273298441707	-1.1080302878385029	NA	NA	NA	NA	NA
chr12-68592236-68592767_10	chr12-68592236-68592767	CAGACGTGCGCCACCAAGCT;GTCTCTCTGGCATCATCAGT	-39	-0.9388081730795714	-0.16510109759331507	0.7619618595491203	-0.17940570560367908	0.812834115203679	NA	NA	NA	NA	NA
chr12-68597020-68597956_1	chr12-68597020-68597956	AGCGGACTGGTAGTTTCCCC;AGGTAGAAGACACAGTTGAC	-44	-0.10729627742946592	-1.0223383896890168	-1.5020470618757935	-1.363872896491864	-0.710047468724246	NA	NA	NA	NA	NA
chr12-68597020-68597956_2	chr12-68597020-68597956	AGCGGACTGGTAGTTTCCCC;AGTGAGGGACAAAACCTCTC	-44	0.5722421621873579	0.5526657738302823	0.4151504207505651	2.0407285253682996	-0.915322146985847	NA	NA	NA	NA	NA
chr12-68597020-68597956_3	chr12-68597020-68597956	AGCGGACTGGTAGTTTCCCC;ATTGCACATCCAAGTTTCCC	-44	0.605692056984254	0.9760797230520041	1.099813650383637	0.5276200044684533	-0.5036694242867689	NA	NA	NA	NA	NA
chr12-68597020-68597956_4	chr12-68597020-68597956	AATGTTCAGTGTAGACTACA;AGGTAGAAGACACAGTTGAC	-44	0.6974939028409984	1.0776638503440834	1.1561663169519978	1.394488688606091	0.2176384898269116	NA	NA	NA	NA	NA
chr12-68597020-68597956_5	chr12-68597020-68597956	AATGTTCAGTGTAGACTACA;AGTGAGGGACAAAACCTCTC	-44	-0.04310459388962638	0.20826202272713723	0.5970237111421719	-0.12975490522073457	-1.7323253882588958	NA	NA	NA	NA	NA
chr12-68597020-68597956_6	chr12-68597020-68597956	AATGTTCAGTGTAGACTACA;ATTGCACATCCAAGTTTCCC	-44	0.3999328621547865	-0.1288634899480332	-0.6199910137693108	-1.5008668999131178	-0.2412116705174915	NA	NA	NA	NA	NA
chr12-68597020-68597956_7	chr12-68597020-68597956	GTGATTCCTGTGCTCAGATA;AGGTAGAAGACACAGTTGAC	-44	0.9564001076778857	0.5302809392337	-0.36652690380569125	0.5523249112011245	-0.6744804564117255	NA	NA	NA	NA	NA
chr12-68597020-68597956_8	chr12-68597020-68597956	GTGATTCCTGTGCTCAGATA;AGTGAGGGACAAAACCTCTC	-44	-0.2346592759350538	-0.18218967885817786	0.19378865112383972	-0.14872662703341188	-0.2769343837750688	NA	NA	NA	NA	NA
chr12-68597020-68597956_9	chr12-68597020-68597956	GTGATTCCTGTGCTCAGATA;ATTGCACATCCAAGTTTCCC	-44	0.9291706020877857	1.0838819420485217	0.8465172388380797	1.4814791552968956	-0.5680401855623162	NA	NA	NA	NA	NA
chr12-68597020-68597956_10	chr12-68597020-68597956	ATCTCGAGCAGCTGGCTTGT;GCAGGTGGGAAGTGCCAGAG	-44	0.24548258599626627	0.38222147850611166	0.5570914451459776	-0.5784372192111974	0.22560764270477657	NA	NA	NA	NA	NA
chr12-68603137-68604004_1	chr12-68603137-68604004	TATAAGGGTCACTAATGTCT;TGGTTTCGCAGAGAGACACT	-50	-1.4616734161212785	-0.46589909349133596	0.6575558656406705	-1.7835832629989246	-1.6235659052747713	NA	NA	NA	NA	NA
chr12-68603137-68604004_2	chr12-68603137-68604004	TATAAGGGTCACTAATGTCT;GTTATAGAGAATATAGAAAT	-50	1.263576880351244	1.4596595430135608	1.012031041340176	1.812178964402399	1.3892360733714617	NA	NA	NA	NA	NA
chr12-68603137-68604004_3	chr12-68603137-68604004	GAGAGAGAAAGTGAGTCCAG;TGGTTTCGCAGAGAGACACT	-50	1.4692493205285557	0.41534473016384443	-3.0710788231534254	-0.2653344623781804	0.847637572588502	NA	NA	NA	NA	NA
chr12-68603137-68604004_4	chr12-68603137-68604004	GAGAGAGAAAGTGAGTCCAG;GTTATAGAGAATATAGAAAT	-50	-0.21016844416986113	-0.5087857474024224	-0.36158299481049094	0.9275921002227946	0.45970002586496905	NA	NA	NA	NA	NA
chr12-68603137-68604004_5	chr12-68603137-68604004	ATTACCCCAACAATCAGTAG;TGGTTTCGCAGAGAGACACT	-50	-0.6168762728637168	-0.42995041111869514	0.18369623080728797	-0.1681455743830003	-1.042153257116993	NA	NA	NA	NA	NA
chr12-68603137-68604004_6	chr12-68603137-68604004	TATAAGGGTCACTAATGTCT;GCACTTCAGATAATATTTGT	-50	-0.3027015421256037	0.6849378457239761	1.469500860240904	-0.2931148460834709	0.08670566019996034	NA	NA	NA	NA	NA
chr12-68603137-68604004_7	chr12-68603137-68604004	ATTACCCCAACAATCAGTAG;GTTATAGAGAATATAGAAAT	-50	0.09189115937281944	0.03468776412373947	0.1698210597690626	-0.47887321008116307	0.4721399353494522	NA	NA	NA	NA	NA
chr12-68603137-68604004_8	chr12-68603137-68604004	GAGAGAGAAAGTGAGTCCAG;GCACTTCAGATAATATTTGT	-50	-1.5675131622307015	0.1637448525527858	1.419849279867208	1.7824842103686085	-0.6195078662516326	NA	NA	NA	NA	NA
chr12-68603137-68604004_9	chr12-68603137-68604004	ATTACCCCAACAATCAGTAG;GCACTTCAGATAATATTTGT	-50	1.0110279744590291	0.6917445401103982	-0.11694494296170652	-0.9322980129752355	0.8621363046659666	NA	NA	NA	NA	NA
chr12-68603137-68604004_10	chr12-68603137-68604004	AGAGAGAAAGTGAGTCCAGG;AAAAAAACAGCACAAGCACT	-50	0.48307989968247506	0.8991688790572124	1.11661846987028	-1.3144976656849496	-0.30294000695785406	NA	NA	NA	NA	NA
chr12-68616592-68617462_1	chr12-68616592-68617462	AGTGCACACATTAAGCAAGT;TGAGTGTGAGTAGATCGGCT	-64	-0.5227152768538021	-0.6110952802587684	-0.17009844746754643	0.18303153111347834	-1.0525330872997891	NA	NA	NA	NA	NA
chr12-68616592-68617462_2	chr12-68616592-68617462	TACGGACGGCAGGGGAAATA;TGAGTGTGAGTAGATCGGCT	-64	-0.6757665097520184	-1.196639059698154	-0.9294563726610384	0.2708918283033598	-1.53801689691058	NA	NA	NA	NA	NA
chr12-68616592-68617462_3	chr12-68616592-68617462	GGTACTCTGGGATAATGCTT;TGAGTGTGAGTAGATCGGCT	-64	-0.6186550067336704	-2.2549005159759163	-3.1897551811292035	-0.23192529062301537	-0.24280657929257374	NA	NA	NA	NA	NA
chr12-68616592-68617462_4	chr12-68616592-68617462	AGTGCACACATTAAGCAAGT;AAACACAGGGAGAATTCTCT	-64	-0.1390010657474038	0.20025862155509783	0.6767556259590916	-0.18733036853291132	1.0532926676917784	NA	NA	NA	NA	NA
chr12-68616592-68617462_5	chr12-68616592-68617462	TACGGACGGCAGGGGAAATA;AAACACAGGGAGAATTCTCT	-64	1.398656798318698	1.449008959328534	0.7288920934535381	-0.5728309245438535	-0.3398727061393985	NA	NA	NA	NA	NA
chr12-68616592-68617462_6	chr12-68616592-68617462	GGTACTCTGGGATAATGCTT;AAACACAGGGAGAATTCTCT	-64	0.15157707807312412	-0.25237216728061945	-0.42361896988406095	-0.5629583184182742	0.039836617884931785	NA	NA	NA	NA	NA
chr12-68616592-68617462_7	chr12-68616592-68617462	AGTGCACACATTAAGCAAGT;TTGCAGATGGTACAAAGGTT	-64	-0.3270114723741526	-0.6956710343818548	-0.5278066359511147	-2.07660894821295	-0.826059710243227	NA	NA	NA	NA	NA
chr12-68616592-68617462_8	chr12-68616592-68617462	TACGGACGGCAGGGGAAATA;TTGCAGATGGTACAAAGGTT	-64	-0.7064818269530466	0.5108558434744359	1.477519038381022	0.0900577697474317	0.37782807278229424	NA	NA	NA	NA	NA
chr12-68616592-68617462_9	chr12-68616592-68617462	GGTACTCTGGGATAATGCTT;TTGCAGATGGTACAAAGGTT	-64	-1.1870174929934274	0.08697853922507781	1.191720579464328	0.005272927669440668	0.09521220837879106	NA	NA	NA	NA	NA
chr12-68616592-68617462_10	chr12-68616592-68617462	AACAACCTCAATAGTACGGA;GGTCACTGAGACTTAAACAC	-64	0.14599704730547539	-0.29845573514745233	-0.5019640225304602	1.1856905650391565	-0.6847128965090945	NA	NA	NA	NA	NA
chr12-68625035-68625407_1	chr12-68625035-68625407	AGAGACAGGTAACAGAAAGT;GTGATGACTTAATATTCCAC	-72	0.6546516944878665	1.0186295025272016	1.110825850200413	1.1679725829354066	-1.1331108626401647	NA	NA	NA	NA	NA
chr12-68625035-68625407_2	chr12-68625035-68625407	AGAGACAGGTAACAGAAAGT;TGGGAGGCTGCACAGACAGT	-72	-0.46029962746023934	-0.5920098122676031	-0.20509005650752815	0.14877615409678951	-0.9202976390758159	NA	NA	NA	NA	NA
chr12-68625035-68625407_3	chr12-68625035-68625407	AGAGACAGGTAACAGAAAGT;ACAGACAGTGGGAAACACGT	-72	0.17093182200732235	0.5134270231162622	0.8469991763420992	0.8311015568512513	0.42829921821999645	NA	NA	NA	NA	NA
chr12-68625035-68625407_4	chr12-68625035-68625407	TCTGCACTCCTCCCAGCCCT;GTGATGACTTAATATTCCAC	-72	0.12081359952811904	0.5233592660920997	0.9121617105426391	0.39966272195817704	0.38273250546622656	NA	NA	NA	NA	NA
chr12-68625035-68625407_5	chr12-68625035-68625407	TCTGCACTCCTCCCAGCCCT;TGGGAGGCTGCACAGACAGT	-72	-1.2677325871478309	-2.076493082579979	-1.6647765613810968	-0.32252445234964516	-1.567088200497099	NA	NA	NA	NA	NA
chr12-68625035-68625407_6	chr12-68625035-68625407	TCTGCACTCCTCCCAGCCCT;ACAGACAGTGGGAAACACGT	-72	-1.2714022105566283	-0.9599519251103205	-0.05758463213681689	1.2493624328859938	0.9567654658083143	NA	NA	NA	NA	NA
chr12-68625035-68625407_7	chr12-68625035-68625407	AACGTCCATTAATGAATGGA;GTGATGACTTAATATTCCAC	-72	-0.32282775423608334	-0.6983876223933623	-0.5377621566272732	-0.36720451841818985	-0.1328123694753829	NA	NA	NA	NA	NA
chr12-68625035-68625407_8	chr12-68625035-68625407	AACGTCCATTAATGAATGGA;TGGGAGGCTGCACAGACAGT	-72	0.6338847956039452	0.85106727574275	0.855220807387405	-0.8291408140194217	0.027263847506307448	NA	NA	NA	NA	NA
chr12-68625035-68625407_9	chr12-68625035-68625407	AACGTCCATTAATGAATGGA;ACAGACAGTGGGAAACACGT	-72	-0.8034430998118975	-0.437286749953064	0.31905962697282403	-1.1152359563663157	0.7478933947919839	NA	NA	NA	NA	NA
chr12-68625035-68625407_10	chr12-68625035-68625407	GAGTAACTGCTTAATGGTAT;CCTTGGGAACTGCTCTAATG	-72	0.17712397971899185	-0.7218016100107298	-1.4539877253764428	0.8211428768907234	0.052022935741015644	NA	NA	NA	NA	NA
chr12-68628018-68628307_1	chr12-68628018-68628307	AGTCGGGTGAATCCTAATTA;TCTGTGCTGAAGCTCTATTA	-75	-0.22802414340573873	-0.05550592577604814	0.38018383776328535	1.0451219177799822	0.368573020920227	NA	NA	NA	NA	NA
chr12-68628018-68628307_2	chr12-68628018-68628307	TGTGCCCAATAAATACCATC;TCTGTGCTGAAGCTCTATTA	-75	0.8189428039876735	1.2945650735066125	1.3667013790777187	0.4761528852915709	-0.08540699472704513	NA	NA	NA	NA	NA
chr12-68628018-68628307_3	chr12-68628018-68628307	AGTCGGGTGAATCCTAATTA;ATAGGAAATTGGCTCAGCCC	-75	0.3192945299205931	-0.1651572662995343	-0.5412992695731144	1.57980103790816	-0.5187605645874236	NA	NA	NA	NA	NA
chr12-68628018-68628307_4	chr12-68628018-68628307	GTAACCCGATGGTATTTATT;TCTGTGCTGAAGCTCTATTA	-75	0.9279795425526066	1.1657946329405544	0.9984068317830419	0.01896639968722277	0.11824312437632976	NA	NA	NA	NA	NA
chr12-68628018-68628307_5	chr12-68628018-68628307	AGTCGGGTGAATCCTAATTA;ATAACGGTAAGAGTTTGTAG	-75	-0.27679406550269375	-1.344608235469293	-1.8490022463633573	0.1725587341264944	-0.911870318470769	NA	NA	NA	NA	NA
chr12-68628018-68628307_6	chr12-68628018-68628307	TGTGCCCAATAAATACCATC;ATAGGAAATTGGCTCAGCCC	-75	-0.5374984978700037	-0.06243542490475138	0.6342934048578276	0.7026539230738323	-0.6926870963746439	NA	NA	NA	NA	NA
chr12-68628018-68628307_7	chr12-68628018-68628307	GTAACCCGATGGTATTTATT;ATAGGAAATTGGCTCAGCCC	-75	0.4184533527271761	-0.7479534146214123	-2.2218880729747394	-2.664478543855965	-1.5570253710951139	NA	NA	NA	NA	NA
chr12-68628018-68628307_8	chr12-68628018-68628307	TGTGCCCAATAAATACCATC;ATAACGGTAAGAGTTTGTAG	-75	0.8306360296477588	0.81778892569591	0.5024677058623971	2.0760745709705097	-0.10674519151305843	NA	NA	NA	NA	NA
chr12-68628018-68628307_9	chr12-68628018-68628307	GTAACCCGATGGTATTTATT;ATAACGGTAAGAGTTTGTAG	-75	-0.007028800222030972	-1.595072877670272	-3.3236917113661217	-1.3818767190311472	0.5011333866678278	NA	NA	NA	NA	NA
chr12-68628018-68628307_10	chr12-68628018-68628307	GAGTCGGGTGAATCCTAATT;TATGGAGCTTAGATTCACAT	-75	-0.18780010641076428	0.4793060803106171	1.1148556284356088	-0.23061856923831842	-2.0618485150921346	NA	NA	NA	NA	NA
chr12-68630163-68630950_1	chr12-68630163-68630950	ACTCTGTAGACAAGCCCCAT;TAGGATATACAAGATCCTGT	-77	0.4264412489466366	0.6121370647406498	0.7169051065972817	-2.056266790694778	-0.5345639824450854	NA	NA	NA	NA	NA
chr12-68630163-68630950_2	chr12-68630163-68630950	ATAGGGCAGGTCCATTTGGA;TAGGATATACAAGATCCTGT	-77	1.6795480745293638	1.7317295172267366	0.7361375614596938	-1.192946785653502	-0.48198642070055836	NA	NA	NA	NA	NA
chr12-68630163-68630950_3	chr12-68630163-68630950	TCTGATCATTGGCTTAGATT;TAGGATATACAAGATCCTGT	-77	0.41259035770531777	0.09869968662102276	-0.1831250675489831	0.8142424452917093	0.23684445407723032	NA	NA	NA	NA	NA
chr12-68630163-68630950_4	chr12-68630163-68630950	ACTCTGTAGACAAGCCCCAT;GGGTATAGGGGCTTAAATGT	-77	0.536082168490655	0.7523872652403298	0.8142295969951652	0.7848311894263081	-0.31273323777821765	NA	NA	NA	NA	NA
chr12-68630163-68630950_5	chr12-68630163-68630950	ATAGGGCAGGTCCATTTGGA;GGGTATAGGGGCTTAAATGT	-77	0.9052545948880452	0.606806268847889	-0.07319623469297494	0.19843005412376555	1.0582275175225333	NA	NA	NA	NA	NA
chr12-68630163-68630950_6	chr12-68630163-68630950	ACTCTGTAGACAAGCCCCAT;ACTGACATGTGCTACCAGTG	-77	-0.13393463600884178	0.633609312293644	1.286088087790707	-0.7096285938852058	-1.0847558451879566	NA	NA	NA	NA	NA
chr12-68630163-68630950_7	chr12-68630163-68630950	TCTGATCATTGGCTTAGATT;GGGTATAGGGGCTTAAATGT	-77	0.23477341297994714	0.6559347441373221	1.000308627008444	0.5108584457562594	-0.8978535733124576	NA	NA	NA	NA	NA
chr12-68630163-68630950_8	chr12-68630163-68630950	ATAGGGCAGGTCCATTTGGA;ACTGACATGTGCTACCAGTG	-77	0.05365189504205404	-0.08889833924437936	0.010091551248723333	0.6305351811307248	-1.7739075450101263	NA	NA	NA	NA	NA
chr12-68630163-68630950_9	chr12-68630163-68630950	TCTGATCATTGGCTTAGATT;ACTGACATGTGCTACCAGTG	-77	-0.628255270972429	0.6655629025791063	1.6273323435718472	0.3854452619871007	0.027745385506978568	NA	NA	NA	NA	NA
chr12-68630163-68630950_10	chr12-68630163-68630950	GAGAAGTACACCTATCCTCA;GAAGATGGAGCAATTAACTA	-77	0.7611738696653767	-0.09852680243330822	-1.4622199178855142	0.5836155753346756	-0.8413360348852782	NA	NA	NA	NA	NA
chr12-68634561-68635320_1	chr12-68634561-68635320	GCTGAGGAAAAGCCACCAGA;AGATAGTTGCTGCTCACCCA	-81	-0.8180581095028405	-1.1146549219967523	-0.6410342328408455	-0.05864553943569651	0.09582448655981192	NA	NA	NA	NA	NA
chr12-68634561-68635320_2	chr12-68634561-68635320	GTATTCAAGAAGTAGCAAGA;AGATAGTTGCTGCTCACCCA	-81	0.1499601158300352	0.20452665673635503	0.38008377451907105	-1.1641628320101547	0.21469427439250693	NA	NA	NA	NA	NA
chr12-68634561-68635320_3	chr12-68634561-68635320	GATATCCCCAGATATTCACA;AGATAGTTGCTGCTCACCCA	-81	-0.2391346363363112	-0.2650599347673888	0.06951749129455938	0.23177004218567226	-0.29468900240865753	NA	NA	NA	NA	NA
chr12-68634561-68635320_4	chr12-68634561-68635320	GCTGAGGAAAAGCCACCAGA;GAAGTAGCTAGAGTCAACCT	-81	0.565608537517496	0.19229930107110435	-0.27133426997988885	1.2890215137788104	1.3726719484064378	NA	NA	NA	NA	NA
chr12-68634561-68635320_5	chr12-68634561-68635320	GTATTCAAGAAGTAGCAAGA;GAAGTAGCTAGAGTCAACCT	-81	0.8320493384770199	2.3701202183687817	2.940455957071734	-0.411678176249396	2.176470145752701	NA	NA	NA	NA	NA
chr12-68634561-68635320_6	chr12-68634561-68635320	GATATCCCCAGATATTCACA;GAAGTAGCTAGAGTCAACCT	-81	0.29410468026361297	0.028085328997941455	-0.12434990008598762	1.1893115839325037	1.0942287499262071	NA	NA	NA	NA	NA
chr12-68634561-68635320_7	chr12-68634561-68635320	GCTGAGGAAAAGCCACCAGA;GTAAAAGACGGGCTAACTGC	-81	-0.7040711739570273	-0.04002364674844352	0.7801158131921545	-0.6237416060771498	-0.6284565308929888	NA	NA	NA	NA	NA
chr12-68634561-68635320_8	chr12-68634561-68635320	GTATTCAAGAAGTAGCAAGA;GTAAAAGACGGGCTAACTGC	-81	0.7432353898660081	0.3280015045183645	-0.34166422989296075	0.14783589212481582	0.19366642138898377	NA	NA	NA	NA	NA
chr12-68634561-68635320_9	chr12-68634561-68635320	GATATCCCCAGATATTCACA;GTAAAAGACGGGCTAACTGC	-81	-0.30444845509124663	0.2626176616505012	0.9049438631764453	0.6619561623389804	-0.5913606082443611	NA	NA	NA	NA	NA
chr12-68634561-68635320_10	chr12-68634561-68635320	TTAGGTAAGGAGATCAGGGA;CTATCTGAGGCCCATGGTAC	-81	1.2476951553947073	0.17222976244906124	-2.7184007445481098	-0.5778765264977291	-1.959154078030674	NA	NA	NA	NA	NA
chr12-68653020-68653612_1	chr12-68653020-68653612	AGACACTCTTCAGTAATGAC;GACAGTAGAGGGCAGATGTT	-100	0.7464397801220994	1.182804577623218	1.270298216147247	0.44579146180825513	0.22599501579886513	NA	NA	NA	NA	NA
chr12-68653020-68653612_2	chr12-68653020-68653612	AGACACTCTTCAGTAATGAC;AGATCCTCTCAGCCTTTGAT	-100	-0.11881582727810723	0.5501012099688831	1.1596518385218373	0.5637439026221355	0.6901267303959208	NA	NA	NA	NA	NA
chr12-68653020-68653612_3	chr12-68653020-68653612	AGACACTCTTCAGTAATGAC;TAAGACAACACCAAGAATCA	-100	0.6345663873547583	1.0545018780787776	1.1935338417739918	0.5362952143771551	0.2611461485865976	NA	NA	NA	NA	NA
chr12-68653020-68653612_4	chr12-68653020-68653612	AGAGACATGGTCGATACTCT;GACAGTAGAGGGCAGATGTT	-100	0.6666401035787509	0.7779054903848381	0.6824071213637181	-0.0777151681311973	-1.307009453943376	NA	NA	NA	NA	NA
chr12-68653020-68653612_5	chr12-68653020-68653612	AGAGACATGGTCGATACTCT;AGATCCTCTCAGCCTTTGAT	-100	-0.5729262967159039	-0.9992140347257353	-0.7286207761752619	-0.8995266522347476	-0.468717041215135	NA	NA	NA	NA	NA
chr12-68653020-68653612_6	chr12-68653020-68653612	AGAGACATGGTCGATACTCT;TAAGACAACACCAAGAATCA	-100	1.0082441432985052	0.5820265563149866	-0.3706197457692682	0.08234563064671846	1.9373010684697205	NA	NA	NA	NA	NA
chr12-68653020-68653612_7	chr12-68653020-68653612	TAGCAAAAGGGTATAAAAGA;GACAGTAGAGGGCAGATGTT	-100	0.5152117252855434	-0.14252515207386393	-0.897452440591369	-0.8977738084035642	-1.490054576501963	NA	NA	NA	NA	NA
chr12-68653020-68653612_8	chr12-68653020-68653612	TAGCAAAAGGGTATAAAAGA;AGATCCTCTCAGCCTTTGAT	-100	1.515372854963659	1.708396051346139	1.048201795924287	-0.9257078948793676	0.05708286522190217	NA	NA	NA	NA	NA
chr12-68653020-68653612_9	chr12-68653020-68653612	TAGCAAAAGGGTATAAAAGA;TAAGACAACACCAAGAATCA	-100	0.6883244842114135	0.6212309149483177	0.361457076234544	1.4489585392067668	0.5245029628658999	NA	NA	NA	NA	NA
chr12-68653020-68653612_10	chr12-68653020-68653612	AGGGCTGACTTAGCTATTCG;CTGAACAAATATATACCCTG	-100	0.1957837361951801	-0.1840965139789509	-0.3658831763387395	-0.19591688740377644	0.8626371454820911	NA	NA	NA	NA	NA
chr12-68655680-68656088_1	chr12-68655680-68656088	ATGGAATATAGTAAGCGTTC;AATTCGGGTAATAACTTCCA	-102	-1.6525298134845872	-0.7739196147317493	0.37647459674442096	-1.0872123528559843	1.3743930473959878	NA	NA	NA	NA	NA
chr12-68655680-68656088_2	chr12-68655680-68656088	AAATCAATAAAAGACCACCC;AATTCGGGTAATAACTTCCA	-102	0.41076578076283576	0.332908063663163	0.2561754587969264	-0.3223057205223863	-1.2667000484467945	NA	NA	NA	NA	NA
chr12-68655680-68656088_3	chr12-68655680-68656088	ATGGAATATAGTAAGCGTTC;TCAGTTCTGTACCTCCCAGG	-102	1.5449538835302308	1.3890435186982601	0.23577476053053611	-0.33894860982290126	-1.326148291962624	NA	NA	NA	NA	NA
chr12-68655680-68656088_4	chr12-68655680-68656088	ATGGAATATAGTAAGCGTTC;GGAGGTACAGAACTGAGCAG	-102	0.3098511013098881	0.8241253564061783	1.180952520522987	2.397454400805246	1.9284806879747765	NA	NA	NA	NA	NA
chr12-68655680-68656088_5	chr12-68655680-68656088	AAATCAATAAAAGACCACCC;TCAGTTCTGTACCTCCCAGG	-102	-0.1568049926809032	0.2595077024209701	0.77918822252591	-1.3710092596610706	-0.5669642521149317	NA	NA	NA	NA	NA
chr12-68655680-68656088_6	chr12-68655680-68656088	AAATCAATAAAAGACCACCC;GGAGGTACAGAACTGAGCAG	-102	0.3797277304460261	-1.0762756011436976	-3.1877532522018956	1.2812603555047577	0.11919366532364951	NA	NA	NA	NA	NA
chr12-68655680-68656088_7	chr12-68655680-68656088	AGTTTGACCATACAGGATGA;AATTCGGGTAATAACTTCCA	-102	0.7607227069773974	0.7804424896531036	0.5453677390497254	0.004466360434069903	1.4593835380059268	NA	NA	NA	NA	NA
chr12-68655680-68656088_8	chr12-68655680-68656088	AGTTTGACCATACAGGATGA;TCAGTTCTGTACCTCCCAGG	-102	1.4261583466609862	1.4622796547494847	0.6993420131700159	0.41138648205148626	1.8097026614123475	NA	NA	NA	NA	NA
chr12-68655680-68656088_9	chr12-68655680-68656088	AGTTTGACCATACAGGATGA;GGAGGTACAGAACTGAGCAG	-102	-0.62159578680864	0.7041591032349811	1.6710309128876342	1.5540746626344386	-0.66519091365527	NA	NA	NA	NA	NA
chr12-68655680-68656088_10	chr12-68655680-68656088	AACACCAGCTATTAACTACA;ATTGCTACATGTAACTACAA	-102	1.333739164045456	0.7277693982758666	-0.9688179265968072	0.14219561281208157	0.20342795019244242	NA	NA	NA	NA	NA
chr12-68658371-68658710_1	chr12-68658371-68658710	GATCAGTGGCAACAGCAGTT;GTTATAGTGGAGAAAATGTA	-105	0.11101598145144755	-0.8501863986794396	-1.5984014343314186	-1.2605459738576166	-2.536334129032017	NA	NA	NA	NA	NA
chr12-68658371-68658710_2	chr12-68658371-68658710	GATCAGTGGCAACAGCAGTT;GGTTATAGTGGAGAAAATGT	-105	0.08488922796672711	0.2589233945885911	0.5419689339396253	-0.9502828383423901	-0.6129480288202458	NA	NA	NA	NA	NA
chr12-68658371-68658710_3	chr12-68658371-68658710	GCACCTGCAGATATGATCAG;GTTATAGTGGAGAAAATGTA	-105	0.7135467685154971	0.8360724631058928	0.7187328879183013	0.30563387240993756	-0.01231301185634589	NA	NA	NA	NA	NA
chr12-68658371-68658710_4	chr12-68658371-68658710	AAGCCGTATTCAAACACCTC;GTTATAGTGGAGAAAATGTA	-105	-0.07980401774410918	1.1122650017445648	1.8840272686765467	0.10499076576923971	0.6369088566090948	NA	NA	NA	NA	NA
chr12-68658371-68658710_5	chr12-68658371-68658710	GCACCTGCAGATATGATCAG;GGTTATAGTGGAGAAAATGT	-105	0.86097767187739	0.45754292484034714	-0.3110706087103567	0.24852577645477808	0.139178224784193	NA	NA	NA	NA	NA
chr12-68658371-68658710_6	chr12-68658371-68658710	AAGCCGTATTCAAACACCTC;GGTTATAGTGGAGAAAATGT	-105	0.7298183785451678	0.9236041733660745	0.8509617511382024	0.7471117080264535	0.02541963662382511	NA	NA	NA	NA	NA
chr12-68658371-68658710_7	chr12-68658371-68658710	GATCAGTGGCAACAGCAGTT;ATAATAGACCTTGGTTATAG	-105	0.9507323686253334	1.1414978272147034	0.9197780115514943	0.8720106298936134	1.3084080944471423	NA	NA	NA	NA	NA
chr12-68658371-68658710_8	chr12-68658371-68658710	GCACCTGCAGATATGATCAG;ATAATAGACCTTGGTTATAG	-105	0.29774880229214057	-0.8166175305918832	-2.0212079082187424	0.15390668338279226	0.3982140205746167	NA	NA	NA	NA	NA
chr12-68658371-68658710_9	chr12-68658371-68658710	AAGCCGTATTCAAACACCTC;ATAATAGACCTTGGTTATAG	-105	-0.9403636883746802	-0.18120133879986403	0.7424832030736598	-0.41485691055924195	0.5014369300827294	NA	NA	NA	NA	NA
chr12-68658371-68658710_10	chr12-68658371-68658710	GGGCCCATGAATCAATGAAG;TTCAAGGCAGTCTTAAGTGC	-105	0.6753603119322368	0.2542224805300468	-0.3594615468405857	1.4875350382755246	-1.3340247680045343	NA	NA	NA	NA	NA
chr12-68660758-68662442_1	chr12-68660758-68662442	AGAGGCTGCTGATGTCATGA;GTATAATAGAACTTCAGAGC	-108	0.421814154300035	0.7515032199624724	0.9499174909081781	-0.2202306562110935	0.1957623224558475	NA	NA	NA	NA	NA
chr12-68660758-68662442_2	chr12-68660758-68662442	AGAGGCTGCTGATGTCATGA;TACATAAAGAGGATGAGCAC	-108	0.8748671306765912	1.2094084418288942	1.1507675139233196	0.8179371449838211	-0.32295328967334286	NA	NA	NA	NA	NA
chr12-68660758-68662442_3	chr12-68660758-68662442	AGAGGCTGCTGATGTCATGA;GTTAATGGTTGGTTACACTT	-108	-0.30629270110227613	-0.8804000809736388	-0.878234986788066	-0.719999879434368	-2.618642235058812	NA	NA	NA	NA	NA
chr12-68660758-68662442_4	chr12-68660758-68662442	TGATTATTCAAGCAGAACGT;GTATAATAGAACTTCAGAGC	-108	-0.43630916508255285	0.13226417508453703	0.8252988437870898	0.2500090748716255	-0.8365871113588866	NA	NA	NA	NA	NA
chr12-68660758-68662442_5	chr12-68660758-68662442	GGGAGATAGAAAAGTAACCT;GTATAATAGAACTTCAGAGC	-108	0.6895256853111531	0.35567901274101055	-0.17093253119959423	0.25460744455527795	0.017068572289167402	NA	NA	NA	NA	NA
chr12-68660758-68662442_6	chr12-68660758-68662442	TGATTATTCAAGCAGAACGT;TACATAAAGAGGATGAGCAC	-108	0.8166230762885691	0.6665698451016722	0.22874305024923006	0.9386919995819627	0.7204865872212887	NA	NA	NA	NA	NA
chr12-68660758-68662442_7	chr12-68660758-68662442	GGGAGATAGAAAAGTAACCT;TACATAAAGAGGATGAGCAC	-108	-0.04767968105917448	-0.29125353994007874	-0.20279462938241147	1.1634263376340743	0.07480029600880268	NA	NA	NA	NA	NA
chr12-68660758-68662442_8	chr12-68660758-68662442	TGATTATTCAAGCAGAACGT;GTTAATGGTTGGTTACACTT	-108	0.44747467027788457	0.7266647167537702	0.8800868493387862	1.3717211348251648	0.06520113469250126	NA	NA	NA	NA	NA
chr12-68660758-68662442_9	chr12-68660758-68662442	GGGAGATAGAAAAGTAACCT;GTTAATGGTTGGTTACACTT	-108	-1.2005602665164077	-1.4567724874144414	-0.7901709594604341	0.7051915609297525	0.6763106374098578	NA	NA	NA	NA	NA
chr12-68660758-68662442_10	chr12-68660758-68662442	CCTTCACAACATGAGGAAGT;TCAGAGCAGAAATTGTGAAT	-108	0.4424430006256891	0.262060902010607	0.07890651196608593	1.0617568409625489	-1.736428457308893	NA	NA	NA	NA	NA
chr12-68663523-68664113_1	chr12-68663523-68664113	TAATTAGAACTGCTGCACAA;AAATAGGGAAGGTTTATGTT	-110	0.2580505652770299	0.28089138458911755	0.3734433845208337	0.49702442767881666	1.273189461524558	NA	NA	NA	NA	NA
chr12-68663523-68664113_2	chr12-68663523-68664113	TAATTAGAACTGCTGCACAA;GCAATTTGTTAGACAGTGAT	-110	-0.401983999406385	0.6139107536859278	1.4389554801791242	0.8284811330146462	0.7549206224485079	NA	NA	NA	NA	NA
chr12-68663523-68664113_3	chr12-68663523-68664113	TAATTAGAACTGCTGCACAA;ATGACATTGTAGTCAAGAGT	-110	1.637016471776508	2.3524355380285376	2.096655590297717	1.6326901900218809	0.5939579691549465	NA	NA	NA	NA	NA
chr12-68663523-68664113_4	chr12-68663523-68664113	ATTGTGCAGCAGTTCTAATT;AAATAGGGAAGGTTTATGTT	-110	2.063334734849732	2.437287984401099	1.4815228136654977	0.377437274252097	0.4492829765541268	NA	NA	NA	NA	NA
chr12-68663523-68664113_5	chr12-68663523-68664113	ATTGTGCAGCAGTTCTAATT;GCAATTTGTTAGACAGTGAT	-110	0.6347901134080696	1.3281945848736303	1.6231923352875668	0.7576438678930172	-0.7291881143732403	NA	NA	NA	NA	NA
chr12-68663523-68664113_6	chr12-68663523-68664113	ATTGTGCAGCAGTTCTAATT;ATGACATTGTAGTCAAGAGT	-110	-0.7455346210560735	0.1075145914544634	0.9959623198650589	0.289648957799723	-1.8489264829313021	NA	NA	NA	NA	NA
chr12-68663523-68664113_7	chr12-68663523-68664113	TGTTATCCTCACCATAATCC;AAATAGGGAAGGTTTATGTT	-110	-0.35479275585461056	-0.9410938078936895	-0.9165710920553117	0.58819374672494	0.8743081564994574	NA	NA	NA	NA	NA
chr12-68663523-68664113_8	chr12-68663523-68664113	TGTTATCCTCACCATAATCC;GCAATTTGTTAGACAGTGAT	-110	0.2160149872313796	-0.2860252891239717	-0.5972745991040269	0.14486926742310482	0.4312861786356282	NA	NA	NA	NA	NA
chr12-68663523-68664113_9	chr12-68663523-68664113	TGTTATCCTCACCATAATCC;ATGACATTGTAGTCAAGAGT	-110	2.324863100832702	2.912776180405455	1.9744191131948732	0.25339311053985303	0.29123726446821463	NA	NA	NA	NA	NA
chr12-68663523-68664113_10	chr12-68663523-68664113	AAATGGGCCCTAATCGGAGA;TAAGTCCAGCCCAAACTAGA	-110	0.15842244971653546	0.29741706754911296	0.5210821790598874	0.8925395772878387	0.37465152132701796	NA	NA	NA	NA	NA
chr12-68671409-68671994_1	chr12-68671409-68671994	GGATCACTAGACTACTAAAG;AATGTCTAATTGCTACCAAG	-118	1.0156751526638461	0.7000257665539301	-0.10856346212598929	0.26225790023110856	0.006373841539945951	NA	NA	NA	NA	NA
chr12-68671409-68671994_2	chr12-68671409-68671994	ACAATCTGGTTCTCTTGTCC;AATGTCTAATTGCTACCAAG	-118	-0.44156614348474676	-1.001246274108948	-0.9005729345661831	-2.487525686849486	-0.18083114074196147	NA	NA	NA	NA	NA
chr12-68671409-68671994_3	chr12-68671409-68671994	GGATCACTAGACTACTAAAG;GGATGCTTGAAATGATTCCA	-118	-0.19778754312015698	-0.3335946726858202	-0.08642439448205018	0.06337728430174175	1.4661309460624787	NA	NA	NA	NA	NA
chr12-68671409-68671994_4	chr12-68671409-68671994	GGATCACTAGACTACTAAAG;AAAGTTTAGAACTCCAAGAC	-118	0.5104212419030246	0.06090660586826636	-0.43834129104881386	-0.5369627303102251	-0.91464866826545	NA	NA	NA	NA	NA
chr12-68671409-68671994_5	chr12-68671409-68671994	ACAATCTGGTTCTCTTGTCC;GGATGCTTGAAATGATTCCA	-118	-0.24404841746521186	-0.09579648749781948	0.33509905898670844	-1.613717382030582	-0.8019711067299715	NA	NA	NA	NA	NA
chr12-68671409-68671994_6	chr12-68671409-68671994	ACAATCTGGTTCTCTTGTCC;AAAGTTTAGAACTCCAAGAC	-118	0.3776570289297746	-0.36635916160283616	-1.0963455766033354	0.3550786554013944	-0.44522964298360224	NA	NA	NA	NA	NA
chr12-68671409-68671994_7	chr12-68671409-68671994	AAGAAGAAGAAGAATCTAGC;AATGTCTAATTGCTACCAAG	-118	-0.12464920628572775	0.13098452619583054	0.5602965407911785	-0.634998227732638	-0.3357664408409632	NA	NA	NA	NA	NA
chr12-68671409-68671994_8	chr12-68671409-68671994	AAGAAGAAGAAGAATCTAGC;GGATGCTTGAAATGATTCCA	-118	0.6635768464890109	0.026515255276960106	-0.8545518591483202	-0.9661787130780783	-0.24489660512627784	NA	NA	NA	NA	NA
chr12-68671409-68671994_9	chr12-68671409-68671994	AAGAAGAAGAAGAATCTAGC;AAAGTTTAGAACTCCAAGAC	-118	0.33941050812859924	0.540891048815109	0.7048436270898029	0.597119925993162	0.41721216690657836	NA	NA	NA	NA	NA
chr12-68671409-68671994_10	chr12-68671409-68671994	AATTCTATTACTGTTAGAAC;AGCACTGAGAAACCAATGCT	-118	0.8931733294185262	0.1008436041662039	-1.319158745797369	-1.770398424023833	-0.2790625837522947	NA	NA	NA	NA	NA
chr12-68673008-68673424_1	chr12-68673008-68673424	GTCATATACCAAATCCCCAT;GCTTATGCAGTGGTATCTGT	-120	0.36776578665032167	0.15437285736169834	-0.004638958772236126	-0.7471289181253554	-0.6679139021454055	NA	NA	NA	NA	NA
chr12-68673008-68673424_2	chr12-68673008-68673424	GTCATATACCAAATCCCCAT;AGGCTGGTTAGATACGCTGT	-120	-0.4686647737175623	-0.6769258309912128	-0.32924821486289296	1.1129130739245057	1.1143524428680458	NA	NA	NA	NA	NA
chr12-68673008-68673424_3	chr12-68673008-68673424	TATACTCAAGATAACTGACA;GCTTATGCAGTGGTATCTGT	-120	0.9336296797578899	1.5773267780609685	1.69238285355761	0.7684347061130321	-1.3309298522514035	NA	NA	NA	NA	NA
chr12-68673008-68673424_4	chr12-68673008-68673424	TATACTCAAGATAACTGACA;AGGCTGGTTAGATACGCTGT	-120	1.1851388447541262	1.3706549069795766	0.9735924872981189	0.4562048474268613	1.7156405819630047	NA	NA	NA	NA	NA
chr12-68673008-68673424_5	chr12-68673008-68673424	TTTGCACATCAATATATAGT;GCTTATGCAGTGGTATCTGT	-120	-0.05376277889391271	-0.4457880084967678	-0.46555990565436783	-0.5540787693860999	-0.16066715784455013	NA	NA	NA	NA	NA
chr12-68673008-68673424_6	chr12-68673008-68673424	TTTGCACATCAATATATAGT;AGGCTGGTTAGATACGCTGT	-120	0.5929230083118449	0.7832846361639398	0.7931271735058818	0.970274542157051	0.042779745777013545	NA	NA	NA	NA	NA
chr12-68673008-68673424_7	chr12-68673008-68673424	GTCATATACCAAATCCCCAT;ATCAGGGTGAATGGGGACAA	-120	0.6956323796100194	1.23613074538052	1.415652958163283	1.0753665174524498	1.042459276628841	NA	NA	NA	NA	NA
chr12-68673008-68673424_8	chr12-68673008-68673424	TATACTCAAGATAACTGACA;ATCAGGGTGAATGGGGACAA	-120	0.02962752597438295	0.71639507937974	1.2741617612843534	-0.2896917724772024	0.23674382712859077	NA	NA	NA	NA	NA
chr12-68673008-68673424_9	chr12-68673008-68673424	TTTGCACATCAATATATAGT;ATCAGGGTGAATGGGGACAA	-120	0.3611657200616456	0.23568493608915156	0.1538372117838971	1.2700575181623672	-0.283442648285073	NA	NA	NA	NA	NA
chr12-68673008-68673424_10	chr12-68673008-68673424	GATGAGTATTACGTTAGTTA;CTAATTTAGAGGGAGAATCA	-120	0.9930265398411172	0.9131633424289747	0.4030898166221575	0.47876179396414986	-0.13833894496787708	NA	NA	NA	NA	NA
chr12-68675028-68675857_1	chr12-68675028-68675857	GCCTTGATGAGATAGAGAAC;CAGATTTATCAGGTTACATG	-122	0.04544226390992821	-0.40281859214549826	-0.5370874818324817	0.8863492922361335	-1.8582545470671206	NA	NA	NA	NA	NA
chr12-68675028-68675857_2	chr12-68675028-68675857	GCCTTGATGAGATAGAGAAC;TATATAAACAGACTAGAAGT	-122	0.20016634211577694	0.24662017845570702	0.38859367568806696	-1.7959311443670174	-0.6841282817384914	NA	NA	NA	NA	NA
chr12-68675028-68675857_3	chr12-68675028-68675857	GCCTTGATGAGATAGAGAAC;ATAATAATTATAGTAATAGG	-122	-0.22386563520783195	-0.9043894001849436	-1.0502710969006197	-0.3307069315062258	-1.2036362518127184	NA	NA	NA	NA	NA
chr12-68675028-68675857_4	chr12-68675028-68675857	TACAGGCCAAATCACATGAA;CAGATTTATCAGGTTACATG	-122	-0.23860556568342586	-0.5899816687729593	-0.46273599549252403	0.19038712045928027	1.1067643707348649	NA	NA	NA	NA	NA
chr12-68675028-68675857_5	chr12-68675028-68675857	GAACAGGCTCCCTTTAGTAC;CAGATTTATCAGGTTACATG	-122	0.3556970953826846	1.0615489717830482	1.4905083068190663	-1.144371166893736	0.35866256724484114	NA	NA	NA	NA	NA
chr12-68675028-68675857_6	chr12-68675028-68675857	TACAGGCCAAATCACATGAA;TATATAAACAGACTAGAAGT	-122	0.04930160113326153	-0.2680027886992735	-0.29643769816079163	1.0351714551153366	-0.22006757535451893	NA	NA	NA	NA	NA
chr12-68675028-68675857_7	chr12-68675028-68675857	GAACAGGCTCCCTTTAGTAC;TATATAAACAGACTAGAAGT	-122	0.3239908085996323	-0.069143747293156907	-0.35860149689222465	0.19327623745312145	-0.001088020929257217	NA	NA	NA	NA	NA
chr12-68675028-68675857_8	chr12-68675028-68675857	TACAGGCCAAATCACATGAA;ATAATAATTATAGTAATAGG	-122	1.3375721053933216	0.651725836711993	-1.2343561799023646	-0.8630339297086377	1.4961800429632415	NA	NA	NA	NA	NA
chr12-68675028-68675857_9	chr12-68675028-68675857	GAACAGGCTCCCTTTAGTAC;ATAATAATTATAGTAATAGG	-122	0.7304469864483698	0.6795594073334318	0.4035957836921399	0.6016299262144352	-1.6481321691722024	NA	NA	NA	NA	NA
chr12-68675028-68675857_10	chr12-68675028-68675857	GTGATTTGGCCTGTACTAAA;CATAGTAATGGGAAGTAATG	-122	0.6234560288047416	-0.06966993206072768	-0.9876420970064107	1.315758253380178	-0.3146939597872818	NA	NA	NA	NA	NA
chr12-68683668-68684552_1	chr12-68683668-68684552	TGTATGGCAATACTAAATTT;AGTTAGCTCCAGCATAATAC	-131	-0.3309683991396227	0.08905558636462184	0.6831677030700923	1.139955765061422	0.7149860710761151	NA	NA	NA	NA	NA
chr12-68683668-68684552_2	chr12-68683668-68684552	AAAATCGAAAATAGGTTGTA;AGTTAGCTCCAGCATAATAC	-131	0.8052002701275286	0.46427677827440694	-0.17374116701929987	-0.044806498458280615	-0.31443016517641814	NA	NA	NA	NA	NA
chr12-68683668-68684552_3	chr12-68683668-68684552	TGTATGGCAATACTAAATTT;CTGGCATGTAGACTGTATAG	-131	0.07459639432163494	0.31726511266756635	0.644109213615508	-0.2775111183944017	-0.48389974584662454	NA	NA	NA	NA	NA
chr12-68683668-68684552_4	chr12-68683668-68684552	AAAATCGAAAATAGGTTGTA;CTGGCATGTAGACTGTATAG	-131	-0.7471279970442609	-0.1562411500379265	0.6556095942772624	0.9147528798840643	-0.9415185329920573	NA	NA	NA	NA	NA
chr12-68683668-68684552_5	chr12-68683668-68684552	AATCAATTACCGGCCAGGTG;AGTTAGCTCCAGCATAATAC	-131	-0.14842195048362805	0.044853155830513004	0.45365210076204415	1.1686257024268438	-1.153287495973934	NA	NA	NA	NA	NA
chr12-68683668-68684552_6	chr12-68683668-68684552	AATCAATTACCGGCCAGGTG;CTGGCATGTAGACTGTATAG	-131	0.4691074228967899	0.21302822632382293	-0.05732814656348171	-0.5821375337371942	0.21923909847720494	NA	NA	NA	NA	NA
chr12-68683668-68684552_7	chr12-68683668-68684552	TGTATGGCAATACTAAATTT;TCTACATGCCAGTATTATGC	-131	0.711036920935871	1.0406919213969499	1.0774635842796894	0.055281178057350694	-0.7618418915846581	NA	NA	NA	NA	NA
chr12-68683668-68684552_8	chr12-68683668-68684552	AAAATCGAAAATAGGTTGTA;TCTACATGCCAGTATTATGC	-131	-2.004601042965082	-0.4034171601038202	0.927215950021178	0.35902783797699706	0.4585847963074256	NA	NA	NA	NA	NA
chr12-68683668-68684552_9	chr12-68683668-68684552	AATCAATTACCGGCCAGGTG;TCTACATGCCAGTATTATGC	-131	0.2920532701009209	0.09177675090347004	-0.004268446287644989	0.9051117199508102	-0.4395040238890321	NA	NA	NA	NA	NA
chr12-68683668-68684552_10	chr12-68683668-68684552	CTAGGGTATTTGTTAGTGCC;TACTGGCATGTAGACTGTAT	-131	-0.3248899774146732	-0.17434185147457457	0.2952465596054548	1.178857028136517	-0.2265057314846225	NA	NA	NA	NA	NA
