Row.Barcode.IDs	ROI	gRNApairs	SimpleName	Norm_Acute_Neg	Norm_Acute_Low	Norm_Acute_M1	Norm_Acute_M2	Norm_Acute_High	Norm_Chronic_Neg	Norm_Chronic_Low	Norm_Chronic_M1	Norm_Chronic_M2	Norm_Chronic_High
sgIFNG_1	sgIFNG	AAAGAGTGTGGAGACCATCA;CAACGTCGCGAACGTCGTAT	sgIFNG	3.4690924189379686	3.1068310037603157	0.2721147087568322	-2.776839179430517	-1.4883893458628836	1.4538222208839586	0.7531313550440052	-0.7952160584719717	-2.724701132637988	-2.6540257732444688
sgIFNG_2	sgIFNG	CCAGAGCATCCAAAAGAGTG;ACCACCGTTCGTACCGGTCG	sgIFNG	4.478453458760975	4.136412892673429	-0.48943860547137563	-4.395385767951759	-5.550326856221154	0.9854323057295616	-0.020477217760767125	-2.7314175720498444	-3.576068913524438	-11.062366575867665
sgIFNG_3	sgIFNG	TGAAGTAAAAGGAGACAATT;AGACCGTCGTCGATCGATAC	sgIFNG	2.867779466605414	1.9987373530688508	-1.8349193747134258	-0.25107852486156856	-1.577418560788275	2.417274853382646	1.5479107675406116	-2.473944457436805	-1.149251739882025	0.09774166202803478
sgIFNG_4	sgIFNG	CAACGTCGCGAACGTCGTAT;AAAGAGTGTGGAGACCATCA	sgIFNG	3.8294358305436607	3.4957538334438585	0.22882171816508445	-1.5340634599969136	-0.5628386316905516	0.9610636730613051	0.31008134624060835	-0.7949719341236874	-2.990465018578821	-2.123284956970075
sgIFNG_5	sgIFNG	ACCACCGTTCGTACCGGTCG;CCAGAGCATCCAAAAGAGTG	sgIFNG	3.8915277726474526	3.5301687084953963	0.05618935187492094	-0.34661067618484176	-0.7752509186729849	2.2696258892224987	1.801003280912342	0.48642255497370873	0.21307977841761103	-0.7273619816687261
sgIFNG_6	sgIFNG	AGACCGTCGTCGATCGATAC;TGAAGTAAAAGGAGACAATT	sgIFNG	2.228579714893637	2.0030262424726217	0.6709509815628959	0.4725788377073764	-1.4054898121974182	1.3916019108708988	0.92766277479838	0.05351401098273492	0.020025956513126338	-0.2806024836531638
NonTargeting_1	NonTargeting	CAACGTCGCGAACGTCGTAT;AGGACCGTTAACGATACGCG	NonTargeting	1.576332393990738	1.4626859953841185	0.6979365639323687	-1.3193268842143349	-1.7018280380847455	-0.139795981402684	-0.31849776295881665	-0.30325693475332277	-0.49253740608283636	-0.4496595782510838
NonTargeting_2	NonTargeting	ACCACCGTTCGTACCGGTCG;GTCCGACTCGACGCGTATCG	NonTargeting	0.7565143339588086	0.7475758068816251	0.518820985721031	1.6556108536723884	0.5192480139900724	-0.5143935912130915	-0.8237320576733681	-0.843679892015672	-0.5530084159475058	0.1392709678277596
NonTargeting_3	NonTargeting	AGACCGTCGTCGATCGATAC;CCACGCGACCGTATTGTCGA	NonTargeting	1.859764480539525	1.3217160844322697	-0.17315991152614488	-0.6080896222137331	0.4850081182074994	0.11652810650065697	-0.41065232568684684	-0.9017235728228551	-0.32328629513241897	-0.6276790911110437
NonTargeting_4	NonTargeting	GTCGTACGGATTCGCGCGTA;CCAGACGCGACGATATATCG	NonTargeting	0.28177263281214626	-1.3225105929530845	-3.5555918114064395	0.00833361936860402	-3.717539387266783	3.856644977208923	3.5638275838965616	1.8345992650535359	-0.2893572214423286	-0.36576574810501095
NonTargeting_5	NonTargeting	CCCCGATCTTACGTCGCGTA;GCTGGTCGCGTACCGTAATA	NonTargeting	-1.584488052889817	-1.1428731610807275	-0.23435742217718908	-0.8250539871933898	-0.019382537263376576	-1.3700173577365695	-1.9788856204933742	-2.104453156299062	-1.0479443622187727	0.2682368286841147
NonTargeting_6	NonTargeting	GTTGTCGAACTCGAACGTCG;GCTCTACGCGACGCCGTTAA	NonTargeting	1.2917671279403022	1.3374529412013125	0.8665640750620379	-1.0307895314990863	-0.18083496668254875	-0.14129416754358004	-0.24541392973164508	-0.16211797514505963	0.1177575990057729	-2.606523748654402
NonTargeting_7	NonTargeting	CCTTAACGGCAATCGCGCGT;GGATCGAAACGTCGTACGCG	NonTargeting	-0.4816202735105888	-0.2179257113236275	0.23509579310849132	0.06111141996266702	1.064376208888298	0.06640794005020764	0.17524685922231734	0.38086600643581786	0.7548533005742634	-0.8379176952489554
NonTargeting_8	NonTargeting	CAACGTACGACGCGATAATA;CCGCGTCCTACGGTCGCGAA	NonTargeting	-0.5266235516373334	0.03562836241530072	0.5940686637544871	-0.9202968945227107	-0.45767835118150707	0.6826850318629601	0.6457005288314772	0.5944545199530092	-0.21651586651193053	-0.07140801410302551
NonTargeting_9	NonTargeting	GTACGTCGATCGTATATCGA;AGTCCGCAATTTGCGACGAT	NonTargeting	0.7149160264264096	0.8676984721024088	0.7549381585297853	1.0479807625218645	0.9655594949083417	-0.6317485517449042	-0.2425095392398424	0.25440741842444586	0.9013764047175484	-1.2185513234869338
NonTargeting_10	NonTargeting	CCCCGTCGCGGTATGATCGG;TAATCGAACGCTTACGACGC	NonTargeting	-2.076534483728167	-1.8158515092149883	-0.7725997400272779	1.4502245549045332	-0.16649198674159324	0.3862252189512602	-0.19475236386884115	-0.8819412404028943	0.21832651822713833	0.10759071957340086
NonTargeting_11	NonTargeting	TGGCGCGACGTTATACGCGT;AAGCGTCGCGATACCGCTAA	NonTargeting	0.20967423199011956	-0.009033969119096114	-0.09480856617248083	1.8367942705096747	0.10813181796329793	0.4600372067926675	0.9448420581903483	1.3049355590370832	1.1076238659691642	0.7757326047624447
NonTargeting_12	NonTargeting	TGGCGCCGATACGTCGGCTA;GGCTCAAAACGGCGCGCGAT	NonTargeting	0.1816726565607558	0.657892370491697	0.9189761304934007	1.3148113680653528	0.10111216987462458	-0.44865112652693545	-0.5997729555933079	-0.4863323745890561	-2.1910370529361116	-1.7308765607060885
NonTargeting_13	NonTargeting	AGCCGATCGATTCGCAATCG;CAGCGACGACGCGATATAGT	NonTargeting	0.5671930313387238	0.269294944282449	-0.06318686316794667	-0.9940240699415036	-1.1601827168003689	-0.014407246664996126	0.1444261418527764	0.400639650575305	0.5257673083371965	0.8200872272859931
NonTargeting_14	NonTargeting	TATATCGCGGCGTCGTTACA;AGTCGCGAATCGTCGTCAGT	NonTargeting	0.48621723099001185	0.13549891229482577	-0.19323401068696683	-1.3271277750312878	0.6769143024791319	-0.4942148976760596	-0.13060721129773284	0.3308879944331447	0.32317372667688377	1.8127767716970473
NonTargeting_15	NonTargeting	AGTTCGTCGGTTCGTTCGAA;ACAGGTATATCGCGCGACTA	NonTargeting	-0.47035362155627036	-0.23534024894993372	0.2033059933471203	1.3188534986265714	0.17866614417587093	0.07960947904754945	0.22891935137586267	0.4600650888103396	1.549099244841006	1.6578461628948258
NonTargeting_16	NonTargeting	AAGCGACGTTCGTCCGATAG;GAAATGATCGCGCGACGATC	NonTargeting	0.8096876323881532	0.7657264067357337	0.4867919952587488	-0.47674109757938665	0.17853916652417787	0.32683890817544814	0.4022844710673584	0.5284868617855611	1.0149201740186036	0.8338209911154708
NonTargeting_17	NonTargeting	TAGAACCGGCGTAATTCGCG;GCTTTCGCGCGTACGACCAA	NonTargeting	0.37418108049072546	0.5298587768256783	0.5761783661975166	-1.3414931374583072	0.6044787120752456	-0.12001704159928543	-0.064366136522413	0.1413980011091252	-0.6666307053710318	0.4879696275582392
NonTargeting_18	NonTargeting	ATATTCGCGTTACGCGCATT;CGGACGATATGCGTCGCGAA	NonTargeting	0.3342915277478608	0.3777525284851311	0.3851194259286893	0.1825512315277346	0.7116056244868163	0.15503894981049895	0.3850050220184008	0.6544816814978355	0.3051647296747123	0.5792334181687171
NonTargeting_19	NonTargeting	CCCACGTCGGTCGCGCGATA;TCACGATACGAAGTCGTGCG	NonTargeting	-2.2566386520172044	-2.982489761245027	-2.178609755534002	-0.5557106272709247	1.0545126292496871	-2.563324644225233	-0.9893554536315156	0.054701874448625995	0.11434203284047012	-1.1437771699973303
NonTargeting_20	NonTargeting	TGCCGTTACGCCCGACGAAT;GTTTAATCGCACTCGACGCG	NonTargeting	-1.5494798133332748	-0.14904403077372821	0.8635433729698163	-0.6512975481775315	1.1108596033567293	-0.7514981482050918	-1.0896534535321205	-1.0782069728421737	-0.7063871470157064	0.36491874700463994
NonTargeting_21	NonTargeting	TGGCCGTATCGCTACGCGGT;CCAATTAGATCGATCGCGCG	NonTargeting	-0.18317702839296637	0.0160283433934323	0.3237314462075195	-1.7800908354925429	-0.5799108224643535	-0.5091123133330621	-1.0938546257400743	-1.4582503628224739	-0.31752865177171885	-0.5072703688177775
NonTargeting_22	NonTargeting	TGCACGACACGATCGTACGA;GTACTACGATCTATCGCGAC	NonTargeting	-0.2887739599120668	-0.4258267497125265	-0.22344531091105138	0.5150713290090508	-0.15937761705964995	-0.3382729697661504	-0.7841517903726081	-1.0100476747412	-0.6446990952902231	0.1625594749848009
NonTargeting_23	NonTargeting	AGCCGTCGTTGGACGTAACG;TGTCGATGTTCGATCGAACG	NonTargeting	0.6791942098187348	0.32419236491247616	-0.11899171625813393	0.22677681631956784	0.26253057484085396	-0.062085132841256066	-0.7633736997794576	-1.5020760572908627	-0.8762858996122819	-0.27543877496545105
NonTargeting_24	NonTargeting	CTCGTACGTACTCCGCCGTA;GCGACGCGACGACTCGGTTA	NonTargeting	0.15394913338561755	0.8328570919391826	1.1689674965032895	0.9060856372605733	1.4637191678649477	0.31633560481379414	0.8598303168991269	1.2732608478202905	2.1745050480666825	1.9277167129469295
NonTargeting_25	NonTargeting	CCAAATTCGCGATCGACGTC;TCCGTACGATTGATCGCCGG	NonTargeting	-0.625197426082396	0.18248670895870064	0.830925712744676	0.5307975832404901	-0.22779682949296332	-0.43172649115911277	-0.24444588946388204	0.10961202980742073	0.23535923605967615	0.7792595628538792
NonTargeting_26	NonTargeting	GACACGATAGCGCGCAATCG;TACCGTCGACCGGTCGAAAA	NonTargeting	0.3283115190261222	-0.32713046495092196	-0.8352006344822188	0.9746990798977193	0.7170764985374788	0.685729812544365	0.21777124392093936	-0.381556050643804	-0.8250188441478382	0.23544248761990189
NonTargeting_27	NonTargeting	TGTATTATACCGTACGCGCG;ATTTCGATAACTTACGCGAG	NonTargeting	-0.45480733342178953	-1.3232587371106774	-1.5465259715986863	-0.17561671967487355	-0.9049048135291411	1.0613505519438855	1.5442710821034302	1.79706989176961	1.5484679697348065	0.5674551867018106
NonTargeting_28	NonTargeting	GGACGTATCGATATCGGCCG;TTTCTATAATCTCGCGCCGA	NonTargeting	1.159880838628705	1.1613315231853778	0.7293042348362857	0.039843324657711315	-0.5413022955563588	0.17072585421810876	1.1237884168671899	1.7186755174656996	0.7399947777582462	-0.7606668184413353
NonTargeting_29	NonTargeting	GAGATCGGACCGTCGCGTTA;CAAGCTCGATTCGTCGTAAT	NonTargeting	-0.33390594329608986	-0.14485385707945042	0.22151738382614733	-0.47689996495581605	-0.12033851653639611	0.6597988835537867	0.07420602099996432	-0.7362404382806376	-2.2442728245196406	-0.23891360017358085
NonTargeting_30	NonTargeting	CATCGCCGTTAACGGTCGTT;CCTCCCGTACGATCGTACGT	NonTargeting	-0.9337199482554959	-0.9295388404079288	-0.38607408447287267	0.413013345680926	-0.26476936876328716	-0.4933968638361009	-0.336094281659906	0.01134049422222425	-0.23622214850182632	-0.6854689996179567
RanDel_chr12-68521003-68521593_1	chr12-68521003-68521593	ATGGTGCCAGGAACATACAC;GTATCATATAAACAGAATAA	ClosedChromatinRegion	-2.801249270015716	-0.17345194830417307	1.155067141392797	-0.5630480159408612	-12.431654065179613	-1.4313258265248574	-0.7869415843668776	-0.06738805052016847	-1.2937793808709068	0.3946007458451321
RanDel_chr12-68521003-68521593_2	chr12-68521003-68521593	AGTGATCAGAACAGCAGTAC;GTATCATATAAACAGAATAA	ClosedChromatinRegion	1.1331318886424233	0.9306220400036164	0.35217655279776017	-0.340253731562315	0.43136717182669854	0.21352442488064233	0.7741955610596675	1.2125389826804904	1.055069997171857	-0.3555873776098015
RanDel_chr12-68521003-68521593_3	chr12-68521003-68521593	ATGGTGCCAGGAACATACAC;AAAATACCAGCAAACTGGCT	ClosedChromatinRegion	-2.6883583870542	-2.0946493338048544	-0.8004625444474895	-3.2653895124620993	0.2519414763244157	-2.939217706595875	-2.568066949499319	-1.7258244389669044	-1.919955073526263	-2.850523379354699
RanDel_chr12-68637542-68638381_1	chr12-68637542-68638381	CAAGGAGGGACTTTGTAACC;AAGAGCATGAAGCTGCTCAA	ClosedChromatinRegion	0.24878901780880178	-0.6080041424507119	-1.2853729418600541	-0.14603783812008453	-0.34634407632399683	-0.44468353612929395	-0.6761565138775284	-0.6365017326864115	1.567731464294157	-1.9357989797378812
RanDel_chr12-68637542-68638381_2	chr12-68637542-68638381	CAAGGAGGGACTTTGTAACC;AGCATGAAGCTGCTCAAGGG	ClosedChromatinRegion	2.3927102625630723	2.235115591519633	0.8690775232887318	0.9012001876639533	0.9571677202124124	-0.12400158015745105	0.16295646586341353	0.5188145234351094	-0.547691427940019	0.36285316014043667
RanDel_chr12-68637542-68638381_3	chr12-68637542-68638381	ATCTTTAGAGGGCTCCACTT;AAGAGCATGAAGCTGCTCAA	ClosedChromatinRegion	-1.0937625968658917	-2.037895856399166	-1.9486643568167534	0.1798341897188495	0.7543681881249569	-0.5752079869410723	-0.9741198245223555	-1.0750187688448647	0.10786440906881216	0.9431333218278237
RanDel_chr12-68313331-68314433_1	chr12-68313331-68314433	TCTTGGGTGATGCTACCAGG;AGTGATAGGAGCCCTAGGAA	ClosedChromatinRegion	0.5530049888605388	-0.4851123030791319	-1.664090775873896	0.9075242965668456	0.47254611343739755	0.45253306382043323	0.786677752803792	1.0642276909892523	-0.6002306374411027	0.5319186083996162
RanDel_chr12-68313331-68314433_2	chr12-68313331-68314433	ATTGTGAGAAAATAGGTATA;AGTGATAGGAGCCCTAGGAA	ClosedChromatinRegion	-0.6864699099530813	-0.7501122619738003	-0.3369226369949514	0.04202566092078284	0.7312850526887112	0.11704448868353082	-0.35250293183830533	-0.7546976296373278	-0.31243184612326214	-0.9211194366759262
RanDel_chr12-68313331-68314433_3	chr12-68313331-68314433	TCTTGGGTGATGCTACCAGG;GTGACCGAATGCCAGGCTAA	ClosedChromatinRegion	1.1689106742710977	0.8052015365430423	0.05259053894533704	-0.416667131111024	0.036289185944286546	0.6386674155094282	0.1516053553993818	-0.4630869738050415	-0.17495768301502462	-0.16664763482257752
RanDel_chr12-68203666-68204440_1	chr12-68203666-68204440	AAATCTGATCTACTATAGTG;AAAGTGTAGCTCTATAGATA	ClosedChromatinRegion	0.22823284206019942	0.1161673533251315	0.08699776682118945	-0.4307107826846655	0.6591419934444079	-0.3122576475491904	-0.7652687922533115	-1.0082254727032727	-1.4806879979736927	0.10191529618937177
RanDel_chr12-68203666-68204440_2	chr12-68203666-68204440	AAAAGACGTAGGTAAACTCT;AAAGTGTAGCTCTATAGATA	ClosedChromatinRegion	-0.9663694243249797	-0.2911275042499765	0.44937468204033626	-0.24538012723721558	-0.6269793985953344	0.3174807475599985	0.7566150540149319	1.1175618759943102	0.36625843724692725	1.2526168254717378
RanDel_chr12-68203666-68204440_3	chr12-68203666-68204440	AAATCTGATCTACTATAGTG;TCTTAGGTATCATTACCCAA	ClosedChromatinRegion	-0.25857476942645957	-0.011087191354499147	0.3462357702244009	1.1210165731568484	-0.11199513996206309	0.4395739197224624	0.1515522866863606	-0.10588957893805978	-0.5798184751962753	0.1079336132776616
RanDel_chr12-68179883-68180670_1	chr12-68179883-68180670	TAATGGTAAGATACAAACTT;GAAGACTAAAGATTGTGCTA	ClosedChromatinRegion	2.1725992844755613	2.0765901522120727	0.9440558413862224	-0.878119403010448	0.5929662465251192	0.7543564260110636	0.7644000169877044	0.7393922444057943	0.6099301758679146	0.9760191077090643
RanDel_chr12-68179883-68180670_2	chr12-68179883-68180670	TAATGGTAAGATACAAACTT;ATAGATTGATGGGATATCAT	ClosedChromatinRegion	-0.6156774003636837	-1.021898794175186	-0.812083009164456	-0.5754711336491666	-1.4942867325340945	-1.2703464192602467	-0.6178131235550754	0.08169210304811834	-0.26048265663281644	-0.474574740423281
RanDel_chr12-68179883-68180670_3	chr12-68179883-68180670	GATGAGGCTGGTCTCAGACC;GAAGACTAAAGATTGTGCTA	ClosedChromatinRegion	2.096941430933559	1.6640999032053567	0.13509999147021334	0.30773094201042234	0.6864204503948377	0.5369634793885769	0.3733450734992314	0.23180081321355817	0.8900085091787316	0.47890134189134226
RanDel_chr12-68151494-68151866_1	chr12-68151494-68151866	AGGAGCACTAGGTCACATGA;GGGACACATCTGGTGAGATG	ClosedChromatinRegion	-0.9265057831145772	-0.9979982104309721	-0.4864209945409544	-0.3938903396524632	0.4034902961037487	-0.0718873490936008	-0.2458799174110556	-0.2427857060886708	-0.4943579176381027	-0.8565216770751135
RanDel_chr12-68151494-68151866_2	chr12-68151494-68151866	AGGAGCACTAGGTCACATGA;AAGGATTAATGAATTATCAC	ClosedChromatinRegion	-1.2363989502580517	0.002481446589402594	0.9091918178382438	0.30328568186216864	8.238292685724751e-4	0.621033002927058	0.3600754233167194	0.08306821150472167	0.38460774117789553	-0.566433084332929
RanDel_chr12-68151494-68151866_3	chr12-68151494-68151866	GCAACTAGAACAATATGTAT;GGGACACATCTGGTGAGATG	ClosedChromatinRegion	0.8213482077686838	0.7553844382436412	0.4554347005310927	-0.02393153758825566	-1.2176877398034174	0.287937138552944	-0.14379679424491892	-0.5470127302325989	0.07763085213808955	-0.0373665551474012
RanDel_chr12-68279283-68279622_1	chr12-68279283-68279622	AGAAGGATAAAATAGTCACC;AGTTCAGAGCATAAGAGAGA	ClosedChromatinRegion	-0.1174256866523757	-0.31129225774022623	-0.22020347294502712	-0.11273040267800029	-0.5741496175616415	1.136507760192008	1.558998085398498	1.7620074684127784	0.6901481815222796	-0.011498153600335802
RanDel_chr12-68279283-68279622_2	chr12-68279283-68279622	AGAAGGATAAAATAGTCACC;TGAGGAGATAAAATAACCAG	ClosedChromatinRegion	0.4262894176931551	0.460336568131753	0.4191880823399321	-0.15353848736011963	-0.8171086363885324	0.8420861539208341	0.6182343739476275	0.32250598445643786	-0.34318815654231605	-0.938965300427907
RanDel_chr12-68279283-68279622_3	chr12-68279283-68279622	AGGCCCAACTAAGTACTATG;AGTTCAGAGCATAAGAGAGA	ClosedChromatinRegion	0.6558062076554362	0.06649310375016619	-0.5864186649868948	-0.29071024361467157	-1.9621406400306172	0.3027222182298359	0.4026663737345433	0.5526667644717784	1.1781288923509965	0.4290371518406333
RanDel_chr12-68316090-68316886_1	chr12-68316090-68316886	AATACTGTGAGCTGCAATGT;TAGTATATGAGGATGAAGTC	ClosedChromatinRegion	1.5033892855661666	1.1762919621097983	0.2408764181065058	0.01667692945011593	-1.2211559367967322	0.015580508654138802	0.11257303451079632	0.32016737009067303	0.019629158969747276	-0.8191929886008203
RanDel_chr12-68316090-68316886_2	chr12-68316090-68316886	AATACTGTGAGCTGCAATGT;ATTCTGAGGTACCACATGTT	ClosedChromatinRegion	-0.2223328115679262	-0.17392217108239752	0.0872621826129035	-0.2620146764076061	-0.10282485060045891	0.04277664330212035	-0.294186416123118	-0.4964783723258796	0.6294252638985477	-0.6718202065932576
RanDel_chr12-68316090-68316886_3	chr12-68316090-68316886	CTGGACCCGAGGCACTGAGT;TAGTATATGAGGATGAAGTC	ClosedChromatinRegion	-1.3820487521592326	-1.302947327361299	-0.5572059113155485	-0.24482679956338552	-0.16919198586248543	-0.7187471530462997	-0.7856680233830824	-0.5451156442834613	-0.6899021600128372	-1.2819741674351728
RanDel_chr12-68423775-68425129_1	chr12-68423775-68425129	GCACAGCCACATGGACATGT;ATGCTCCTCAATCTACAACG	ClosedChromatinRegion	0.7326409780243345	-0.381596020354292	-1.872625578452092	-0.4690365027110623	0.3611518683092775	-0.01105465744273139	0.280333029770496	0.6181798203883387	-0.9200499696321002	-1.3036864567400333
RanDel_chr12-68423775-68425129_2	chr12-68423775-68425129	GCACAGCCACATGGACATGT;ATACAGCTATCATGAGTCAA	ClosedChromatinRegion	-0.15552958261843514	-0.45185684731956105	-0.40269357234513786	1.370896480392946	1.455820667333516	0.526007395946731	0.4229895954589077	0.34665952009290113	0.986190407838354	0.3618715772772295
RanDel_chr12-68423775-68425129_3	chr12-68423775-68425129	ACACAGCCAAATCATATCAC;ATGCTCCTCAATCTACAACG	ClosedChromatinRegion	-3.227591201074757	-4.206011004531225	-3.0914697259632242	-1.0147628119808731	0.4590092985341249	-1.0986476684821673	-0.1987327968237955	0.5519851170572908	-4.701921037129088	-2.5971314841357995
RanDel_chr12-68275298-68275563_1	chr12-68275298-68275563	AAGTTGGTAGGGTACAGAAT;ATAATGTGACAGTATTAGCA	ClosedChromatinRegion	0.5108678538411108	0.5869960578156042	0.5288763050529498	-0.5005999036862475	0.9445107702986789	0.35146137076329487	0.5251768212412107	0.718468543441425	0.25939486828708086	-0.253237064898346
RanDel_chr12-68275298-68275563_2	chr12-68275298-68275563	AAGTTGGTAGGGTACAGAAT;CAGGTCAGATGGTCAACAGG	ClosedChromatinRegion	2.3671524198940674	1.891769180716576	0.04208458568044682	-0.34826675658530587	0.6267896723569522	-0.015471608003855223	0.034500113818832945	0.21421021497184314	0.9301918102480695	0.22583365142276754
RanDel_chr12-68275298-68275563_3	chr12-68275298-68275563	ACAGTGATTCAAGAAGATCA;ATAATGTGACAGTATTAGCA	ClosedChromatinRegion	0.5134752417420964	0.5603416113774142	0.48473936789826577	-0.1098645848184761	-0.0019262257536460732	0.06041395852500337	0.03761436630922399	0.14383383333640834	0.4751325483464087	0.8150913007956135
chr12-68072043-68072882_1	chr12-68072043-68072882	ACCGATAGCAAAGATTCCCA;GGAGACCCAGTATTACAAGT	481	-0.34957509626587824	-0.7508852103479249	-0.6699809735024025	1.007036391366202	-0.8351719702905864	-1.5407860291939797	-1.6545767056526144	-1.2790593905451257	-0.6615304477395626	0.4211879228646953
chr12-68072043-68072882_2	chr12-68072043-68072882	AGCACTACTGACCTGCCTCA;GGAGACCCAGTATTACAAGT	481	-1.0352037540507093	-1.3636527534367766	-0.9168607664189937	-0.34831055625676943	0.5936224360194173	-1.044408877841464	-0.9897654553131473	-0.6015109744019062	1.1159723461042468	-0.010637444970215928
chr12-68072043-68072882_3	chr12-68072043-68072882	ACCGATAGCAAAGATTCCCA;AATCTCCTACTTGTAATACT	481	0.9472397828333485	0.32290685651160483	-0.5720834133150389	0.7032047279733389	0.7378801714828486	0.0916613330491722	0.19620236058171536	0.3935674263081261	0.20824475450637897	-1.4936685567803907
chr12-68072043-68072882_4	chr12-68072043-68072882	AGCACTACTGACCTGCCTCA;AATCTCCTACTTGTAATACT	481	1.6734380204218477	1.7060842482047733	1.0124082304782758	0.9462651044413652	0.375908788991227	0.01666727762551123	0.3355882296502329	0.6841659662654679	0.7216065157538049	-0.8231403272830057
chr12-68072043-68072882_5	chr12-68072043-68072882	ACCGATAGCAAAGATTCCCA;TCAACAGGACCACCAATACT	481	0.5781084233060545	0.23512113165021697	-0.1395507312152926	-0.3773983193546572	0.641010706689074	0.581039527268375	0.9309624491270214	1.1940440085910589	1.613043632448449	0.37489175177832296
chr12-68072043-68072882_6	chr12-68072043-68072882	AGCACTACTGACCTGCCTCA;TCAACAGGACCACCAATACT	481	-0.032046374731381826	-0.12433652293135433	-0.017809303947796253	0.39586652865315725	0.4350775818127712	0.19069359041990427	-0.10358342528238655	-0.29714912320560116	0.545533180025151	0.2847894998234926
chr12-68072043-68072882_7	chr12-68072043-68072882	TACCCCTCACAACATCCCTG;GGAGACCCAGTATTACAAGT	481	1.0403590606023396	0.6388734621604746	-0.069345104020484	0.4876638332336555	0.3295607713229423	-1.5725389318035827	-1.4395481692863994	-0.9110762823659776	-0.8526998674022416	0.5278652076177978
chr12-68072043-68072882_8	chr12-68072043-68072882	TACCCCTCACAACATCCCTG;AATCTCCTACTTGTAATACT	481	2.157367294535729	2.474747716030756	1.7346619952629367	1.577509794221041	-0.41163106675420785	0.9305906687366623	1.0394809734857844	1.0596660104513116	1.5895936072341843	-0.031370290231310494
chr12-68072043-68072882_9	chr12-68072043-68072882	TACCCCTCACAACATCCCTG;TCAACAGGACCACCAATACT	481	1.8571257307026963	2.079359338825833	1.4321108867544103	1.928744618985145	1.7075176630587885	3.228824741904155	2.8103427071115563	1.0596660104513116	0.47616233089868776	-0.4256334960311673
chr12-68072043-68072882_10	chr12-68072043-68072882	GAGCACTACTGACCTGCCTC;GTGTTATTGACACAGTGCAT	481	0.9250908728384792	1.1965112278960495	1.0487265765384841	-0.21533090704626154	0.735996355145372	0.3247368621741494	0.1354244830328147	0.022462306441628988	-0.3123143712118571	-0.1816315870725993
chr12-68085432-68086274_1	chr12-68085432-68086274	TGATCTGGAAGGGAGACTCA;CATAGAAAGGAACCATGTAT	468	1.8022251154556583	1.4360050371333832	0.2396412603106073	0.42142732686318113	-1.2075943449990896	1.1917470749886692	1.2866665901299277	1.234729732804128	0.4799475850395838	-2.202886279681333
chr12-68085432-68086274_2	chr12-68085432-68086274	ACACAGCATAAAGTAGGAAC;CATAGAAAGGAACCATGTAT	468	-1.2872103931476426	-0.1457745210571045	0.7674263304349452	0.50093909605459	-0.30238892479844887	0.4191940041353389	0.3600773104915065	0.35182156867705017	0.03343437632930411	-0.4732571141423107
chr12-68085432-68086274_3	chr12-68085432-68086274	TGATCTGGAAGGGAGACTCA;ATTTAGGGGAACTTAATTGA	468	0.1955785143244976	0.334430714714736	0.4528164617787411	1.385730443238073	0.8054867732005622	-2.5591773404948004e-4	0.5819033550166306	1.064236223321576	0.6388775117502471	1.154885637160566
chr12-68085432-68086274_4	chr12-68085432-68086274	GCTGGCAGCCTATGGACCAC;CATAGAAAGGAACCATGTAT	468	1.7958379553119481	1.7406886661696748	0.8957845216339616	0.5902485777000537	-2.956366763502079	0.9874045460773161	0.7731708201368475	0.44665931465017483	0.7967413925138113	1.3375375640180365
chr12-68085432-68086274_5	chr12-68085432-68086274	ACACAGCATAAAGTAGGAAC;ATTTAGGGGAACTTAATTGA	468	2.1845186391306353	2.495695819038072	1.7359583633706417	1.4669546473874588	-2.8972044857263595	1.1499143808898895	1.4024025576333567	1.4878504523016909	1.9522404931098158	2.5588541382974235
chr12-68085432-68086274_6	chr12-68085432-68086274	TGATCTGGAAGGGAGACTCA;AATATTCAAATACCTATACA	468	-0.5549970942577591	-0.6526440808080627	-0.3114469831041415	-1.1619374407288139	-1.854253833199844	-0.1678068078473674	-0.26488332613573756	-0.16941506969954567	-0.5595335403091982	-1.0071671802256128
chr12-68085432-68086274_7	chr12-68085432-68086274	ACACAGCATAAAGTAGGAAC;AATATTCAAATACCTATACA	468	-1.0463072137467795	-1.6475026929219798	-1.3423701139348698	-0.7406276027274759	-1.4597152500718693	-0.12452032326863989	-0.7688011200625476	-1.3713090876396985	-0.17372964995980048	0.9388218184038462
chr12-68085432-68086274_8	chr12-68085432-68086274	GCTGGCAGCCTATGGACCAC;ATTTAGGGGAACTTAATTGA	468	0.6707491728548469	0.7620378895231483	0.636066288611409	-0.3593599241602863	-0.12783024452491573	0.43112884565030857	0.2510656786604454	0.1199185152080341	0.742690778946466	0.5906246315623231
chr12-68085432-68086274_9	chr12-68085432-68086274	GCTGGCAGCCTATGGACCAC;AATATTCAAATACCTATACA	468	2.0895203103487656	1.4307112139677516	-0.5104981576732267	-0.22606073299528404	-0.1917574365739257	0.028588110629596732	0.42105414449058415	0.8076766094807327	1.0492458804921387	-0.48453023296730846
chr12-68085432-68086274_10	chr12-68085432-68086274	CAGTTGCAGCTCGAGAGGAG;GCTTATTACTATGACTATAA	468	0.5929865600809059	0.03340157295232511	-0.5475837175242011	0.3116415314146663	-0.06454574602515804	-0.20963441827546686	0.17154774818501803	0.593456975957028	0.8713206584951092	0.9864454039944625
chr12-68091127-68091731_1	chr12-68091127-68091731	GTGATGCTCAAGGCTCATCC;GAAATGTGAAGAGGCTAACC	462	0.8406471404670515	1.46796026380171	1.5161340588063517	-3.9977905366123654	0.3537793554342103	-1.444578004754772	-1.203643608197168	-0.6428016257198275	-0.4054560563520129	-0.15260445798710054
chr12-68091127-68091731_2	chr12-68091127-68091731	GTGATGCTCAAGGCTCATCC;GAAATGGTGACAATAATATA	462	0.9217530829229513	0.45410845252411935	-0.2453272723683583	0.29198485474435276	-0.10955562693186464	-0.19849415245785257	0.2903696256133724	0.7627732690310199	1.1687409800289401	0.6955418643438489
chr12-68091127-68091731_3	chr12-68091127-68091731	GTGAGGGAGACTCTGGACAT;GAAATGTGAAGAGGCTAACC	462	1.1447739054101287	1.6321531405254475	1.4916313590197952	-0.664900162483293	0.3007354171316983	-1.32801600393	-1.386716731354708	-1.0163747105347187	-4.8702204056007155	-1.328205537592343
chr12-68091127-68091731_4	chr12-68091127-68091731	GTGAGGGAGACTCTGGACAT;GAAATGGTGACAATAATATA	462	0.13652580980790827	-0.21347781523641537	-0.35006400102949514	0.6769712511514456	0.37121873263762606	-1.3128440691484558	-1.8862281571609374	-1.9844330312302927	-1.8360034409691623	-0.7947334384058713
chr12-68091127-68091731_5	chr12-68091127-68091731	GTGATGCTCAAGGCTCATCC;GGGGTGGGAAGGAATACATT	462	1.478669281246104	0.5629115346563003	-1.2882591134580461	0.42628790575451325	0.40555933655283183	-0.14129416754358004	1.0187672033596773	1.713119606601398	0.9691311915932986	-0.9374890641792114
chr12-68091127-68091731_6	chr12-68091127-68091731	GTGAGGGAGACTCTGGACAT;GGGGTGGGAAGGAATACATT	462	0.6843146381868175	0.3891721378156968	-0.007109054710691445	-0.5736178910643667	2.813350394397989	-3.8033497830310554	-0.23542254150066874	0.9788972938678415	1.3176900549544206	1.1900734492848049
chr12-68091127-68091731_7	chr12-68091127-68091731	CTCAAGGCTCATCCAGGCAT;GAAATGTGAAGAGGCTAACC	462	0.7189397985528794	0.5986539735206136	0.3149620821644456	0.6695285462774804	0.04708520637399479	-1.0257091869739108	-1.0784806395488127	-0.7643940578047528	-0.24142768774254028	0.959422482332639
chr12-68091127-68091731_8	chr12-68091127-68091731	CTCAAGGCTCATCCAGGCAT;GAAATGGTGACAATAATATA	462	0.7986741724540694	0.8709180923642803	0.6714663502403772	0.19471259923497203	0.7074249987026967	0.08519234343236641	-0.15488243217372455	-0.25874159646571915	-0.6234158522111284	-0.3889254864225501
chr12-68091127-68091731_9	chr12-68091127-68091731	CTCAAGGCTCATCCAGGCAT;GGGGTGGGAAGGAATACATT	462	1.8645169984915504	1.124541218339526	-0.7538131256698793	1.423914847549098	0.4525097848816321	0.8554457633240518	0.6407802911594243	0.3524778884395636	0.6745591493398748	-0.37768937342366526
chr12-68091127-68091731_10	chr12-68091127-68091731	GTCAGTACACTGGCCAACGA;GTGCTAAGAGACAGATTGCT	462	0.7851493041169262	0.6496334372157059	0.3198615158732046	-1.4070727939649226	0.07977197836693804	0.2625616693902806	-0.4353134991035186	-1.3114037276011525	-0.9182293059175803	-1.261512884418608
chr12-68092366-68093405_1	chr12-68092366-68093405	GAAATGTGAAGAGGCTAACC;AGGTAGACCAGCTTGCAGAC	461	0.4488057689677695	0.3282124015700898	0.18401267644083721	1.1405170225811587	0.5162392684583353	0.10111509790537059	0.007632242986840352	0.04373806380112543	-0.8063046766722035	-0.8234446603909504
chr12-68092366-68093405_2	chr12-68092366-68093405	GAAATGTGAAGAGGCTAACC;ATAATTGTGTACTTACGATC	461	1.1678503303132906	1.0101239903751145	0.4495886473517343	-0.26303208211318513	0.2848332357042064	0.1934063976367027	0.7895271500971084	1.24712581724044	-0.2586566530419589	0.0988000583279889
chr12-68092366-68093405_3	chr12-68092366-68093405	GGGGTGGGAAGGAATACATT;AGGTAGACCAGCTTGCAGAC	461	0.6927634044024783	1.6627244824220144	1.8770801338617125	-1.8313060916671786	-2.602595860059453	0.23462233744928726	0.20932267300744814	0.2741341501001349	1.5879323045713098	1.128723684369812
chr12-68092366-68093405_4	chr12-68092366-68093405	GGGGTGGGAAGGAATACATT;ATAATTGTGTACTTACGATC	461	-1.3347150105162848	-1.0554735242191273	-0.27238556937557323	1.1540143460951882	0.6790099416412302	0.5357067499398664	-0.019578919034110444	-0.7181701796442636	0.1413176214864727	1.632285687584259
chr12-68092366-68093405_5	chr12-68092366-68093405	GAAATGTGAAGAGGCTAACC;CCTAAGTATGAGTTTAACTA	461	0.25198046668685964	1.2906552825200184	1.6803276130385942	-0.38458483027113005	-0.7922329256110174	0.21283220885600684	0.26699920469719574	0.4012614809140675	-0.04210134891236374	0.6593958935020721
chr12-68092366-68093405_6	chr12-68092366-68093405	GGGGTGGGAAGGAATACATT;CCTAAGTATGAGTTTAACTA	461	1.0425659269371959	1.047493794351573	0.6802845975334478	-1.3148216778061053	0.3396161753265041	-1.0720292183405362	-1.484053374946356	-1.466063451474219	0.5304375751880804	-0.25414432415675803
chr12-68092366-68093405_7	chr12-68092366-68093405	GTGCTAAGAGACAGATTGCT;AGGTAGACCAGCTTGCAGAC	461	-0.22919767824123696	1.114219415825322	1.7161509143356926	-1.8544457398713203	0.7077069417145981	-0.1352109242776916	-0.5329338766575802	-0.7581594194471685	-0.023665224047086757	-0.5642395285941058
chr12-68092366-68093405_8	chr12-68092366-68093405	GTGCTAAGAGACAGATTGCT;ATAATTGTGTACTTACGATC	461	0.031152089938711304	-0.2524044277945841	-0.2891681569206307	-0.06052022703813916	-0.2664919477507029	0.3374632347864351	-0.14445139409622262	-0.6410154316579499	-0.33791513352553815	-0.16660263710120504
chr12-68092366-68093405_9	chr12-68092366-68093405	GTGCTAAGAGACAGATTGCT;CCTAAGTATGAGTTTAACTA	461	1.0483651189736414	0.6917150477763789	0.02309266014828016	-0.4250581608087751	0.9605071721896242	-0.6305025306765032	0.19401964163188662	0.8595262330839344	0.07182297914578209	0.21617245419685716
chr12-68092366-68093405_10	chr12-68092366-68093405	GTGCATGTTGAAAGAAGTGT;CAAGTGCATACTATGTGCAG	461	0.517124542546598	0.3222397452058526	0.09304907518447973	-1.0894151782965846	1.0650565466427773	0.46044821807622976	0.5791519714464619	0.7098935852674434	0.37626992691558897	1.1620492051149902
chr12-68153579-68153816_1	chr12-68153579-68153816	AGGTAGTTAAGGCAAGACAC;ATAATGGATATCTGGAGCTC	400	0.6685068805103719	0.8559171098210598	0.7834079339269627	-0.08369952788706098	-0.3447031889305388	1.0351206844209826	1.1394073993027916	1.1319670879829977	0.4786299985556681	0.4276951236502585
chr12-68153579-68153816_2	chr12-68153579-68153816	AGGTAGTTAAGGCAAGACAC;TATAGGCATAACAGAAGTCT	400	-0.9332460280695964	-0.26291083448337077	0.4651430221980785	-0.9760104039337274	-0.5681370102566975	-0.30039545170454224	-0.6519853927948558	-0.7748316234583313	-1.4768279978720458	-0.574860349268856
chr12-68153579-68153816_3	chr12-68153579-68153816	AGGTAGTTAAGGCAAGACAC;CCTGGACTCAGCCTCATAGT	400	1.6185395801886509	1.7869345398712908	1.2292452135109553	-0.6472224474922678	-1.0360956230792926	-0.033125323076683505	-0.257576186878127	-0.31418600901832344	0.0714624198418752	0.677306656519399
chr12-68153579-68153816_4	chr12-68153579-68153816	CATGGGGCAGTGGATTATGG;ATAATGGATATCTGGAGCTC	400	-0.3592254068434176	-0.14129091729971816	0.24625737268652062	0.13215906592165572	-0.6399047129894397	-0.16301112960644135	-0.20697266420208416	-0.06840500686460008	0.04928903862817682	-0.8774961759826843
chr12-68153579-68153816_5	chr12-68153579-68153816	CACCACCTAACATTACATGA;ATAATGGATATCTGGAGCTC	400	0.055983112606210625	0.275412915580435	0.49033751749359167	0.18610328238510598	-1.3849841315289124	0.380532916769144	0.06397551165606832	-0.2117331536520238	-0.9159618616351352	-0.3905814979418437
chr12-68153579-68153816_6	chr12-68153579-68153816	CATGGGGCAGTGGATTATGG;TATAGGCATAACAGAAGTCT	400	0.4550929530195495	1.4702370882160254	1.7824826212472096	0.12170707701937422	0.4995938077027026	0.2790115029717044	-0.18670621306080457	-0.6377149387405455	0.6443062111942215	-0.2632292259646906
chr12-68153579-68153816_7	chr12-68153579-68153816	CACCACCTAACATTACATGA;TATAGGCATAACAGAAGTCT	400	-0.4429240124735501	-0.046452118005304695	0.4341618200882726	-0.8326223299551988	0.9229498716682237	0.21252365011506183	0.20009454711784364	0.28078533924326865	-1.4291602656476956	-0.5166945862487253
chr12-68153579-68153816_8	chr12-68153579-68153816	CATGGGGCAGTGGATTATGG;CCTGGACTCAGCCTCATAGT	400	-0.27279226637088716	-0.011838481803177462	0.3562184757841315	1.0699348992791908	0.23396516780382953	1.194735189057428	1.1960822344256095	1.0550766779371803	1.4774053159613356	0.9200899369245806
chr12-68153579-68153816_9	chr12-68153579-68153816	CACCACCTAACATTACATGA;CCTGGACTCAGCCTCATAGT	400	-1.0019354215330751	0.08447881020072509	0.9016641038620039	0.8079246587071189	0.35595329091854105	-0.296904005771033	0.3289023990709895	0.8755751736399271	0.8298509080245204	-0.5722739132859127
chr12-68153579-68153816_10	chr12-68153579-68153816	AAGTAAGAAACCAGTCAGGC;GGTCACGAGGCAAAGAACCC	400	-0.14880782908410875	-0.054049323367115466	0.19560531978285295	-1.4754386613690194	-0.33913699341029097	-0.4933742928232266	-0.13577781954973847	0.32257782238682814	-0.4293406631735974	-1.5164002182157257
chr12-68197187-68198475_1	chr12-68197187-68198475	ATAGGGCAGAACTGTTTCAT;ATAGTGCAGAGATCACTGCA	356	2.7620784665821256	2.116709883774545	-0.6043613866391764	-0.30934399157577325	-2.684618812367706	0.4826928433346913	0.3175916115865049	0.1887793780151462	-1.3577805599147905	-1.7060169615861518
chr12-68197187-68198475_2	chr12-68197187-68198475	ATAGGGCAGAACTGTTTCAT;ATCCTACAAGTATTAATGCA	356	1.4124241373924777	1.6205123591326354	1.1979898266640447	0.0918579831563631	0.43103795792229876	1.0109569342877824	0.5250942321032965	-0.23316067689978515	0.12052762212313774	0.9117191629163688
chr12-68197187-68198475_3	chr12-68197187-68198475	GAGCCCAGGTGGTGCATCGT;ATAGTGCAGAGATCACTGCA	356	-1.3521420982634649	-1.8528336108278562	-1.3469862585079388	0.7835950714030648	2.045792770867209	2.517634792582862	2.285945037913581	1.403760491810666	1.7717976183440627	0.5574226598098071
chr12-68197187-68198475_4	chr12-68197187-68198475	ATAGGGCAGAACTGTTTCAT;GGAACTGTGAAAGTGAAGTG	356	1.0114777505417134	1.4475727865430088	1.342314271654208	-0.17782753019507858	-0.17497347776224162	0.941991625913409	1.0345924392797767	1.038453460172601	1.5397906370236496	1.0657212070699185
chr12-68197187-68198475_5	chr12-68197187-68198475	ACTCCTACGATGCACCACCT;ATAGTGCAGAGATCACTGCA	356	0.3370645726373132	-1.1500038702883595	-3.089799940042554	-0.6133201820660054	-0.19053153055500519	-0.6437948811243247	-0.77449104023389	-0.5998439917568031	-2.265121658228022	-0.19968633664516572
chr12-68197187-68198475_6	chr12-68197187-68198475	GAGCCCAGGTGGTGCATCGT;ATCCTACAAGTATTAATGCA	356	0.11926361311287462	0.03791387431563713	0.0789218656789233	-0.03973342585726013	1.1577130139781049	1.093585842361562	1.4228788800966234	1.5741018000158538	1.521412570834856	-0.6659831143021274
chr12-68197187-68198475_7	chr12-68197187-68198475	ACTCCTACGATGCACCACCT;ATCCTACAAGTATTAATGCA	356	-0.25172345914806926	-0.06708620269967572	0.2635034369396749	0.448330028199125	0.8672542184183033	-2.732842474757759	-1.722146236849463	-0.7428743271839796	-0.6737511267383817	-0.836686004942028
chr12-68197187-68198475_8	chr12-68197187-68198475	GAGCCCAGGTGGTGCATCGT;GGAACTGTGAAAGTGAAGTG	356	0.054389832818827206	-0.06340513227549383	-0.011775458992810867	0.10631945101860293	0.3471242930473781	-0.0893890627152234	0.6911489294807319	1.265178668793169	0.6785166987041459	0.04768360225329552
chr12-68197187-68198475_9	chr12-68197187-68198475	ACTCCTACGATGCACCACCT;GGAACTGTGAAAGTGAAGTG	356	0.7805111179400822	0.41124881029590493	-0.10453358196727651	1.5013615940516887	-0.506951132891553	0.493026114677318	0.38086378553309896	0.30375564790171733	-0.21650412616035758	-0.31421371438880497
chr12-68197187-68198475_10	chr12-68197187-68198475	GCTTCCCAGAGCACAGAATA;GAAAACACAAGATTCACGAG	356	1.6099926066450547	1.056710534616434	-0.2512897783215107	0.9040409268680101	0.5141813894356326	-0.46445283508502655	-0.4305925982658591	-0.16969736223947854	-0.5754298733498071	1.0417956457334665
chr12-68221200-68222302_1	chr12-68221200-68222302	GAGGGACCTCAGAAATGGGT;GATAAGTGTATGCAGGCATT	332	0.6930842298745216	1.3911886566647222	1.5241710781910345	1.0352133591051622	-0.3821567774006129	-0.754071772689437	-0.5625014445109053	-0.14687997484591805	0.8078886343952525	1.571123355309987
chr12-68221200-68222302_2	chr12-68221200-68222302	AGGATGTAGAATGATCTAAT;GATAAGTGTATGCAGGCATT	332	1.086001265461719	0.587502132568968	-0.2557899882654753	-0.5136415019706199	-0.2559562583977566	-0.4193366984608865	-0.43300823536493016	-0.21576117771175124	1.0764853898171085	0.45947307460760944
chr12-68221200-68222302_3	chr12-68221200-68222302	ACAGTGTTAAGGCCAATATT;GATAAGTGTATGCAGGCATT	332	0.9371367451664311	0.629925910629722	0.07578315880200893	-0.4881948181226924	-0.5624888432319064	0.3638357759284327	0.2727656640029844	0.24810398409530407	1.2607150903750308	1.0587821111259839
chr12-68221200-68222302_4	chr12-68221200-68222302	GAGGGACCTCAGAAATGGGT;GGCTTCTGATAAGTGTATGC	332	1.756940554953964	0.8914958378677974	-1.1551856823265994	-0.279984602208454	0.16566684093494302	-0.5089599982029738	-0.8441892901277357	-0.8927115480220744	1.250303278374104	1.0911994215388152
chr12-68221200-68222302_5	chr12-68221200-68222302	GAGGGACCTCAGAAATGGGT;AATACAAGTGAAGTAACTCC	332	1.0845044966063195	0.4068008051209691	-0.6612241735402327	0.6293354533891147	1.7420011396305553	-0.05577555616810365	-0.08274774434997764	0.04586586818142623	0.0710208641838574	-0.1464889673792238
chr12-68221200-68222302_6	chr12-68221200-68222302	AGGATGTAGAATGATCTAAT;GGCTTCTGATAAGTGTATGC	332	1.9867909492179838	2.0208788769793617	1.1422213029810382	0.8796012597111856	0.7974375630976038	1.5594723689773347	2.1702393665840254	2.405170559715509	2.205287151692702	1.4482915282221343
chr12-68221200-68222302_7	chr12-68221200-68222302	ACAGTGTTAAGGCCAATATT;GGCTTCTGATAAGTGTATGC	332	1.0504287712281388	1.8938221064302267	1.9338355383262213	2.004872863890072	0.316216306948227	-0.032349745203338436	0.3277408770945033	0.7077819281588719	0.31510645910966506	0.31252335695306366
chr12-68221200-68222302_8	chr12-68221200-68222302	AGGATGTAGAATGATCTAAT;AATACAAGTGAAGTAACTCC	332	-0.16758168216330516	0.9576346915197548	1.5075859572049082	-1.9040467057088148	0.45416365389258734	0.35234349699281386	0.01665861070172772	-0.27505999807197706	0.5272454179343492	0.6969554714650105
chr12-68221200-68222302_9	chr12-68221200-68222302	ACAGTGTTAAGGCCAATATT;AATACAAGTGAAGTAACTCC	332	-0.3271020084660082	-0.6773117240688512	-0.5758738905653533	0.2189368973823528	0.15885770310614844	0.5263273465861553	0.48510318532526386	0.4676496405691296	0.11029617988097984	0.5433728791960012
chr12-68221200-68222302_10	chr12-68221200-68222302	TGATCTAATGGGAAGAGTGC;GTTGCCAAGAAGCCAACAAG	332	0.6652817809189226	1.0909087693405313	1.1321316797702736	-0.17407513020676868	-0.7998025832921388	0.26862253520033574	-0.015102701155278538	-0.21825434993233458	-0.4770167348398644	0.19768170341832778
chr12-68294100-68294744_1	chr12-68294100-68294744	ACTAGGGAGTGCCAGACTGT;GGGCACACTGACACCTCACA	259	1.02218147549413	1.0460013410467823	0.7023935123522627	-1.9604677440257812	-2.1402629399604467	2.7090462173671446	2.242478855515249	0.6719106781818651	-0.37617552945612026	0.26165444936734245
chr12-68294100-68294744_2	chr12-68294100-68294744	ACTAGGGAGTGCCAGACTGT;CAGGAGCCGATGCGATCAAC	259	1.4723711609266523	0.9087812367757425	-0.3033605162503467	0.10664480095728539	2.3386535255474166	2.853608666825287	2.716023316447079	1.8756704339755244	0.12290120291625184	-7.972479246868135
chr12-68294100-68294744_3	chr12-68294100-68294744	GTACCAGGTTCATCTCACTA;GGGCACACTGACACCTCACA	259	-0.7987758840396969	0.2927652551605494	1.0453426734430133	-0.1616995608027082	2.282915433937465	1.5694614344154736	1.866415869140298	1.8965950497895454	-0.328169727670331	2.2694386299580978
chr12-68294100-68294744_4	chr12-68294100-68294744	GTACCAGGTTCATCTCACTA;CAGGAGCCGATGCGATCAAC	259	2.281126018998236	3.0336880788487757	2.507508550886328	-1.7895438695138697	-11.453204770875535	0.12308524372510907	-1.2192110370959677	-9.40745884418034	-5.779782225083686	-4.557042196515328
chr12-68294100-68294744_5	chr12-68294100-68294744	ACTAGGGAGTGCCAGACTGT;GAGCACCTCTCCTCCTCCAA	259	-12.122186968206417	-0.16135254782693192	1.5226774189612513	-2.8360966984792437	1.4694616943195744	-1.4019001902060533	-0.6860231121468484	0.052153760139319154	-3.208612250325235	-2.3005991709267843
chr12-68294100-68294744_6	chr12-68294100-68294744	GTACCAGGTTCATCTCACTA;GAGCACCTCTCCTCCTCCAA	259	-2.9168408753384707	-2.0444438126053885	-0.657956462759636	-19.030020624175656	-2.156405040360244	-2.190143468025245	0.18064019201471243	1.2477975468204148	3.528268826093964	3.8772798793700196
chr12-68294100-68294744_7	chr12-68294100-68294744	ACTGACCTGTGCCCACAGTC;GGGCACACTGACACCTCACA	259	-1.3068471708270246	-1.8787850201498066	-1.431144483528306	-1.5840538342559842	1.187106044005422	-1.16846776241511	-1.6626210116784275	-1.7082601384005502	-2.0528644398460645	-1.675999338098516
chr12-68294100-68294744_8	chr12-68294100-68294744	ACTGACCTGTGCCCACAGTC;CAGGAGCCGATGCGATCAAC	259	-12.578292487634757	-4.077600483822767	-1.613880949148483	-4.109949485095717	1.2222158707079511	0.5198449955028434	4.784393016559394	5.626680398876811	6.0438355380438615	3.2502210980095714
chr12-68294100-68294744_9	chr12-68294100-68294744	ACTGACCTGTGCCCACAGTC;GAGCACCTCTCCTCCTCCAA	259	0.10721915483027065	0.02313128793869809	0.06835447790792622	-0.12692672427569776	-1.0072098701120917	-1.0113438912975856	-1.579786130684022	-1.761094672812539	-1.8832541284210893	0.6324289488594603
chr12-68294100-68294744_10	chr12-68294100-68294744	GCGTGAGCAACGCAGAAGAC;TTGGAATACCCTGCCGTGTG	259	-1.4386673394118616	-3.5356451736570826	-4.890349183327728	-1.118839621050242	-3.6311957734568594	0.9964925183370866	1.5519238516172469	1.856004220460858	-10.483062851224924	-8.421379609289362
chr12-68336891-68337533_1	chr12-68336891-68337533	AGTCTGTCAAACGTGACCGC;GGATGGAGTCATTACTGAGT	216	-0.8947863942658867	-0.4964685409506701	0.1552894901281896	-2.4056587641002904	-0.4452280120060586	0.22894555748880457	0.08167054175937209	0.036123419829223936	-0.7813635455316379	-0.46403242387597715
chr12-68336891-68337533_2	chr12-68336891-68337533	AGTCTGTCAAACGTGACCGC;ATAGACAGGGATGAAAGAAC	216	0.6269436542092984	1.6109603283379386	1.853222949173736	1.054569929591708	-0.3573156547009584	-0.6671052253289722	-0.8700459047808741	-0.7512171444721386	-1.2811033387324022	-0.277757034427541
chr12-68336891-68337533_3	chr12-68336891-68337533	AAAGATATTCCACTAAGAAT;GGATGGAGTCATTACTGAGT	216	0.1597178793722926	-0.8369823285795727	-1.6280935337210682	-0.5152211477105979	1.2660611893825133	0.6477599054167269	0.1798497834278234	-0.40536397918770417	-0.2958477353673709	-0.11043128778099973
chr12-68336891-68337533_4	chr12-68336891-68337533	AGTCTGTCAAACGTGACCGC;AGAGACAAGATCAGCAATGA	216	-0.25984081135284004	0.7323134805744133	1.2901804820991176	0.19684865933986934	-1.605106332052622	-0.7101867311761065	-0.7345875244962434	-0.46476005181645974	-0.3861742962553958	-0.327717019441972
chr12-68336891-68337533_5	chr12-68336891-68337533	AAAGATATTCCACTAAGAAT;ATAGACAGGGATGAAAGAAC	216	-0.07384464168808538	0.5751118351077436	0.9886138747996767	0.6678395310929075	0.4054107980447658	1.1187811574995568	0.7629040134387928	0.19233227653062476	0.6759021973572482	-0.2970695450112326
chr12-68336891-68337533_6	chr12-68336891-68337533	AAAGATATTCCACTAAGAAT;AGAGACAAGATCAGCAATGA	216	-1.138677348624568	-1.5406062710408859	-1.0828175605131598	1.4848438204662051	1.1011881002808461	-0.3129949461856888	-0.629656492948703	-0.7102330586040129	-1.0767760471525434	-0.07424372943723362
chr12-68336891-68337533_7	chr12-68336891-68337533	GCTACTTATAGCTCTTCTAG;GGATGGAGTCATTACTGAGT	216	0.8814859039638285	1.125977496053458	0.9842989801022155	0.8300085787882056	0.6188154385057151	-0.15578023396170593	-0.1361967797943266	0.050351149797995785	1.2302502533381094	1.4983189892586173
chr12-68336891-68337533_8	chr12-68336891-68337533	GCTACTTATAGCTCTTCTAG;ATAGACAGGGATGAAAGAAC	216	-0.11308465385705023	-0.06666213921650535	0.14564521350289858	-0.16975514958759094	0.6627534194850168	-0.6201385146609171	-0.23725024052865862	0.25472291942848474	0.6054884401453	1.179801606972509
chr12-68336891-68337533_9	chr12-68336891-68337533	GCTACTTATAGCTCTTCTAG;AGAGACAAGATCAGCAATGA	216	-2.4658075681134104	-1.7692119121338354	-0.5338815024038642	-1.7712021654178662	-1.5105162468873445	0.3735696042966318	0.46546310968128074	0.5943065095831104	0.2923557367273009	1.7340071523007345
chr12-68336891-68337533_10	chr12-68336891-68337533	CAGGTAGTTCAGGTTAAAAC;AGAGAAGGAATGAGAACCAG	216	-0.21434472332998364	-0.056643458724901286	0.24754266924352783	-0.19318438777842625	1.017256842025093	0.7765691171073823	1.6964401147713	2.1940642803333192	1.9169113843851517	1.1915896559989
chr12-68382821-68383631_1	chr12-68382821-68383631	AAGGCACTGAGATACTCCCT;AAGACCTATGATATGTGACA	170	1.7692114257704101	1.5281656354194364	0.5079916767922625	0.01088794179425565	1.1668783398491802	1.8458010265574742	2.078041526243168	1.9945891139601142	1.944755790135796	0.7343195063032503
chr12-68382821-68383631_2	chr12-68382821-68383631	ACAGCCAAGAGTGTATTTAC;AAGACCTATGATATGTGACA	170	-0.41900076658777957	-0.7777571850423035	-0.6361012432001268	0.28372539487033993	0.7658294847214412	-0.1031370981414882	-0.9632966480455154	-2.062457216331938	-1.0477209387941628	0.4032382273407121
chr12-68382821-68383631_3	chr12-68382821-68383631	GTTTAGAGTACCTCATACAG;AAGACCTATGATATGTGACA	170	0.6110391826179468	1.556216760648305	1.7943096113767278	-0.5737360495160345	-0.6623537201435399	-0.30838569140570304	-0.2880436981241675	-0.06890478059048934	0.5830448990519986	-1.5903405494912746
chr12-68382821-68383631_4	chr12-68382821-68383631	AAGGCACTGAGATACTCCCT;AGTGCCATGTCACATATCAT	170	2.767390413251372	2.4475419976133628	0.5074965550582623	-0.818491393528183	1.3349110966119466	0.918311874752435	0.2866073601703751	-0.7478427436440324	0.4081404482479888	0.1114764876137911
chr12-68382821-68383631_5	chr12-68382821-68383631	AAGGCACTGAGATACTCCCT;AAAACTGAGTACGGCGCCCA	170	0.7554114162356891	0.7245413718543081	0.4821974377370924	0.8065630220215722	-2.422257040848863	1.6035073248718787	1.2861192998721132	0.6036172612576998	1.3167649305304185	-1.5714777965026576
chr12-68382821-68383631_6	chr12-68382821-68383631	ACAGCCAAGAGTGTATTTAC;AGTGCCATGTCACATATCAT	170	1.2616503755294517	0.992629479825922	0.27534107932085133	0.9781640662252921	-0.22799911976016965	-1.0220880534228072	-1.2135948297489763	-1.0045314598916246	-0.21762451477884193	1.4224242015766075
chr12-68382821-68383631_7	chr12-68382821-68383631	ACAGCCAAGAGTGTATTTAC;AAAACTGAGTACGGCGCCCA	170	0.42239315117121684	0.8570810600323825	1.00455479848407	0.6320267682398948	-0.10373498942576291	-0.7477365264103638	-0.6947869419304172	-0.36461701531338525	-1.0376897856890435	-0.6755346555937637
chr12-68382821-68383631_8	chr12-68382821-68383631	GTTTAGAGTACCTCATACAG;AGTGCCATGTCACATATCAT	170	1.5817120971222207	2.0108039389118373	1.638620473710267	1.97888473233547	-0.0321380219744256	0.5313065023362399	0.6586426342579373	0.7808721509008941	2.4130956342070617	1.1759739528693351
chr12-68382821-68383631_9	chr12-68382821-68383631	GTTTAGAGTACCTCATACAG;AAAACTGAGTACGGCGCCCA	170	0.927576812597907	1.413101015111157	1.367059388012659	0.14124013546375092	0.03765253705299826	0.6116646834971987	0.6273515325207979	0.6408094083624303	1.153945156361683	0.8274120703525022
chr12-68382821-68383631_10	chr12-68382821-68383631	GGTGACATTAGTGGCTAATT;ATAATTACTGCTAACACTAC	170	0.8974334167736135	0.28727492627025863	-0.5547700806740548	0.1990136211563936	-0.3377021024674752	-0.08440666899496599	-0.6361730126927329	-1.0956543624687574	0.23184420313106976	-1.5288145163996636
chr12-68384178-68385532_1	chr12-68384178-68385532	AAGACCTATGATATGTGACA;AAGGTCACAGAGCTAAGAGA	169	0.5312833737840175	1.7256336290680971	2.0497686291392356	2.022418225611569	1.1645112480129127	-0.09170005424303244	0.46998547284685566	0.9579144615341669	0.9054815503249345	-0.32445942197491895
chr12-68384178-68385532_2	chr12-68384178-68385532	GAGCTCAGAGAGGATTTATA;AAGGTCACAGAGCTAAGAGA	169	-0.40164180185261494	-0.7353365673034489	-0.5873448189420604	0.11594901654733938	0.13010058237273903	-0.9947757009436822	-1.2249658225834223	-1.0542071515347278	-1.0939782900443198	-0.44578670004890536
chr12-68384178-68385532_3	chr12-68384178-68385532	TAACCTACAATGGTCAGAAC;AAGGTCACAGAGCTAAGAGA	169	0.03631519911082264	-1.051557688431688	-1.873670477852266	-0.29804324101663476	0.7450604544841192	1.0549663474814677	0.7241206406903083	0.21470898486073994	-0.25420074023183853	-1.7869783151455858
chr12-68384178-68385532_5	chr12-68384178-68385532	AAGACCTATGATATGTGACA;GTCCCTAGATGTTATATGAA	169	-2.198104456070877	-1.4759726983478185	-0.3218903218590187	-0.33396147385628916	0.06567109089484656	-0.634377964887669	-0.432195478762181	-0.032192006515865616	-1.8513887743791075	-0.7819821013232724
chr12-68384178-68385532_7	chr12-68384178-68385532	GAGCTCAGAGAGGATTTATA;GTCCCTAGATGTTATATGAA	169	0.8330549464069578	0.7647494271515881	0.4570420536387333	0.5653036922351605	-0.8638337785216291	0.3695709282380451	0.5144666961059003	0.6835890547407174	1.7946152609328807	1.798003983455312
chr12-68384178-68385532_9	chr12-68384178-68385532	TAACCTACAATGGTCAGAAC;GTCCCTAGATGTTATATGAA	169	1.7511535850823934	1.269282791190095	-0.04760284083581327	1.1896608360201142	-0.8779840577729512	0.6624070858626239	-0.031011759652324302	-1.0913600271350905	-0.18244978166584827	-0.8607427173903992
chr12-68384178-68385532_10	chr12-68384178-68385532	AGTGCCATGTCACATATCAT;ATACCATTCATATAACATCT	169	0.263291925503441	-0.22612783621439306	-0.5410161201661616	-0.10772909635656362	-0.12364859489489266	-0.3728506052812281	-0.5218317762531822	-0.4240458037702483	-0.34025806004013026	0.005101537420073201
chr12-68392183-68392448_1	chr12-68392183-68392448	CAGAAGATACACCTCCGATA;AGAGAAATGAGTTACTAGTA	161	-0.9704342062759147	-0.4791047884311093	0.22333092243926378	0.8649122722826637	1.0050504593461642	0.3314256226291342	0.4031867014346942	0.525543044031554	-0.31063609864801606	0.9322108381899508
chr12-68392183-68392448_2	chr12-68392183-68392448	CAGAAGATACACCTCCGATA;AATGAGTTACTAGTAAGGAA	161	1.6778134479912152	1.4464827393251556	0.49889735868849616	-0.2539549852709196	-0.1383583860569791	1.0023910434657135	0.7916390076430841	0.46507819541341255	-0.6700929581913786	-0.5490770427723383
chr12-68392183-68392448_3	chr12-68392183-68392448	AGTGGTACAAGCTTTATAGA;AGAGAAATGAGTTACTAGTA	161	-1.4148764377516894	-2.135051563948283	-1.7197729437806897	-0.7972497648065383	-1.82818567176806	-0.22323825989104895	-0.5904959134053666	-0.7531027066505613	-0.41045844951999944	0.020951986086679582
chr12-68392183-68392448_4	chr12-68392183-68392448	AGTGGTACAAGCTTTATAGA;AATGAGTTACTAGTAAGGAA	161	0.22754842522549867	-0.4208804977279205	-0.858051177028166	-0.38460746574245364	-0.9409915130435196	0.051124263788913	-0.251919509736907	-0.4165683664090165	-0.45653234715366897	-1.0119079109732614
chr12-68392183-68392448_5	chr12-68392183-68392448	CAGAAGATACACCTCCGATA;AATTACAAACCACACTGAAG	161	0.3430857062930912	-0.6117803498851779	-1.4874135468701422	-0.5179722592190108	-0.6968956359256996	-0.487618885978048	-0.61160421166737	-0.4662999915337939	-0.7407795750206453	-1.7182672072371181
chr12-68392183-68392448_6	chr12-68392183-68392448	AAGTGGTACAAGCTTTATAG;AGAGAAATGAGTTACTAGTA	161	-1.1892099708887773	-0.0970493336999293	0.7802416150149135	-0.8422009816659412	-1.4332119814150095	-0.4586407357288877	0.24099379492044007	0.8398957145072463	1.611581558694859	0.5755465188188277
chr12-68392183-68392448_7	chr12-68392183-68392448	AAGTGGTACAAGCTTTATAG;AATGAGTTACTAGTAAGGAA	161	1.9042564756893343	1.5835508274141228	0.3702320853438195	0.009972679066742124	0.5265281129096976	-0.43479580958832065	-0.5770451807315632	-0.45914842652049204	0.9716490122286614	-1.7995150847319026
chr12-68392183-68392448_8	chr12-68392183-68392448	AGTGGTACAAGCTTTATAGA;AATTACAAACCACACTGAAG	161	0.5012015769353753	0.8401598382441516	0.9148312576959965	0.5317969286242775	0.5076971068189983	1.879920159364115	1.5569953118912598	0.7582613230852111	0.5427218651642634	0.2702170425612956
chr12-68392183-68392448_9	chr12-68392183-68392448	AAGTGGTACAAGCTTTATAG;AATTACAAACCACACTGAAG	161	2.0068767673024515	1.7883009922826443	0.6281662802864164	1.110000847149142	-0.40805392563588566	-1.5583281666889306	-1.403490422190119	-0.8661575964246189	-0.27907782481960286	0.021743584008874935
chr12-68392183-68392448_10	chr12-68392183-68392448	TTATCGGAGGTGTATCTTCT;ACATGTATATAATAATACAT	161	1.6869974677735957	1.4624449655840204	0.5160605445589799	0.2135362802737887	-1.6261125519733393	0.5882673281588733	0.7865451285465188	0.9489428295623153	0.38450545755836135	-0.4494126198211846
chr12-68394911-68395826_1	chr12-68394911-68395826	GATGCCAGGCCTTTATACCT;AACCGGCAAATGCACATGGT	158	0.16950968484909915	0.30041585490055156	0.42667453334945854	1.0183388569401157	-0.31348007649795523	-0.6749412404112184	-0.6110948625015459	-0.2880055764849268	0.500273665333961	0.3314051350805609
chr12-68394911-68395826_2	chr12-68394911-68395826	GATGCCAGGCCTTTATACCT;GTGAACCTCTCTCTAAAACA	158	0.5393462037807051	0.7084516758751879	0.6861687465572666	0.22901541395299124	-0.23525249921639327	-0.6863175313679327	-0.3180753544873161	0.17786975942986522	-0.23715441049234567	-0.02717048664647493
chr12-68394911-68395826_3	chr12-68394911-68395826	GATGCCAGGCCTTTATACCT;AAAGGGTAAGGGGCTTACGT	158	-0.045512789495304046	0.32505953128604825	0.640415668168606	0.6305480629381938	-0.5917826272401865	0.4261772403374927	-0.029869998710179414	-0.5165693887843565	-0.6262723784843561	-0.6066706426044838
chr12-68394911-68395826_4	chr12-68394911-68395826	ATCCTTACTCTATAAAGGAT;AACCGGCAAATGCACATGGT	158	-0.3495130113610295	0.3361588416435296	0.8606088971128053	-0.1043143334117617	0.5899337872174507	1.3378161881158677	1.1919108818499609	0.847659193328647	-0.8185221536308422	-0.35674847549819194
chr12-68394911-68395826_5	chr12-68394911-68395826	AAAACAATGGGTCAGAGCAA;AACCGGCAAATGCACATGGT	158	1.2936915086544634	1.0010073911891866	0.2402093352142185	0.5860263463854877	0.14278447644139813	0.29145887846329793	0.13852866551800908	0.0716230065393833	0.23772614347074417	0.12035547999223278
chr12-68394911-68395826_6	chr12-68394911-68395826	ATCCTTACTCTATAAAGGAT;GTGAACCTCTCTCTAAAACA	158	2.176088725848873	2.7891157173830186	2.2354143023037953	0.16649108076696595	-2.2374159543074534	1.7057489513833382	1.3877890676591698	0.6658235813074437	0.6453245837400222	0.39118949512111195
chr12-68394911-68395826_7	chr12-68394911-68395826	ATCCTTACTCTATAAAGGAT;AAAGGGTAAGGGGCTTACGT	158	0.35087263978717204	-0.5449044372185263	-1.3462875131845446	0.17167645853554797	0.18540640475454223	-1.6507574064751396	-1.1198176264723325	-0.40747233368324137	0.4258241197213092	0.12072157865979216
chr12-68394911-68395826_8	chr12-68394911-68395826	AAAACAATGGGTCAGAGCAA;GTGAACCTCTCTCTAAAACA	158	0.5902040301680921	1.288869904805585	1.4626725640072469	1.2658175933477902	0.229559504644377	0.8565548491779131	0.605829044728992	0.2718556020730974	0.9754494015557542	-0.07600163562548755
chr12-68394911-68395826_9	chr12-68394911-68395826	AAAACAATGGGTCAGAGCAA;AAAGGGTAAGGGGCTTACGT	158	-0.8744250995217215	-0.8125091989980631	-0.2721829361625815	0.6082174595971672	0.37392141055768174	0.026388492061077917	0.22460785833820726	0.49859035556779085	0.7265183264980192	-0.042465018872845255
chr12-68394911-68395826_10	chr12-68394911-68395826	AGAGACAAGGCCTTGTTCCG;AGATAAAGATTGCATTAACC	158	2.0606443155333136	2.049428525629197	1.0810498341188275	-1.4992152184688032	-1.42130671323858	-0.13308817904855968	-0.012513771702942303	0.24152703016656057	-0.518317473977521	0.3504017228310036
chr12-68404581-68406918_1	chr12-68404581-68406918	AAGCCACATGAATATATCCA;AATATGGCACTCCAAGAGGG	148	1.3566453211398146	0.7935732684972231	-0.3273786765556013	-0.10118303790388247	-0.021495093823131903	0.5741895221841407	0.03618933491710223	-0.6452909813950495	0.09952941528389395	0.7716227278670466
chr12-68404581-68406918_2	chr12-68404581-68406918	ATGTTATGAGATGCTTACCG;AATATGGCACTCCAAGAGGG	148	0.8168267473071721	1.0659550017507415	0.9568006575410873	-0.6118344167814498	-0.3184893745569151	0.3870540505726129	1.0112988759786927	1.4503668175299858	0.348391480970426	-0.954571448827802
chr12-68404581-68406918_3	chr12-68404581-68406918	AAGCCACATGAATATATCCA;GTGTAACTGCTGCCAGAGGA	148	1.2225016767088772	1.5373882743344003	1.2729669561504586	0.49627468875828423	-0.4933618421261295	0.5767364620938075	0.24608203527312697	-0.1077088278192352	0.5594125350396011	-2.330760715253648
chr12-68404581-68406918_4	chr12-68404581-68406918	AAGCCACATGAATATATCCA;GAAGGTATTAATAGATCAGT	148	0.9603317433264804	1.760624597482825	1.8219226173553216	0.9217461663634005	1.3994043864581291	1.0997891154561783	2.0780055887068265	2.5493714501555584	2.332139149527104	2.2335177093983933
chr12-68404581-68406918_5	chr12-68404581-68406918	ATGTTATGAGATGCTTACCG;GTGTAACTGCTGCCAGAGGA	148	-0.40850295449372004	-0.4992986803218989	-0.21984338109424226	-3.0465000140797565	1.260570609994386	1.2701866081504654	0.7256591600286767	-0.2707403619992699	-0.9363005550271406	0.7766734993011067
chr12-68404581-68406918_6	chr12-68404581-68406918	ATGTTATGAGATGCTTACCG;GAAGGTATTAATAGATCAGT	148	-0.16809843818786074	0.06835073526157237	0.38428370101550174	0.10286219399670493	0.348342218501776	0.4084667915630482	0.7412331554815923	1.0261500575921663	-0.25982261862371125	-0.10317730454409095
chr12-68404581-68406918_7	chr12-68404581-68406918	TAGGGATGTACTCCGCAAAC;AATATGGCACTCCAAGAGGG	148	0.15628254031298536	-0.3858112731374764	-0.6830381251421735	0.2956062168094363	-0.6838490128746331	-0.4175876519863413	-0.7925325789817034	-0.9096461933218841	-0.7495550722545127	-0.6431962812329539
chr12-68404581-68406918_8	chr12-68404581-68406918	TAGGGATGTACTCCGCAAAC;GTGTAACTGCTGCCAGAGGA	148	0.7246335616276888	1.9343096876862924	2.193994793517638	1.120910515398244	-0.3559814511188076	1.4876328904737142	1.9255058783415824	2.07106655577179	1.5188520145801994	-0.507028891096051
chr12-68404581-68406918_9	chr12-68404581-68406918	TAGGGATGTACTCCGCAAAC;GAAGGTATTAATAGATCAGT	148	-0.8696846225874414	-0.9842578780975904	-0.5141817470588839	-0.1474080389453074	1.015650772952483	-0.3308589104890256	-0.5910221649449103	-0.6078359188685021	0.39379498204042807	0.7152965492682665
chr12-68404581-68406918_10	chr12-68404581-68406918	CATGTGCTCAATTTACAAAG;ACCTCCACCAATGCATTGAG	148	0.4904629049569422	0.5993624943849195	0.5684701388713411	0.9963293038997749	-0.19179815504427436	0.6926099397097141	1.2278820545742377	1.57393911890781	0.9289993883346871	0.21302548306359947
chr12-68412220-68412675_1	chr12-68412220-68412675	AACCCATGTGGTAAATTCTA;GATTTAGACCCAGATCTGCT	141	0.8208478053487689	0.7350196097964373	0.4215635968820159	0.19595566463417904	0.3614616006379579	0.9227177796833791	0.7508397730338452	0.4946613070003511	-0.3781422782532682	0.28072547375123336
chr12-68412220-68412675_2	chr12-68412220-68412675	AACAGTGAGCCCATGCAAGC;GATTTAGACCCAGATCTGCT	141	1.409929619014637	1.3860003653352864	0.7967199235222836	-0.7714935362425863	-0.9487990998644553	-0.269664093388795	0.14695400723581306	0.5967868100782628	0.6844208335861959	0.24598936108659414
chr12-68412220-68412675_3	chr12-68412220-68412675	AGAGATAGCTTTCCTCTGAC;GATTTAGACCCAGATCTGCT	141	1.5715995977036168	0.8487271058412418	-0.7055063996967973	-0.7126719352638015	0.01359291408054052	-0.5576800163581869	-0.15936187728922602	0.3296218310927744	0.8163315148275421	-0.8833120584118255
chr12-68412220-68412675_4	chr12-68412220-68412675	AACCCATGTGGTAAATTCTA;TCAATAAGTTGATACATGCG	141	0.35405577604145916	0.7485477131965954	0.9087617692972373	0.44966487532525595	-0.10955293957451526	1.162350009520578	1.3396439450545792	1.364294440085994	2.667641341249742	2.6709216475254047
chr12-68412220-68412675_5	chr12-68412220-68412675	AACCCATGTGGTAAATTCTA;ACCTCCTGCACACTTTATGG	141	-0.719724039891439	-0.5194802249061948	0.006675718431518723	-0.26031929654316016	-1.058984040476994	0.6658400977298616	0.3997402204665058	0.10311718382783293	0.6105884681592753	-4.333841558950879
chr12-68412220-68412675_6	chr12-68412220-68412675	AACAGTGAGCCCATGCAAGC;TCAATAAGTTGATACATGCG	141	1.1603754314994077	1.470350996702548	1.232748995040691	-0.26918037050299465	0.24620893100237315	1.6643575921973228	1.3155000084549804	0.5538658305900992	-1.1729544274898693	0.5019863151230805
chr12-68412220-68412675_7	chr12-68412220-68412675	AACAGTGAGCCCATGCAAGC;ACCTCCTGCACACTTTATGG	141	2.1217440819397906	2.2232601659269253	1.3245191896217565	0.8126559724740128	-0.17944438283395167	0.29982546444562874	0.13780418870975505	0.05958720021806609	0.533862989374574	0.07101893217844152
chr12-68412220-68412675_8	chr12-68412220-68412675	AGAGATAGCTTTCCTCTGAC;TCAATAAGTTGATACATGCG	141	0.600387197664357	0.35581200526509865	0.0458326322402455	0.15007319149093445	0.5058063387108362	-0.32026585594635076	-0.342447199575571	-0.15261640017716407	0.09387514562642348	-1.197095677046654
chr12-68412220-68412675_9	chr12-68412220-68412675	AGAGATAGCTTTCCTCTGAC;ACCTCCTGCACACTTTATGG	141	0.5915307962157019	-0.3333637873997279	-1.3645842061354156	0.6814235693386248	-0.5614118717337688	-0.08736527360984825	-0.41529155829676484	-0.5700880261050636	0.6838350868763087	-0.2690523331221593
chr12-68412220-68412675_10	chr12-68412220-68412675	TCAAGCTACAACAACAGACT;TCGAGGCAAATGGACACAAC	141	0.5530049888605388	-0.25791516471376585	-1.0997950952333535	-1.1133028981560307	1.0777423125320336	1.075147820122438	0.7696328061548317	0.29129258468511326	0.6436561648989247	-0.9913102945739217
chr12-68425793-68426589_1	chr12-68425793-68426589	GGTAGGTATGATGTGCTGAT;AAATTGAGAAAGGTAGAATT	127	0.9600570823371877	0.24680586753391962	-0.7737532024490725	0.050858267929606876	-0.05410708133870523	0.1118205220256233	0.767365238014872	1.26324405720859	2.0637808196497347	1.833585838320528
chr12-68425793-68426589_2	chr12-68425793-68426589	AGCCCAAGGAATAAGCATGT;AAATTGAGAAAGGTAGAATT	127	1.7691758390255978	1.6158157141769314	0.6905658932091693	-0.12367052191229333	-0.5334623158998976	1.3845549306478335	1.3664411751715912	1.1563857979949044	1.4922950203708785	1.711752229488549
chr12-68425793-68426589_3	chr12-68425793-68426589	ATGCTCCTCAATCTACAACG;AAATTGAGAAAGGTAGAATT	127	1.5553713015694968	1.3748697464942299	0.5592607717681951	-0.2240438644757536	0.2840697793919305	0.33953969031922504	-0.31738478291753536	-1.1381340472314458	-2.73464863961724	-0.46554425274290095
chr12-68425793-68426589_4	chr12-68425793-68426589	GGTAGGTATGATGTGCTGAT;ATTCACCCCAAAATAGGAGT	127	1.2215606505031846	1.130987840908139	0.5948418688037561	0.8334984642563744	0.0011407526603460973	-0.4993959679368425	-0.41062773508059025	-0.10550766324782805	-1.08679114518356	-1.4802814801895519
chr12-68425793-68426589_5	chr12-68425793-68426589	AGCCCAAGGAATAAGCATGT;ATTCACCCCAAAATAGGAGT	127	0.39515462826518455	-0.6700795690099036	-1.7555222035585438	-0.6580601847054435	-0.6321259406904971	-0.41314431168101856	-0.44098367954659384	-0.2356764740497161	-0.3242799953400793	0.3453306303266391
chr12-68425793-68426589_6	chr12-68425793-68426589	ATGCTCCTCAATCTACAACG;ATTCACCCCAAAATAGGAGT	127	2.0070327389501688	1.8279821800746476	0.7145996695057616	-0.9962129704597456	-2.8555093075898204	0.1855510363170872	0.11739266945379621	0.15627298478033233	-0.33461966496327694	-0.5209285297128359
chr12-68425793-68426589_7	chr12-68425793-68426589	GGTAGGTATGATGTGCTGAT;GCTCTTAAAACTGTCTGTAA	127	1.0517443635007644	0.8115996452136464	0.24847446363207337	-1.043126185769497	-0.43979913245606406	1.0401119546671413	0.9338661426023074	0.7201337602803253	-0.018967623561526235	-0.278690828336107
chr12-68425793-68426589_8	chr12-68425793-68426589	AGCCCAAGGAATAAGCATGT;GCTCTTAAAACTGTCTGTAA	127	1.0058253560013408	0.5742899511876304	-0.1424276267836643	0.06206959665193915	-0.3010689908226924	-0.16528187510063397	-0.0064802190068499075	0.2792027302016337	-0.23028569529318435	0.5306208944650121
chr12-68425793-68426589_9	chr12-68425793-68426589	ATGCTCCTCAATCTACAACG;GCTCTTAAAACTGTCTGTAA	127	-0.1938633005530217	0.20199057182003372	0.5852365570890451	0.21383224893259406	-0.5751716798527359	-1.0327076747009973	-1.3601072363100841	-1.267808938436846	-1.2820866923218923	-0.1192358541384273
chr12-68425793-68426589_10	chr12-68425793-68426589	TAGCCCAAGGAATAAGCATG;AATTGGTATGGGAGATTGCC	127	1.645964923713282	0.8070978073156898	-1.0538637873979695	-0.4571669170859056	0.8858254548199119	0.1944792777435929	0.23486380224268089	0.3623393834771586	-0.3604882855093112	0.6400810324615525
chr12-68430366-68431765_1	chr12-68430366-68431765	GGAGAGGGTTGTAGAAACAA;ATGGCTCTTAAACTAATGCA	122	1.5321950953409562	1.6596917143236387	1.118789164242888	0.5648234909355382	0.26361881809473625	0.6301873006439178	0.39769805971482675	0.15267515876136797	0.34565071473815634	0.8224717355352243
chr12-68430366-68431765_2	chr12-68430366-68431765	TGTGATAGTAGTGGATATGG;ATGGCTCTTAAACTAATGCA	122	0.7473772380774432	0.3816414963019835	-0.11116377657479526	0.6349099698187705	-0.3875811671450001	-0.9207246554226957	-1.1272995201523988	-0.9533757957200227	-0.5400633899428904	-1.3394313017911803
chr12-68430366-68431765_3	chr12-68430366-68431765	GGAGAGGGTTGTAGAAACAA;TCTGGGATTAAAGACATAAC	122	1.8946550542077427	1.3101726774952827	-0.29491706950855007	0.5317969286242775	1.2494268755451423	-0.01029923710832845	-0.740054506802793	-1.5622581657650667	-0.4202418182125376	-0.052228574817069426
chr12-68430366-68431765_4	chr12-68430366-68431765	TGTGATAGTAGTGGATATGG;TCTGGGATTAAAGACATAAC	122	-0.32176920360488764	-1.2648046746506738	-1.6480210632200258	0.24962686271710133	0.4330868078411858	-0.7991745606061381	-0.9836026398006374	-0.8185660707044755	-0.1183866889050462	-0.9808135094069366
chr12-68430366-68431765_5	chr12-68430366-68431765	GGAGAGGGTTGTAGAAACAA;CATATCACAACATATCACAT	122	-0.43259563195023853	0.40438867000317236	0.9918523599825456	-0.3767678743423033	-0.7693993739305528	-0.015862127441144437	-0.2137599467990576	-0.24793345433159314	-0.20311724106122644	0.1967524900734911
chr12-68430366-68431765_6	chr12-68430366-68431765	TGTGATAGTAGTGGATATGG;CATATCACAACATATCACAT	122	0.708664484833384	0.14137323809602445	-0.5230308009547139	-2.334675841370592	1.6515861437448578	-0.24040115016808933	0.030932864253238396	0.39897304223209445	1.428582861817305	2.310377852933806
chr12-68430366-68431765_7	chr12-68430366-68431765	TCTGAAGAAAGCCAAGGCTA;ATGGCTCTTAAACTAATGCA	122	1.949885929553593	1.3118763761469705	-0.4448151963038702	0.009890920617803839	-0.10120274654884019	1.4252307522620928	1.4361560359452878	1.245964016753393	-1.643857365468005	-0.30574240876260683
chr12-68430366-68431765_8	chr12-68430366-68431765	TCTGAAGAAAGCCAAGGCTA;TCTGGGATTAAAGACATAAC	122	1.9528878970422099	1.7654282581209537	0.679895273084643	-0.41228947198648075	-4.781353370034689	0.02651020587228028	0.5377932329762521	0.9837955549266003	1.2921429029868112	0.023655079253733804
chr12-68430366-68431765_9	chr12-68430366-68431765	TCTGAAGAAAGCCAAGGCTA;CATATCACAACATATCACAT	122	-0.40015966254882546	-0.6678457923132396	-0.48291825791697607	-0.8061472213119926	0.0483452231605937	0.028092231416039084	0.1423426714386547	0.35960060490000806	0.08364448301292156	-0.9103264335782362
chr12-68430366-68431765_10	chr12-68430366-68431765	AGTTGTGGCCATTCCCAATG;TCTGTCAGACCAGATGGATC	122	1.4597891408136445	1.4040519708351684	0.7599764919019767	0.23592986166759175	-1.5210834936158368	0.5815750881620048	0.7570841226292092	0.9045181856814065	-0.037940023405945586	0.35603704967925
chr12-68436002-68436568_1	chr12-68436002-68436568	AGACAGTGATAAGTACATTA;AAGACTTGGAGTTTGAACAG	117	0.05830067943655388	-0.10838406411085891	-0.08671177129151632	-0.04398200865316327	-0.16485636639398898	-0.15316962460070693	-0.5535056093796445	-0.7767060745642587	-3.140305590605096	-0.8871641924224035
chr12-68436002-68436568_2	chr12-68436002-68436568	AGACAGTGATAAGTACATTA;GTGACTCTGAGAATTGGTGC	117	-0.581480374090636	0.6425255200694721	1.342318669378766	1.269390878072801	1.3777699963175107	-0.43594004361929456	0.05276692096272663	0.5634808391281805	-0.08127580182601307	-0.4545778736661425
chr12-68436002-68436568_3	chr12-68436002-68436568	ACATGACTGAACCTCAGCAC;AAGACTTGGAGTTTGAACAG	117	1.4937509191728708	1.3452029759561206	0.5985535236915307	1.6285851228604749	1.4584399296348105	0.8150065238701752	1.4224601172694398	1.7837199511371233	1.2922871655844657	0.9477149998489511
chr12-68436002-68436568_4	chr12-68436002-68436568	AGACAGTGATAAGTACATTA;ACTGATTAGGCCTGACACCT	117	2.1157957547696644	1.9073219159483286	0.6810700418436595	0.8512948740746451	-1.3130364707062168	0.007245735403716528	0.2598860320503577	0.5714167927539316	-0.5834707510833365	1.0316568864303457
chr12-68436002-68436568_5	chr12-68436002-68436568	ACATGACTGAACCTCAGCAC;GTGACTCTGAGAATTGGTGC	117	0.3494264905259291	0.09453703122874395	-0.08798106588438992	-0.7395139471164385	0.1941370127744879	-1.1551591539519594	-0.44429410310167816	0.2580993855579014	0.47956021605322285	0.7303567512111511
chr12-68436002-68436568_6	chr12-68436002-68436568	ACATGACTGAACCTCAGCAC;ACTGATTAGGCCTGACACCT	117	0.04279643581789392	0.23208226581632088	0.4399000084737574	-0.4429656133932613	-0.7742079029713024	0.5562607005903523	-0.04141807093742138	-0.8322605208981633	-1.171611978123018	-1.324518979909572
chr12-68436002-68436568_7	chr12-68436002-68436568	TGGACTAGTTTAGGAATGGT;AAGACTTGGAGTTTGAACAG	117	-0.4772748990964294	-0.8571472768290256	-0.6994607031429098	-0.6433553807627088	-0.5529471963786639	-0.6868509577427311	-1.172509645570846	-1.3451823078416418	-0.4510051314934181	-1.8911178251160272
chr12-68436002-68436568_8	chr12-68436002-68436568	TGGACTAGTTTAGGAATGGT;GTGACTCTGAGAATTGGTGC	117	0.26995046977881776	0.9273339185496349	1.2127398346808824	0.5668752942040959	1.359652587525903	0.3638192750529045	0.33279927528253894	0.3628797058315899	-0.09394617620882166	-0.8201778220505329
chr12-68436002-68436568_9	chr12-68436002-68436568	TGGACTAGTTTAGGAATGGT;ACTGATTAGGCCTGACACCT	117	-1.1091381497457515	0.2865833899052263	1.1674182992553084	0.7492190964310418	0.12113323169918172	1.5876383709972821	1.3149362327931018	0.7120056289327867	1.0501903406213873	0.06792716524136709
chr12-68436002-68436568_10	chr12-68436002-68436568	ATAAAGTGTTAATATTCTAG;TTTACTGTGACTCTGAGAAT	117	0.7812653873415296	1.6535366058515286	1.8072605078924375	0.06795752080890076	0.11834969851340908	1.0053356524743535	0.3713582285894038	-0.7126828190361911	-0.08441414768429108	-2.211207649565338
chr12-68437225-68437592_1	chr12-68437225-68437592	AAGACTTGGAGTTTGAACAG;AACTAGATGGTCCCATCTGG	116	-0.10082647983091966	-1.2117699703028304	-1.9584341254943434	-2.0338504680554634	-8.019457526714325	1.3374228687217442	0.9945686129496973	0.36689771914635966	-1.5345216406549427	-2.1897762658283364
chr12-68437225-68437592_2	chr12-68437225-68437592	TGGCCTCATAAACCCCTCAG;AACTAGATGGTCCCATCTGG	116	-0.39307141844154914	-0.5890328329249984	-0.368875425842815	1.4919883650484806	-0.493061120146493	0.7152020919512782	1.0597376193225372	1.2942652644328432	1.0197830506037453	2.3040065042556965
chr12-68437225-68437592_3	chr12-68437225-68437592	AAGACTTGGAGTTTGAACAG;GCAACTAGATGGTCCCATCT	116	1.3207333675826192	0.3387523150713256	-1.489317154579014	-0.7903912362447116	1.2946599375250618	0.36381124137040005	-0.13906127316597777	-0.6791039766389424	-0.10043389855803285	-2.812394801561521
chr12-68437225-68437592_4	chr12-68437225-68437592	TGGCCTCATAAACCCCTCAG;GCAACTAGATGGTCCCATCT	116	0.3896678156875414	1.2766999353029889	1.5813807646218478	-1.3939815744313737	2.6189620279217127	1.0445908160759416	0.24491752818506496	-1.38252133438395	-2.4949663718291144	-5.264137525279937
chr12-68437225-68437592_5	chr12-68437225-68437592	GCCACTGAGCCTCACCACTG;AACTAGATGGTCCCATCTGG	116	-2.9233308051213256	-2.33258377445559	-0.9656242055347375	-0.5582462493083787	0.5806582051226472	0.6859797855054557	0.08307349382557842	-0.7755388016716069	-1.1150638391651717	-1.649586791397709
chr12-68437225-68437592_6	chr12-68437225-68437592	AAGACTTGGAGTTTGAACAG;AAGGCAGCTAAAATGATGTG	116	0.6810791054302636	0.6102835823749616	0.3798776973403266	0.6693251250071319	-1.3247452741366903	0.594530607598751	1.106707108521601	1.4577619497488181	1.8018675541828548	0.19459126686576408
chr12-68437225-68437592_7	chr12-68437225-68437592	GCCACTGAGCCTCACCACTG;GCAACTAGATGGTCCCATCT	116	-2.1200761117415845	-5.162133479172377	-13.812568419319891	-2.703627041208611	-12.207501605098766	-0.7517817761205686	-1.2547207025940394	-1.4299078352395387	-4.58252308793472	-2.2262231628868014
chr12-68437225-68437592_8	chr12-68437225-68437592	TGGCCTCATAAACCCCTCAG;AAGGCAGCTAAAATGATGTG	116	1.0658801188525322	0.6096946225983104	-0.17278426645793094	-0.33952834184687203	0.7446578840648606	0.019516598341543772	0.022876799389635046	0.15922862987554434	-0.08334744109064478	-0.20446550300456007
chr12-68437225-68437592_9	chr12-68437225-68437592	GCCACTGAGCCTCACCACTG;AAGGCAGCTAAAATGATGTG	116	0.46716284203173697	1.3851922585861687	1.669316512631679	0.2748157854039002	0.34082426730249615	0.14195733677914626	-0.15990327972256124	-0.3486354399109865	-0.31077244418793515	-0.15601059323338293
chr12-68437225-68437592_10	chr12-68437225-68437592	ACTGATTAGGCCTGACACCT;CAACTAGATGGTCCCATCTG	116	0.0673848550730328	-0.936319136018147	-1.6664788030472901	0.6567798327844897	-0.6657201917441211	2.0206636371631963	1.9792053347786969	1.5643746527423608	2.2926306735962543	0.943452037558946
chr12-68474209-68476083_1	chr12-68474209-68476083	CAAGAATCTATCCATCTTAG;AGTGAGAGAGTAGTATATGC	78	0.7180468874335604	0.8803433113162713	0.7712838285717715	-0.10439636671493828	-1.201430168190931	-0.40935437340122643	0.22475346152869888	0.7917520296623768	0.3059486715938857	-0.9632941501034423
chr12-68474209-68476083_2	chr12-68474209-68476083	TATCCATCTTAGGGGTTACA;AGTGAGAGAGTAGTATATGC	78	-0.9319221904108668	-0.3771021058844011	0.3260825792368316	0.28712183542334213	0.5367825996583288	1.1499143808898895	0.8895234955289063	0.45159409204897427	0.2775260459733959	1.1207811045148326
chr12-68474209-68476083_3	chr12-68474209-68476083	AATGAATATTAGGCTCCAAC;AGTGAGAGAGTAGTATATGC	78	0.5592801206971622	0.6086847717814143	0.5125262065525894	-0.16214093350961326	-1.3040516609226138	0.588649173167756	0.46220738497682395	0.34623657008509434	-0.3859543730431981	-0.5311597843184197
chr12-68474209-68476083_4	chr12-68474209-68476083	CAAGAATCTATCCATCTTAG;ACTACTCTCTCACTAAGCTC	78	0.8878248427241057	1.0686200404338546	0.8890768183149137	0.4665473501354763	0.4422044229604954	0.050405699533119	-0.03164002544854185	0.02651124016844932	0.5940608566021891	0.43241368115648915
chr12-68474209-68476083_5	chr12-68474209-68476083	TATCCATCTTAGGGGTTACA;ACTACTCTCTCACTAAGCTC	78	-0.3088312367631079	0.38959291964362447	0.9023787218530125	1.093590637134162	0.34814639050283425	1.0677026322967798	0.8197721539324333	0.4248862004477927	-0.4055530475714438	-1.9725456479290169
chr12-68474209-68476083_6	chr12-68474209-68476083	AATGAATATTAGGCTCCAAC;ACTACTCTCTCACTAAGCTC	78	1.4424205172421511	1.7332867813985169	1.3478610433269291	0.06969623071201397	0.10493430800082428	0.9330739989735942	1.0629090391436158	1.099817105683911	1.9298592174793197	0.015171138024303008
chr12-68474209-68476083_7	chr12-68474209-68476083	CAAGAATCTATCCATCTTAG;AGGGATCCAAAGCCGAGAGA	78	-1.2323750462690246	0.019790249580870826	0.9264417108031221	-0.2608405600044749	-0.4994966418366739	-0.6949851697889645	-0.3985893405647734	0.06314728983421626	-0.09430508560043235	0.20400408936028797
chr12-68474209-68476083_8	chr12-68474209-68476083	TATCCATCTTAGGGGTTACA;AGGGATCCAAAGCCGAGAGA	78	-0.36380341812060557	0.5655209062397318	1.1472679521612406	0.24556603827374596	0.2153683730273429	0.5131508932624328	0.7208423169011587	0.9050874721151089	0.22963947528703618	-0.8519385941151412
chr12-68474209-68476083_9	chr12-68474209-68476083	AATGAATATTAGGCTCCAAC;AGGGATCCAAAGCCGAGAGA	78	0.8694857360501859	1.2716126666927925	1.2135369283855875	0.6518710581153863	0.1902309408846251	-0.4366820863115735	-0.5912231738267946	-0.4835072934808692	-0.6014327352482688	0.3198390032460697
chr12-68474209-68476083_10	chr12-68474209-68476083	TGAGGCAATAAGTCCTCTTT;AGTATATGAAATGAGATGGG	78	0.5011228674394949	0.26808333955369373	0.020353708085171455	1.5447877571588096	-0.30137840096295904	-0.5633035987810295	0.2041284403159703	0.841720444231831	0.19412216552882422	1.3314495457958377
chr12-68487938-68488721_1	chr12-68487938-68488721	TGAGGGTTAGGCCATTGATC;AGAGGCTCGTGGGTTCCTGT	65	0.5470415528232843	1.153154796450617	1.3129044699106338	-0.06932312306440941	1.0225223855680414	-0.00860009976260586	-0.6158133030322365	-1.1963155680411297	-0.23504000992767937	-2.860775334847441
chr12-68487938-68488721_2	chr12-68487938-68488721	GGAGCCTGGAGCATGTGTGG;AGAGGCTCGTGGGTTCCTGT	65	-0.9829071338785365	-1.002105909076752	-0.44717135922559853	2.0200122211222844	-1.3398782879041182	-0.3266082850332301	0.41500478303127825	1.0096947869853412	-0.423207927457325	-0.41687947436197453
chr12-68487938-68488721_3	chr12-68487938-68488721	TGAGGGTTAGGCCATTGATC;ATTAAGTCAGAACCACCCAC	65	0.26995046977881776	1.223787657794661	1.5882722780061436	1.5652346996982176	1.7569558230633837	1.0490154103336407	1.1164758441392166	1.0735566591354218	1.2714497944567955	0.5564415631258189
chr12-68487938-68488721_4	chr12-68487938-68488721	GCGTTCTGTTAATACAATGG;AGAGGCTCGTGGGTTCCTGT	65	1.415947677717573	1.8522114168283468	1.5625177958536172	-0.06182812219602491	-2.875745044694551	-0.13379515361104047	-0.3420114651614182	-0.3567779362866952	-0.5331316430642248	-0.4775603125024839
chr12-68487938-68488721_5	chr12-68487938-68488721	GGAGCCTGGAGCATGTGTGG;ATTAAGTCAGAACCACCCAC	65	1.0188211326588745	0.22663968897619832	-0.9559948138427022	0.6603042454602097	-0.4914636253030509	-0.9810587565755703	-1.5520465283124691	-1.745892441131778	1.4529115757474563e-4	-0.37260507472731574
chr12-68487938-68488721_6	chr12-68487938-68488721	GCGTTCTGTTAATACAATGG;ATTAAGTCAGAACCACCCAC	65	0.7504610640151477	1.1959666764504158	1.209084763003089	-0.030443702186846187	0.675619739987977	-0.7549118464988066	-1.080859567046206	-1.0562180539673771	-1.0777635080393593	-0.32967103057915914
chr12-68487938-68488721_7	chr12-68487938-68488721	TGAGGGTTAGGCCATTGATC;AATATTGTGGTCTGATCTGT	65	-0.23884030153615887	-0.6910532973760384	-0.7007400991203633	-0.1762720007566991	-1.2814162584246556	1.0207862752813424	0.5286337121725722	-0.24586704461846517	-0.28971811587741253	-1.561261120884085
chr12-68487938-68488721_8	chr12-68487938-68488721	GGAGCCTGGAGCATGTGTGG;AATATTGTGGTCTGATCTGT	65	1.252621970946851	0.9999697672707488	0.3039641214000565	-0.8214399769637131	0.3442471968420071	-0.06633787151427535	0.10764130351302109	0.3839475586383315	0.6959418486011135	-0.2634157362826981
chr12-68487938-68488721_9	chr12-68487938-68488721	GCGTTCTGTTAATACAATGG;AATATTGTGGTCTGATCTGT	65	0.8853302972069228	0.841196853799647	0.5227125937420396	0.12522524210967378	-0.49842012751506065	0.25048429382720366	0.17927100115238867	0.2001413081531382	0.22945976407064386	0.24201132301761735
chr12-68487938-68488721_10	chr12-68487938-68488721	CCATTGTATTAACAGAACGC;ACTTATTAGGTTCTTGCTCT	65	0.6134220940864065	2.075426913315863	2.4193817231824597	0.32451949065423086	0.919220966544618	0.2632624916556169	0.7573476065704406	1.1556658407058937	2.3765424926827614	1.21071478945046
chr12-68499789-68500563_1	chr12-68499789-68500563	TGTAAGGTAGCATATTCACA;GCTTATATAGTGCATATGTC	53	-0.0593037394386441	-0.38077907238999	-0.39598390047417015	-0.8305360661441108	1.3262705814715576	-1.2163474197774204	-1.4717701474485247	-1.2720166173404341	1.0058099835467884	-0.9064842964997263
chr12-68499789-68500563_2	chr12-68499789-68500563	TGTAAGGTAGCATATTCACA;AAAGGCCTAATTCTAGACCC	53	0.9527655742746738	-0.4038651604041876	-2.806877021658046	1.3883346001193209	0.28238789514191764	0.3512468334494386	1.1476890038602363	1.6627209740671594	1.6850012944376769	1.1028631411653431
chr12-68499789-68500563_3	chr12-68499789-68500563	TGTAAGGTAGCATATTCACA;GAAACTGAGGCATAGTGACT	53	-0.893406801762011	0.5460310518695798	1.3649115792799933	-1.3088799116277907	-0.11448432307543605	0.5643636933126108	0.27860843765355814	-0.012733377218194841	0.7366417212563937	-0.2182806931173871
chr12-68499789-68500563_4	chr12-68499789-68500563	AGGTAGCATATTCACAGGGT;GCTTATATAGTGCATATGTC	53	0.46383100038295755	-0.025302938039434734	-0.45853507301054847	0.7230769288816166	-0.03195416690258753	0.3574382637082103	0.12234120475057868	-0.049417134534385315	0.2649785212992912	-0.6857667151582134
chr12-68499789-68500563_5	chr12-68499789-68500563	AGGTAGCATATTCACAGGGT;AAAGGCCTAATTCTAGACCC	53	1.792635811594873	1.9549220543492538	1.2977344702586935	-0.013742165904119056	-1.6878655997238285	-0.8054588452569399	-0.3780864151144372	0.16458303821311246	0.30712659966329303	0.27402342510083194
chr12-68499789-68500563_6	chr12-68499789-68500563	AGGTAGCATATTCACAGGGT;GAAACTGAGGCATAGTGACT	53	2.118121756244667	1.3192113551080842	-0.9925611953219362	0.02036725649762751	-0.1438468834890621	0.2912015921597521	0.02215219775677377	-0.17015778052733385	-0.10247564012987641	-2.1978982471850337
chr12-68499789-68500563_7	chr12-68499789-68500563	AGAGGATCAAAGTAAGTAGT;GCTTATATAGTGCATATGTC	53	1.8003168544395796	1.4330264631401828	0.23669146061932558	1.2728180646290441	0.8700121708936797	-0.6260957300312328	-0.41414708162708513	-0.01009180335878023	0.05235088884275616	-0.35848189420894183
chr12-68499789-68500563_8	chr12-68499789-68500563	AGAGGATCAAAGTAAGTAGT;AAAGGCCTAATTCTAGACCC	53	0.5807465149954364	-0.06481429929847489	-0.7285704774826696	0.5053377639925389	-0.2800348153230014	-0.3413535914643645	-0.5278177257219935	-0.471078371069814	-0.7885245502781865	-0.6104564329320252
chr12-68499789-68500563_9	chr12-68499789-68500563	AGAGGATCAAAGTAAGTAGT;GAAACTGAGGCATAGTGACT	53	1.0266345332436788	0.6083439623842021	-0.10821029630512874	-0.4083804301225885	-1.5130818950815443	0.46674691142081526	0.2318847872154306	0.03016475812487076	0.33894610404422487	0.6629914495760533
chr12-68499789-68500563_10	chr12-68499789-68500563	ACTTTATAAGGACCCTTGTG;AGCAACCTGGGTCTAGAATT	53	2.043875552963558	1.495968530473329	-0.18152691711784538	0.44019804327118517	-1.4496983449912297	-0.2628104963889888	0.08125212747146411	0.4930717469040708	0.5603414708730242	-1.2890793513851646
chr12-68502828-68503151_1	chr12-68502828-68503151	ACAGTGGAGACCAAGAGCAA;AGTGTCTGTAGGGTTGTGAT	51	-4.580439411669763	-2.101770803336515	-0.3258003896330505	0.747602827218104	-0.9847202675441538	0.20817157673255282	-0.04384908851497614	-0.19381131283960965	-0.6971076356657696	-4.022840118684047
chr12-68502828-68503151_2	chr12-68502828-68503151	ACAGTGGAGACCAAGAGCAA;GCAAGGAGGCCAGTGTCTGT	51	-0.16809843818786074	0.5302930525789348	0.9917520509414391	-0.050078645349440454	-1.632928190954856	0.49420758391707886	0.2513797433102387	0.03267604688916149	0.3743643439677633	-0.6604227757634722
chr12-68502828-68503151_3	chr12-68502828-68503151	ACAGTGGAGACCAAGAGCAA;ATATCTCCAACACCTAGCAA	51	0.6968086159766297	0.801446218800863	0.6705239922528053	0.6453168586581467	0.37517176237200245	-0.23201540799356205	-0.22898721988698595	-0.03877445579563196	0.11499525920848458	-1.513912382318826
chr12-68502828-68503151_4	chr12-68502828-68503151	ATGTTTATCAGGTAGACCAT;AGTGTCTGTAGGGTTGTGAT	51	0.16186565489070467	0.635107771358013	0.9030956102872235	-0.14995911350668345	-0.07164344548030925	0.43557194737147	1.0323461549432487	1.45113795704998	2.1991072964406464	1.048820270302152
chr12-68502828-68503151_5	chr12-68502828-68503151	ATGTTTATCAGGTAGACCAT;GCAAGGAGGCCAGTGTCTGT	51	0.8221058148615589	-0.11784031219455299	-1.3698747458785754	0.5842226844529673	-0.5319491032033051	0.3324821695163967	0.08775168170823107	-0.08805843323913012	-0.24298804794339035	-2.2032160754794927
chr12-68502828-68503151_6	chr12-68502828-68503151	ATGTTTATCAGGTAGACCAT;ATATCTCCAACACCTAGCAA	51	-1.9571823121372114	-0.18721563703127736	0.9524880965711686	0.42853460116126735	0.622495539483948	-0.216186069431616	0.8197508922624633	1.4913962730120758	0.7119702780190401	0.4031308491979058
chr12-68502828-68503151_7	chr12-68502828-68503151	GGTAGACCATGGGAAACACA;AGTGTCTGTAGGGTTGTGAT	51	-0.16163278676546272	0.006363839080812386	0.29247093438808613	0.8376739272533166	-0.0024006715506752624	-0.047510336980068964	0.2801966860090366	0.6452230002331092	0.8920980528363386	-0.6789038279120317
chr12-68502828-68503151_8	chr12-68502828-68503151	GGTAGACCATGGGAAACACA;GCAAGGAGGCCAGTGTCTGT	51	1.2884881524486687	0.9488280920571222	0.14330267633870966	-0.2352066916015492	-0.41992802107084265	0.5754980885044813	0.6918739253970178	0.7962517513414816	0.17630694975596647	-0.967272719961142
chr12-68502828-68503151_9	chr12-68502828-68503151	GGTAGACCATGGGAAACACA;ATATCTCCAACACCTAGCAA	51	0.9909486431690309	0.6434640620933185	0.0194755073855786	-0.06537246998873258	0.18039172221627847	0.9072149161009256	1.2935844999803892	1.5176425231373882	1.1473814876401895	-0.21756587205959563
chr12-68502828-68503151_10	chr12-68502828-68503151	AGGAAACCAGGCAATCTCAC;ATATGTACCAGGCCTTTGCT	51	-1.279021677385252	-2.853080610055847	-3.326609554174786	0.6680283380969162	0.16337076866089037	0.8416291289042505	1.0197495025499437	1.1145271361505664	0.8342904088377088	0.3718162524491464
chr12-68507392-68507857_1	chr12-68507392-68507857	CAGGTCTCTGATATCTGTGT;ATAACCCCCACAGTCCACAA	46	0.1357456782415843	0.5486582210863729	0.8058024151868397	-0.1649381585825109	0.7167448452578997	-0.16262699155965973	-0.649809188033116	-0.985960370371896	-0.7625772059773146	0.1946261183624042
chr12-68507392-68507857_2	chr12-68507392-68507857	AGGTCAGTGATGTAGAACCT;ATAACCCCCACAGTCCACAA	46	0.5900049781378655	0.1450655380844371	-0.32427396672403996	-2.504716736533241	-0.05583923151764469	0.5242804272002077	-0.003116082510779934	-0.6456321171574005	-0.3310966335089487	-1.343646304609491
chr12-68507392-68507857_3	chr12-68507392-68507857	GCACTGGACTGGTAATCAGC;ATAACCCCCACAGTCCACAA	46	1.6270484108000416	1.7307080127606278	1.1201437666847422	0.1127069262329517	-0.8396665647879348	0.3872785368617065	0.41885369294905983	0.4968221611666569	0.043534137159061216	-1.0356198440406568
chr12-68507392-68507857_4	chr12-68507392-68507857	CAGGTCTCTGATATCTGTGT;TGAGACCTGAATTCGAATCC	46	1.452336550032802	1.245514877261436	0.4690467474145357	1.542075351213731	1.401814892906251	1.916574785367191	1.3804764999278882	0.07175473740305603	-0.0303388717489954	0.6033764338180349
chr12-68507392-68507857_5	chr12-68507392-68507857	AGGTCAGTGATGTAGAACCT;TGAGACCTGAATTCGAATCC	46	-0.12155098898065687	-0.40844976701522867	-0.37040889154211454	-0.09361662370610747	0.24493055153480914	0.2810165511525854	-0.12385318974173334	-0.4864406304445219	-0.05685426208988265	-1.655096711379581
chr12-68507392-68507857_6	chr12-68507392-68507857	CAGGTCTCTGATATCTGTGT;AAAGATAATAGAAACCGTTG	46	1.523640182607143	1.3892880819435167	0.6375448480999059	-0.9711987475854431	-0.4583479469599384	0.9681068395242238	1.2121805313930372	1.3293074719069335	1.2124910598869143	0.8002850825972536
chr12-68507392-68507857_7	chr12-68507392-68507857	AGGTCAGTGATGTAGAACCT;AAAGATAATAGAAACCGTTG	46	1.424309582717231	1.13969694532751	0.30286670397026044	0.438720899411812	0.4950033780269916	0.0730215501131924	0.3874795819819917	0.7233041012667624	0.3485045151821569	0.8583811797502889
chr12-68507392-68507857_8	chr12-68507392-68507857	GCACTGGACTGGTAATCAGC;TGAGACCTGAATTCGAATCC	46	1.093324345186513	1.2259031862721224	0.9168254689524421	-0.02533700231377297	-0.42771835861352303	0.97157943052772755	2.178457654196764	2.740221418270565	2.06525766535479	-0.9315701962552668
chr12-68507392-68507857_9	chr12-68507392-68507857	GCACTGGACTGGTAATCAGC;AAAGATAATAGAAACCGTTG	46	-0.7989331393935702	-0.6807506287041605	-0.15097793481028282	1.145942280946165	0.6186921874287749	0.3638340752616329	0.5497734679423626	0.7490532134134605	0.6393575071864513	0.6210387707768913
chr12-68507392-68507857_10	chr12-68507392-68507857	ATAAGGCATATAATAACCTT;TCTTATTGAGCAGTTACTGT	46	1.4682730928330252	2.2562310087667767	2.105971234890165	0.6437374878234843	0.5454542675723211	0.8348749184314048	0.7801248668497515	0.673994558742053	2.6515396057186713	1.6851150901587006
chr12-68512966-68514217_1	chr12-68512966-68514217	GGAGTAATTAACTTACCCTC;ACTCAGGCAAGAAAATACCC	40	2.1002765885990224	1.6558680157248802	0.10531007792177209	-0.28687532207550664	-0.7632610135940153	0.48320741870038814	0.028548521893885907	-0.4758593313496862	-1.1078479150147433	-0.3377951946500857
chr12-68512966-68514217_2	chr12-68512966-68514217	GGGTAAGTTAATTACTCCAA;ACTCAGGCAAGAAAATACCC	40	0.5202421799987328	0.9074513386622011	0.9945172274719247	-0.318809241801625	-0.5387843403179254	-0.25912543275646555	-0.11086731138995079	0.1861919299082824	0.7869430829633413	0.9926016771972611
chr12-68512966-68514217_3	chr12-68512966-68514217	CTAGCTTCTGGAAACACCCA;ACTCAGGCAAGAAAATACCC	40	1.406280144050369	0.8656830063526517	-0.2628351806572363	0.7780698545551153	-1.2283578856181254	1.172199437617046	1.2269663939000255	1.1430708222069546	0.9952475146716471	0.23030986100486509
chr12-68512966-68514217_4	chr12-68512966-68514217	GGAGTAATTAACTTACCCTC;GTATAAGGTACCTATTTCCT	40	-0.14155969645734032	0.6116074514150089	1.0769855825706347	-0.3724295128505629	0.013246430549477165	0.5701904783803349	0.7184535759065395	0.8482041730616142	0.41955157889422123	0.02783306831870823
chr12-68512966-68514217_5	chr12-68512966-68514217	GGAGTAATTAACTTACCCTC;AAATAGCCCATCTACCTCAC	40	1.0965650572219339	0.502228301481037	-0.4641513356808992	-0.06773869844561498	-0.43597968453622016	-0.09612629280140535	-0.2447783134170566	-0.2119894655185973	-0.821794276305292	0.03669376279450617
chr12-68512966-68514217_6	chr12-68512966-68514217	GGGTAAGTTAATTACTCCAA;GTATAAGGTACCTATTTCCT	40	0.10119641636777803	0.6705113037032774	0.9940175421781234	-0.985648359343546	-0.055065580834272744	0.11223692968510932	0.9611576832024964	1.5299812433465045	1.0204533160910387	0.029446542922416774
chr12-68512966-68514217_7	chr12-68512966-68514217	CTAGCTTCTGGAAACACCCA;GTATAAGGTACCTATTTCCT	40	1.3902875695309553	0.894360333258968	-0.16316712062450023	-0.20043790668961273	-0.8354261644067261	0.9099289209973603	1.8294378626236563	2.307412113849052	3.2399859290621422	1.836513077940275
chr12-68512966-68514217_8	chr12-68512966-68514217	GGGTAAGTTAATTACTCCAA;AAATAGCCCATCTACCTCAC	40	0.012258647223074072	0.3633562587737797	0.6482242849176232	0.7497891479382257	-2.1732686776603427	-0.8292484568753593	-0.39461338413788233	0.15506561431057525	-0.010684839914103447	0.8340620626570024
chr12-68512966-68514217_9	chr12-68512966-68514217	CTAGCTTCTGGAAACACCCA;AAATAGCCCATCTACCTCAC	40	1.7698077770180967	2.0661914508401127	1.5180098448091115	0.9040849809581468	-0.08159642363098046	0.20589607122855494	0.9789241064185551	1.506786264413582	1.6063134298768547	-0.29095220149503054
chr12-68512966-68514217_10	chr12-68512966-68514217	TTAAGTCATAGCCTAAGTCA;AAGACTTAAATGCATAAACC	40	1.0593707968365704	0.6996658589165115	0.021114663716407543	0.7445097824460911	-1.1132630175301528	1.4319746709533983	0.9835049083829656	0.12388921866351062	-0.3123143712118571	-1.6056880037491434
chr12-68514820-68515699_1	chr12-68514820-68515699	AAGACTTAAATGCATAAACC;ATAGTGTGAGGTGAGCTATT	38	-0.40224134197187644	-0.11851998490081565	0.309700073247707	-0.22123044463635916	-0.9552226000237742	0.10655925586882854	-0.4000687714634085	-0.8550251402224276	-1.0572554878647966	-0.6371193661029451
chr12-68514820-68515699_2	chr12-68514820-68515699	ACTGGAAAGCAACTGACCAG;ATAGTGTGAGGTGAGCTATT	38	0.819133013313695	0.8172522542472829	0.5612105331420202	-0.12770110612546678	0.8421027840652803	0.771495808692208	0.15363520061184122	-0.7772362428495949	-1.7208730117810782	-0.5051110666786277
chr12-68514820-68515699_3	chr12-68514820-68515699	AAATTTGGCTTACACTAATA;ATAGTGTGAGGTGAGCTATT	38	1.8796252124589012	1.7348405067840647	0.7461217832125263	-0.39966605053841153	0.19844233833259864	0.2751266824464384	-0.022861677510509472	-0.2448739338711081	-0.9687769854652806	0.035664379224886966
chr12-68514820-68515699_4	chr12-68514820-68515699	AAGACTTAAATGCATAAACC;GAGTATAACAGAGAGTGACT	38	0.31338630229845693	0.4374533405821748	0.4957871129165532	0.03220450531465301	-1.5737273204282283	0.650712410952185	1.422819278669734	1.8831693188027694	1.9057205070165641	0.6018052143099313
chr12-68514820-68515699_5	chr12-68514820-68515699	AAGACTTAAATGCATAAACC;GTGTAGAAAGATTATCTGTT	38	0.8304140814186434	0.7087952227472519	0.36475489689303037	0.23701676107970543	-0.7765851393807561	1.2604704755154492	1.174370869320565	0.9230952243763438	1.0262834429107155	0.2334747226091827
chr12-68514820-68515699_6	chr12-68514820-68515699	ACTGGAAAGCAACTGACCAG;GAGTATAACAGAGAGTGACT	38	0.5555099462965956	0.7376469396678987	0.7145618778858367	-0.24464453514965073	0.5704920837761593	-1.5736842176604844	-1.4562626859044794	-0.9357939847881533	-0.5195496678565269	-2.3377373388307143
chr12-68514820-68515699_7	chr12-68514820-68515699	ACTGGAAAGCAACTGACCAG;GTGTAGAAAGATTATCTGTT	38	0.7538875667009283	1.1747734302661954	1.1757538563658136	0.8584312979660221	-0.7605707081118099	0.9580626015042523	0.4509587813800582	-0.32696868810656543	-1.0861981136627583	-0.03625453005059596
chr12-68514820-68515699_8	chr12-68514820-68515699	AAATTTGGCTTACACTAATA;GAGTATAACAGAGAGTGACT	38	0.8342169164181719	-0.05852878668774442	-1.2432941601634444	0.2576139577480643	-0.9990479557648975	0.28348716756079484	-0.10423056863641111	-0.44387780700234836	-1.0080521481347693	0.004512330839935065
chr12-68514820-68515699_9	chr12-68514820-68515699	AAATTTGGCTTACACTAATA;GTGTAGAAAGATTATCTGTT	38	-0.10237308185745558	-0.3784380760903141	-0.34328324939169214	0.046388201060519905	0.5916401898080306	-0.6539024992057342	-0.09035161864641604	0.4859868482783554	0.16553666288393148	0.14035897807481143
chr12-68514820-68515699_10	chr12-68514820-68515699	CATGCACAAATTATAGTAAC;ACTATAGTTTATCTAAGAGC	38	0.28504809314014234	0.2903002723414321	0.3002640839299955	1.0456271530475967	-0.8564613173409958	-0.3125998681861692	-0.17212978588098057	0.13026080816385238	-0.3664396921792976	-0.3153634518794912
chr12-68530872-68532615_1	chr12-68530872-68532615	GTGACAGGTAGGGAGAGAGG;AGATAAATACACTACCTACA	22	-0.8655789403909478	-0.16355806533856643	0.5473185745665446	0.6740900234114465	-0.14012076773880178	-1.9969711327222672	-1.3498050353762048	-0.5510933572111338	1.6749161010763927	2.557426979414038
chr12-68530872-68532615_2	chr12-68530872-68532615	CAGATCACTGAGGTAATAAA;AGATAAATACACTACCTACA	22	1.0508374792121695	0.97621397586853	0.5473276888968143	-1.2897611634840633	-0.5521472703298759	0.5924831094002623	0.7051356077348208	0.8029572010168252	0.7143570740122428	-0.020267315688795983
chr12-68530872-68532615_3	chr12-68530872-68532615	ATTAATTGGAGTAGTCACAG;AGATAAATACACTACCTACA	22	1.950543730088566	1.7124685768191072	0.5689529688729508	0.32246594027142383	-1.9387882006709776	0.08686503258098967	0.6792864276248705	1.1522538454560842	0.14024723964739505	-0.8497611431281775
chr12-68530872-68532615_4	chr12-68530872-68532615	GTGACAGGTAGGGAGAGAGG;AATTTATACAGTGGCCCTGT	22	-0.7546827271117049	0.3061566808590804	1.0402165642170855	-0.3098400830120206	-2.8682274087278103	-1.9107539880622586	-2.05621787952742	-1.6288229902012472	-1.142682596598588	-0.8064046519124605
chr12-68530872-68532615_5	chr12-68530872-68532615	CAGATCACTGAGGTAATAAA;AATTTATACAGTGGCCCTGT	22	1.5363192555589673	0.6922018749317417	-1.0642042337210675	-0.4135777347532966	1.1731923782220093	1.360148670438659	0.55615782968529	-1.3388886048443296	1.1378721726285808	2.3021015388846098
chr12-68530872-68532615_6	chr12-68530872-68532615	ATTAATTGGAGTAGTCACAG;AATTTATACAGTGGCCCTGT	22	0.09068690938525592	0.09538416822206174	0.1955682877540634	0.3290660497181722	-0.21468724789394023	-0.1532759658455145	-0.32671389777585164	-0.3032183236115979	0.30012271352807585	-0.9232881749323862
chr12-68530872-68532615_7	chr12-68530872-68532615	GTGACAGGTAGGGAGAGAGG;ATGAGTAACTGATCTTGGGT	22	-0.73179240825752	-0.14247982137528653	0.4970339295592503	-0.6428393677033383	-0.03002270384004974	0.378012167437771	0.06291638843047316	-0.21019730930930558	-0.5699442708811115	-0.18128109718381336
chr12-68530872-68532615_8	chr12-68530872-68532615	CAGATCACTGAGGTAATAAA;ATGAGTAACTGATCTTGGGT	22	2.309373410316643	2.303502969469275	1.1783497378436434	0.03308899997506882	-2.908572029863993	0.2902016912744826	0.09658941334367879	-0.011858873317778061	0.6215811461111569	0.49918454197558604
chr12-68530872-68532615_9	chr12-68530872-68532615	ATTAATTGGAGTAGTCACAG;ATGAGTAACTGATCTTGGGT	22	0.767941688051302	0.12130373815475214	-0.6726549171711819	-0.07131188085442146	1.3153116445224218	-0.37005944883478153	-0.8306296458523873	-1.0659074312883523	-0.049391313989104395	-1.1877602383671582
chr12-68530872-68532615_10	chr12-68530872-68532615	GCTGAGGCCTCAGATCACTG;GAGATAAATACACTACCTAC	22	1.4686043330391672	1.996061904379669	1.7291106938525789	-0.30720447923193694	-0.17392150046001312	0.0474602333347225	-0.12927578696445857	-0.1584107545753169	-0.9758916873959881	-0.7440211174801757
chr12-68546555-68547540_1	chr12-68546555-68547540	AGGGTGAAAGCTATACGATA;TAATATGTAAGTCTATTGCA	6	0.2335790952658213	0.37512974266649085	0.4778450351794172	1.2518120612142716	-0.012584410182296963	0.19928317557454212	-0.06844375242955146	-0.2336825373466182	-0.5874960099734108	0.5160375420252689
chr12-68546555-68547540_2	chr12-68546555-68547540	GGAATTTGGCTGCCCATAGT;TAATATGTAAGTCTATTGCA	6	-0.44215831487436913	0.5067982727351783	1.1189462459500896	1.3754239547481373	-0.42025456797338856	0.23365304258265088	-0.19509612788132488	-0.5762415082676582	-0.1044338207521429	-0.2993602525860376
chr12-68546555-68547540_3	chr12-68546555-68547540	AGGGTGAAAGCTATACGATA;GAAATTAGGAGTCCTATGTA	6	1.7344855903052216	1.656665966355329	0.8282340704112574	-0.2279339503075951	0.19154740459945918	0.6861928492313999	0.139546223291921	-0.6036417526660658	-0.13551386899603843	0.1998853496321493
chr12-68546555-68547540_4	chr12-68546555-68547540	GGAATTTGGCTGCCCATAGT;GAAATTAGGAGTCCTATGTA	6	2.1479763427131426	2.0167601043614534	0.8607999039656364	-0.7826541861416083	-0.3673196659268652	1.301667198289471	1.462978059850335	1.4432770713273688	0.99630813501816	0.43346649191250125
chr12-68546555-68547540_5	chr12-68546555-68547540	AAATTCCAGGCACAGTGTGT;TAATATGTAAGTCTATTGCA	6	0.7872752118804317	0.09584790654409013	-0.7664503135426068	0.9265297682812627	-0.09335063807905583	0.8613124565753402	0.7204757815520886	0.516829549912868	0.2892977454822962	-0.02244216524517973
chr12-68546555-68547540_6	chr12-68546555-68547540	AAATTCCAGGCACAGTGTGT;GAAATTAGGAGTCCTATGTA	6	0.2952984110440923	0.7374688954163663	0.9402604650428298	-0.09341976189841504	-1.2591765811948847	1.1922333686450892	1.269924793586943	1.2023452244474022	1.4525623574123923	0.4136051201664259
chr12-68546555-68547540_7	chr12-68546555-68547540	AGGGTGAAAGCTATACGATA;AATTATATGTGGCCTTATTG	6	1.174885602431926	0.6461833676032663	-0.2953379536920844	1.0292589478745036	-1.9983408230713324	0.30315550684184783	0.914483769485961	1.3612560204499333	1.725417345974923	0.00894839691274303
chr12-68546555-68547540_8	chr12-68546555-68547540	GGAATTTGGCTGCCCATAGT;AATTATATGTGGCCTTATTG	6	2.286093223951315	3.217598747203365	2.777291700003336	0.7481365616221063	-1.0782762831455222	1.2106884280375418	1.2025407937570867	1.0479293584994227	0.516969433222056	0.9963445965659719
chr12-68546555-68547540_9	chr12-68546555-68547540	AAATTCCAGGCACAGTGTGT;AATTATATGTGGCCTTATTG	6	0.5119916843774427	0.728637790638104	0.7424256534092487	1.333966108651281	-1.0192784483417439	1.0248267550976506	0.8028360163037939	0.4552517271430309	-1.9072980926187952	-0.9214900677939577
chr12-68546555-68547540_10	chr12-68546555-68547540	CATCTGTAATTGCCCACTAT;ATGGCATTCTCTAAGGTGAT	6	0.30037947138331367	1.317667998337169	1.6856263240492904	0.5645771703763689	-0.584902156576514	2.035224337783523	2.0708817152147527	1.744471066219345	1.5141528628615317	1.3363766550364997
chr12-68553039-68554075_1	chr12-68553039-68554075	ATATTACTTGTGAAGTATTC;ACAGTGTAGAGAATATTCCC	0	1.2664752993145734	1.4923128825679781	1.1545108113792018	0.382979046204732	0.6360579353574399	0.6085959468266414	0.7244000987742301	0.8211966621999515	1.9655890721221685	1.2898135305259064
chr12-68553039-68554075_2	chr12-68553039-68554075	ATATTACTTGTGAAGTATTC;GTGTAGAGAATATTCCCAGG	0	1.0434318976294812	2.2250402294779685	2.3644194811970656	-0.8098666115900952	-3.9129544009397894	1.0156973771197013	0.43502988810793564	-0.5249210309702964	0.17398340300494916	1.3383017730751514
chr12-68553039-68554075_3	chr12-68553039-68554075	GGTCAAGATTAGCATTAAAA;ACAGTGTAGAGAATATTCCC	0	2.0398385771584735	2.3159650005891423	1.6092236773460828	1.5295605276261561	-1.0666469871658917	2.0590485075469798	2.2302989967010416	2.040232705194472	1.5550979760513373	1.5718199027831121
chr12-68553039-68554075_4	chr12-68553039-68554075	GGTCAAGATTAGCATTAAAA;GTGTAGAGAATATTCCCAGG	0	2.1608995562546203	2.0621051513551243	0.9344395090928723	0.13981099066872907	-0.8787833857603624	1.9851396794659988	1.5757190862410386	0.5542867768179268	-0.9223135897913801	-0.8125436105446909
chr12-68553039-68554075_5	chr12-68553039-68554075	TCATTCAGTTGTGATAGTCA;ACAGTGTAGAGAATATTCCC	0	2.938395697300523	2.8467453976063632	1.1427818086146553	-0.3344499181042907	-2.481992161792969	1.3490257109310557	1.2330165275384224	0.9220704210813668	0.3621650247385754	-0.11504816199161214
chr12-68553039-68554075_6	chr12-68553039-68554075	ATATTACTTGTGAAGTATTC;AGTGTAGAGAATATTCCCAG	0	2.5369416658140462	1.7757569869282495	-0.9929345168496874	0.1723847966316406	0.2907421318763549	1.2611299866201817	0.9293827344306099	0.34719520024596556	-0.49877203647179785	-0.289975689979664
chr12-68553039-68554075_7	chr12-68553039-68554075	TCATTCAGTTGTGATAGTCA;GTGTAGAGAATATTCCCAGG	0	2.0226303685444162	1.3010465451252033	-0.7068707164840489	-1.080766679642034	-0.9645170329080227	1.040563633004667	0.6107311458505192	-0.055702580018430696	-1.5764931713324288	-1.648868772704204
chr12-68553039-68554075_8	chr12-68553039-68554075	GGTCAAGATTAGCATTAAAA;AGTGTAGAGAATATTCCCAG	0	1.3916688150076308	1.690042760504204	1.3342127781244448	-0.08219012202845988	-2.1057171992317962	0.6443184285436193	0.2957064881099465	-0.10421273089099564	0.43415768439719005	-0.24834241887005548
chr12-68553039-68554075_9	chr12-68553039-68554075	TCATTCAGTTGTGATAGTCA;AGTGTAGAGAATATTCCCAG	0	1.1664140335566615	0.940444838847674	0.3215502006915933	-1.1048691385805482	-2.220770511290762	-0.12260808195409553	-0.5281415528467441	-0.7669957197007694	-3.7614347418627347	-0.25481879915946454
chr12-68553039-68554075_10	chr12-68553039-68554075	CCAAAAGATGGGCATAATAT;AAATACAATACAAGCCACAC	0	2.4147452338801614	2.286093984369369	0.941322927247887	-0.7442442679884524	-1.6244731802674046	-0.031957805072206066	-0.37197935110955066	-0.5565779459016619	-1.2219273217083522	-1.7619340676392947
chr12-68557085-68558005_1	chr12-68557085-68558005	AGGGTCCTGTCAGACTGCAC;TAGCAGTGAGACAATCCGGT	-4	1.4365976971879189	1.4321875767998173	0.8434597128568567	-0.2970978385060028	0.3486727057112176	-0.7999557638047428	-1.202612182730376	-1.2464943010867346	-0.7725785864492082	-2.612589903774627
chr12-68557085-68558005_2	chr12-68557085-68558005	AGGGTCCTGTCAGACTGCAC;TAAAGCTATGGATATCTAGT	-4	2.3319051741942185	3.8016890174736706	3.5394879804529173	0.7911188400988954	-3.5855034516416366	0.5793582005274778	1.4801583643749996	1.9996758388788685	2.00276287552024	0.5602409345535525
chr12-68557085-68558005_3	chr12-68557085-68558005	AGGGTCCTGTCAGACTGCAC;GTGGTGACATATGCTCCTAC	-4	1.6857069255065598	2.072432253422766	1.6247674647232244	0.3845951547438091	-1.4883893458628836	0.7077917112206227	0.5469971256290128	0.3628277121122005	0.1594649229126044	-2.2992711936045427
chr12-68557085-68558005_4	chr12-68557085-68558005	AATGGATATTGATAGATTGG;TAGCAGTGAGACAATCCGGT	-4	1.1437330888225055	0.8231981219570385	0.12984252502824176	1.5380635554862732	-0.2591568824513453	1.2530076803289332	1.0331187716438668	0.6184234532188618	0.5532787761326385	0.53212669675893
chr12-68557085-68558005_5	chr12-68557085-68558005	AATGGATATTGATAGATTGG;TAAAGCTATGGATATCTAGT	-4	1.4385074224172207	1.58974836582291	1.1155670668251845	1.3959408234187949	-0.059728044073654694	0.6836272575333526	0.6488511395986823	0.5994568350854163	0.9804586094121113	-0.872832562020257
chr12-68557085-68558005_6	chr12-68557085-68558005	AATGGATATTGATAGATTGG;GTGGTGACATATGCTCCTAC	-4	0.8529719079791045	1.0927525432311285	0.9618981676881583	-0.3496542135300296	1.060554276234738	-0.04284283390856865	-0.0691205805443858	0.05719709785966318	1.2875785520388996	0.06839008519184268
chr12-68557085-68558005_7	chr12-68557085-68558005	AACTTAGAACAGCCCACACT;TAGCAGTGAGACAATCCGGT	-4	1.163316775520429	2.054640753250821	2.0659411633972313	0.5340548167948987	-0.08696492860066654	-0.07239646790861334	-0.18769100716522036	-0.13026993692554575	0.3554783105622076	-0.19801615024868832
chr12-68557085-68558005_8	chr12-68557085-68558005	AACTTAGAACAGCCCACACT;TAAAGCTATGGATATCTAGT	-4	1.5749197744552672	2.103530070150256	1.7883383155160022	-0.10397165623563417	-3.128186509266489	0.8887202537148375	0.7375481560057405	0.5147759717060392	0.5167082682341313	-1.0840152107656689
chr12-68557085-68558005_9	chr12-68557085-68558005	AACTTAGAACAGCCCACACT;GTGGTGACATATGCTCCTAC	-4	1.6648528581903705	2.249292279631006	1.9212535662195314	-0.05301288267550056	-0.0792765640729837	1.0752381982352202	0.5738229783871487	-0.24182397901302258	0.9142159513174001	-0.5185601710231292
chr12-68557085-68558005_10	chr12-68557085-68558005	AATTCACATATCTAACGTAG;AAAGCAGGACCATGAATCTC	-4	1.5835957335861286	0.9054138703345901	-0.5807330244008049	0.6428745069982672	-0.15934958948468042	0.09413788583530647	0.07671038511337305	0.1798194313952157	-0.07503775424551198	-0.032701401118434746
chr12-68563164-68563463_1	chr12-68563164-68563463	AAATGGACATGACTATGATT;TATGCTAACAATGTGATCTA	-10	0.5357103005979331	0.7124527997171753	0.69571398264543	0.6069698065862833	-0.452712434433834	-0.47362357046815484	-0.8647910218440498	-0.9849917884572668	0.2294964976815142	-0.24265961373898268
chr12-68563164-68563463_2	chr12-68563164-68563463	AAATGGACATGACTATGATT;ACACAGAGTACTGCAGACTA	-10	1.6316812320978156	1.5463481580284641	0.7739972849143287	0.5977745164384474	-1.7688569703282597	-0.4933568022454821	-0.462546318254455	-0.19792260742833456	-0.24806896205691017	-1.0096866092024552
chr12-68563164-68563463_3	chr12-68563164-68563463	TAGCTATAATGGGAAGACAG;TATGCTAACAATGTGATCTA	-10	1.0082958494030854	0.8635187304633845	0.40439200905961165	1.2369732265680469	0.07208810520447806	0.6496749737365739	1.0328365229729348	1.3030161553768016	0.12483369410612982	0.40736447082750377
chr12-68563164-68563463_4	chr12-68563164-68563463	TAGCTATAATGGGAAGACAG;ACACAGAGTACTGCAGACTA	-10	1.320598637404689	1.1971671054428306	0.5767305187334456	0.6088699847590785	0.5141813894356326	0.3584276095810956	-0.0578786369490812	-0.4618170395042591	-0.35191468143608257	-0.9892424400522355
chr12-68563164-68563463_5	chr12-68563164-68563463	AAATGGACATGACTATGATT;AAACCAAAGACACTCTTATC	-10	0.819856439798991	0.8964535259761727	0.689169663113441	1.1738889851466447	0.5898304427533633	-0.9774965149759425	-0.923995777950029	-0.549167665469987	-1.2532202123436817	-0.8637214429997856
chr12-68563164-68563463_6	chr12-68563164-68563463	GTGGTGAGGGAAGTCCCAAG;TATGCTAACAATGTGATCTA	-10	1.9568232101764063	2.065261995900926	1.2708630344885377	-0.3282717594749069	0.04099286655228119	0.4435361123331187	-0.18954957656234026	-1.0053819912371627	-0.7804672996441134	-0.3618706030690954
chr12-68563164-68563463_7	chr12-68563164-68563463	TAGCTATAATGGGAAGACAG;AAACCAAAGACACTCTTATC	-10	1.486555215636534	1.2303484542014405	0.38245437015095224	0.48296227205062775	0.2996134491002127	0.6061659182293135	0.609692164815225	0.6137301156327907	0.08446717191830284	1.0936389471392727
chr12-68563164-68563463_8	chr12-68563164-68563463	GTGGTGAGGGAAGTCCCAAG;ACACAGAGTACTGCAGACTA	-10	-0.4718633114310155	-0.8498013831605417	-0.6936193667652855	0.13086054769965288	-0.384638931334033	-0.5148396692272228	-0.18170231444421286	0.2679512356005171	0.3244811025848606	0.5372163209885864
chr12-68563164-68563463_9	chr12-68563164-68563463	GTGGTGAGGGAAGTCCCAAG;AAACCAAAGACACTCTTATC	-10	0.700939837918391	0.3952585912736752	-0.019124895041484367	0.3231478361882621	-2.4877757116093218	-0.3051656340849071	-0.6480388062119309	-0.7597057858545446	-1.905301727058653	-1.3948559392259674
chr12-68563164-68563463_10	chr12-68563164-68563463	AAAGTGTAATATAGCTATAA;TTAGCATAGATTATGTCGCA	-10	1.5636590313623568	2.1305909016426843	1.8400062675371935	1.1181942748751315	0.01732941942337241	0.29594989984262016	0.5090794248350933	0.7402536427049723	0.26325507277975907	0.10400607462600985
chr12-68567616-68570265_1	chr12-68567616-68570265	TAAGTCTGAGTAGGCAGTGA;ACATCTCTATGATAGTATCA	-15	1.4440550651710178	0.9671595991080566	-0.10575636459108495	-0.12096558248686579	-0.7518594680164078	-0.16718062127119862	-0.00919257078254815	0.2763322180590891	0.446620467507499	1.6357577786335427
chr12-68567616-68570265_2	chr12-68567616-68570265	TGGGCAATGTAAGTCTGAGT;ACATCTCTATGATAGTATCA	-15	-0.022951133933033538	-0.15375389764999542	-0.07247387343428946	-0.44799999204329205	-0.37757982553135155	-0.7747056020685286	-0.1684252662570719	0.44269670594905763	-0.7063643412449104	-0.21740801148995798
chr12-68567616-68570265_3	chr12-68567616-68570265	GATAAATAGCAAATAAACAG;ACATCTCTATGATAGTATCA	-15	2.5016203134564785	2.3052301045095973	0.8012512070232397	0.9894440826413986	0.48212176805381374	1.2537277242890628	1.0420101414261684	0.6380954271570842	0.6061091767943031	-0.793631831383858
chr12-68567616-68570265_4	chr12-68567616-68570265	TAAGTCTGAGTAGGCAGTGA;TGTGTAAACTGTGTGAATCT	-15	2.4710572549312775	2.463528404999174	1.2262836971344717	0.9364049062089488	-2.336149866793822	-0.010706013668484612	0.09743537439745423	0.31828753856842557	0.795324513422351	-3.2261061005542917
chr12-68567616-68570265_5	chr12-68567616-68570265	TGGGCAATGTAAGTCTGAGT;TGTGTAAACTGTGTGAATCT	-15	-0.21340672425950613	-0.03222501495789986	0.28099066784553345	-0.13219371502558908	-0.23258287200525987	-0.929009342861518	-0.3544146346912929	0.26775244485456384	0.1447308257145447	0.08410008352744208
chr12-68567616-68570265_6	chr12-68567616-68570265	TAAGTCTGAGTAGGCAGTGA;GACAGGATCCTCATATAAAC	-15	-0.19208343146678705	0.9643062507445789	1.5275012641528727	1.19136023709094	0.43459557895319684	0.014545388078533603	-0.11651292648778996	-0.0940473336554604	0.4705400906648409	0.3803776054336949
chr12-68567616-68570265_7	chr12-68567616-68570265	TGGGCAATGTAAGTCTGAGT;GACAGGATCCTCATATAAAC	-15	1.13529421297774	1.1323374530284205	0.7103211060215622	0.9440668110895452	1.3327592359881952	1.1482724745931123	0.8726804096211498	0.41375804111515174	-0.02455035031257853	-2.005060044154264
chr12-68567616-68570265_8	chr12-68567616-68570265	GATAAATAGCAAATAAACAG;TGTGTAAACTGTGTGAATCT	-15	1.009064269022865	0.3913703823447369	-0.5403406730211856	0.38755340802217975	-3.0844373790309008	-0.12167721074932283	-0.3157953648086393	-0.3198023226378852	0.5963546431279974	-0.8908670546785231
chr12-68567616-68570265_9	chr12-68567616-68570265	GATAAATAGCAAATAAACAG;GACAGGATCCTCATATAAAC	-15	1.1032061500089088	2.1814218110524832	2.272072721848947	1.4476168849994862	-0.7844028722250989	0.0913121987560992	0.6320246764396993	1.081088456005352	0.8694023434217392	1.262429282696151
chr12-68567616-68570265_10	chr12-68567616-68570265	TTAAGAAGGCAATCCCAACA;TAACATCAGCATGTGTAATG	-15	0.30269681127954834	0.05105958614642458	-0.10463817884628826	-0.03375659168913621	-1.0172577114821515	-0.37461189687298896	-0.593974643687491	-0.559947641584757	0.30527179193636766	-1.3354523893290717
chr12-68574599-68575471_1	chr12-68574599-68575471	TAGGGAAAGGTCTTGAACCA;GGTGGGTAGGCAGAAGCACA	-22	1.8963036662229733	2.226299988496723	1.635008240545814	0.1920732841401611	-0.06535116395592441	1.3570170369502326	0.7250975203275685	-0.5427968833563174	-0.096948951233145	0.3718162524491464
chr12-68574599-68575471_2	chr12-68574599-68575471	TAGGGAAAGGTCTTGAACCA;GAGCTAGTTAGGCAGCTATC	-22	1.7095757545992374	2.5487174837215183	2.3174220470784817	0.3905323580961927	0.25801365342883253	-0.01772658027143224	-0.07881935269685407	0.013057886846347583	1.630403837178553	1.6796550255695215
chr12-68574599-68575471_3	chr12-68574599-68575471	GGATTCTCTGAGCAAAACCT;GGTGGGTAGGCAGAAGCACA	-22	2.6549717926126997	2.7313583800145835	1.4632794776602136	0.6026771518095292	-1.9564498954614742	-0.21431838585236684	-1.1589590625796935	-2.447485415754541	0.3125966203152814	0.1838286333278626
chr12-68574599-68575471_4	chr12-68574599-68575471	GGATTCTCTGAGCAAAACCT;GAGCTAGTTAGGCAGCTATC	-22	0.09452878748690999	-0.5698854847161612	-0.939670761880807	-1.0240049075803608	-0.050576798180712576	-0.5059263399761763	-0.8674826723689079	-0.9453825600905768	-1.2977544600946167	-0.4545079606627772
chr12-68574599-68575471_5	chr12-68574599-68575471	CTGATCCACCCAGCCCACTG;GGTGGGTAGGCAGAAGCACA	-22	1.4383402388510422	1.1603112337888095	0.32117809105184353	0.9185280798543859	0.5559807286590943	0.39900301183024883	1.4413155299086418	2.032293453123735	0.9999086715290019	1.3789113193229683
chr12-68574599-68575471_6	chr12-68574599-68575471	CTGATCCACCCAGCCCACTG;GAGCTAGTTAGGCAGCTATC	-22	1.480200331843477	1.2785365300168126	0.48958058380105485	-0.034371122750605984	-1.8009519377413425	0.7187406990124543	0.4455585664656097	0.12412082275093259	-0.5121759021103549	-2.1949129564436816
chr12-68574599-68575471_7	chr12-68574599-68575471	TAGGGAAAGGTCTTGAACCA;ATGCTGACATGAGGATGGGT	-22	1.1954209767556283	0.7871917856486103	-0.029851060717887262	0.5560633153534683	0.12635845369838974	0.3067769090277576	0.30027763642108324	0.3646228974829907	-0.7359953456331632	-1.2232427405782291
chr12-68574599-68575471_8	chr12-68574599-68575471	GGATTCTCTGAGCAAAACCT;ATGCTGACATGAGGATGGGT	-22	0.6550535324380165	0.40060083570290567	0.05295775939802674	1.4386844020459304	1.3740184762028582	0.45514380812446215	0.5208428968969047	0.6114784087191024	-0.7171093295421329	-0.7206578606811647
chr12-68574599-68575471_9	chr12-68574599-68575471	CTGATCCACCCAGCCCACTG;ATGCTGACATGAGGATGGGT	-22	1.8943704553882865	2.3816970224174745	1.8916231878700986	0.3738392395215607	0.7975468565605339	-0.04846035825216738	-0.39706919609315505	-0.587219063359657	-1.7204071913458094	-1.2887363087130401
chr12-68574599-68575471_10	chr12-68574599-68575471	TAGGCCGTCTACACCGCAGT;AGGGTTCAGGAAAGATAATA	-22	1.6149803748700182	1.6861278780099616	1.0569703946668747	-0.04876774885158209	-1.4221481286203002	-0.09762968965533396	-0.5836020818830824	-0.939085653795946	-0.8275992059911061	-0.5171123520908284
chr12-68583486-68584389_1	chr12-68583486-68584389	ACTCAGAAGGCCCCTAGATA;AGTGCTTGCTGTTATGTCCA	-30	1.0844845717367186	1.0677705609558037	0.6630761347944194	0.4889517345455569	-0.9840264482221084	-0.11303587617508312	0.27157096072200504	0.6786253444733904	0.6236813366446106	-1.243185073932752
chr12-68583486-68584389_2	chr12-68583486-68584389	ACTCAGAAGGCCCCTAGATA;AAGCACTAACCACAAAGTAA	-30	0.7314481686907425	0.7815811370397162	0.6019765162541487	0.6123014715388251	-0.3550404489045014	-7.822692510961206e-5	0.18970277060061977	0.46337492771099575	0.1168028464078312	-0.08328736851504628
chr12-68583486-68584389_3	chr12-68583486-68584389	ACTCAGAAGGCCCCTAGATA;ATGACCAGATATTCATGGTT	-30	-0.1352117518096259	0.7945984642947406	1.2972684947796365	0.3604094319164005	0.29201520691488325	-0.9805039164049287	-0.8438319635836918	-0.41848362532516015	-0.9817665860511958	-0.2668549093450185
chr12-68583486-68584389_4	chr12-68583486-68584389	TAAGTTATAAACAACTCAGA;AGTGCTTGCTGTTATGTCCA	-30	-0.739736750572056	-1.1291899928788562	-0.8501464664932925	-1.1718213286355326	-1.896172019025411	-0.32108887771644057	-0.9134801071179341	-1.3544453376045766	-0.7850420732427217	-1.3519482541859904
chr12-68583486-68584389_5	chr12-68583486-68584389	TAAGTTATAAACAACTCAGA;AAGCACTAACCACAAAGTAA	-30	1.3481915129878523	1.1396358886627092	0.42625528612500646	0.3006433718394216	0.11841851130248428	0.8245295185900765	0.7167923260116338	0.5589388641632668	0.4539892847850186	-0.6237353617047282
chr12-68583486-68584389_6	chr12-68583486-68584389	TAAGTTATAAACAACTCAGA;ATGACCAGATATTCATGGTT	-30	0.5641543554574732	0.372150394961252	0.12006233173265264	0.35554073095855376	0.8261618039184354	-0.5306166701311178	-0.6834430185263369	-0.5526783743847008	-1.6332012683945911	-0.8099539232164852
chr12-68583486-68584389_7	chr12-68583486-68584389	AAATGGCCAAGACAAGTCCT;AGTGCTTGCTGTTATGTCCA	-30	0.7132938214611756	1.1609749812541656	1.190964692448304	0.9632273520785226	0.7326216840317279	0.14356754598106317	0.246188490239541	0.43144916132376293	0.812929571384825	-1.0941534825150743
chr12-68583486-68584389_8	chr12-68583486-68584389	AAATGGCCAAGACAAGTCCT;AAGCACTAACCACAAAGTAA	-30	0.4514155156171288	0.615542490161308	0.6309803767005042	-0.47012041550813327	-2.8654103992970623	0.5704328463334247	0.07079370370829448	-0.5401182778966618	-0.4736814984562211	-0.6434147357072004
chr12-68583486-68584389_9	chr12-68583486-68584389	AAATGGCCAAGACAAGTCCT;ATGACCAGATATTCATGGTT	-30	0.7051425896755829	1.0525825045070225	1.041944665300668	0.4789009469472036	-0.7094822498975655	0.02862592022718306	0.011967028139461006	0.13026816322594534	0.058877688536754624	-0.4123098868488699
chr12-68583486-68584389_10	chr12-68583486-68584389	GGAAATCCTAAAGCCTATAT;AACATGCTCAGAGGGACAAT	-30	0.33885771662895703	0.6864847580082991	0.8342538470355569	0.7669682948564152	0.5239619012368606	-0.2185509299703216	0.3744219421075341	0.895656992143976	1.3402094056579161	-0.3358525815035925
chr12-68592236-68592767_1	chr12-68592236-68592767	ATAACTCACAGACGTAGTGA;GAAGGAGCTTGAGTACCAGT	-39	1.4093312888226623	1.8015657229952853	1.4911067083745981	1.645166016103495	-1.6796140185410118	0.5014763009992609	1.1364564090262312	1.5619405147377834	1.4054058878668128	-0.3646729699947784
chr12-68592236-68592767_2	chr12-68592236-68592767	ATAACTCACAGACGTAGTGA;GTTGCAAAGAACCCTCAGCA	-39	1.6413340435572674	2.2646534113727204	1.9665965675435186	1.0078158336613505	-0.6271603501508065	1.2001610216358751	0.3770894277231534	-1.4696382769712935	-0.5718395718977347	-1.0788242943219157
chr12-68592236-68592767_3	chr12-68592236-68592767	ATAACTCACAGACGTAGTGA;ACTGATATATTCCATTCCTC	-39	1.3328542344101486	1.2603848667356674	0.6755751737961164	-0.14286215845045797	-0.9095384123583815	0.7293974892234368	0.6260172399747629	0.4975086382408341	0.19979238397928664	-1.2467542438233614
chr12-68592236-68592767_4	chr12-68592236-68592767	CAAAACTTAACCGAGCTTGG;GAAGGAGCTTGAGTACCAGT	-39	1.130556304953019	1.8021930203808476	1.747207216068538	0.26755483339860403	0.14127370478727996	-0.10361806906556438	-0.6688946177335694	-1.1432685432023688	-1.4168008596642419	-0.6989768445680825
chr12-68592236-68592767_5	chr12-68592236-68592767	CAAAACTTAACCGAGCTTGG;GTTGCAAAGAACCCTCAGCA	-39	1.1537589934039363	1.719338580665508	1.6102619511402798	1.7780397234176615	-0.3937017662693626	0.4250711610211825	0.15121527554266243	-0.08475194334614938	-0.27353715730842465	-1.2890662122823846
chr12-68592236-68592767_6	chr12-68592236-68592767	CAAAACTTAACCGAGCTTGG;ACTGATATATTCCATTCCTC	-39	0.6983405304040581	0.07958909675666999	-0.6340867835388112	-0.02848828728137486	-0.1775437790010257	0.037682084434204455	0.2898722472952431	0.5954310630355754	0.49299571339081305	-0.18980533433243332
chr12-68592236-68592767_7	chr12-68592236-68592767	ATCATGAGAATTCATAAGAA;GAAGGAGCTTGAGTACCAGT	-39	1.6789465023359553	1.3203084419377362	0.22448622242559882	0.9548067909340077	-2.0456299616022027	0.5257569844975185	0.06109018195292832	-0.47447246639984664	0.07825810888873969	-0.23153511466850002
chr12-68592236-68592767_8	chr12-68592236-68592767	ATCATGAGAATTCATAAGAA;GTTGCAAAGAACCCTCAGCA	-39	0.8602642921347137	0.6922311437318593	0.2973843874670149	1.0768369771436197	-0.10727863658107799	-0.5071504885155917	-0.18429215267956148	0.25876249642382365	-0.05432017135056518	-1.8170102681294016
chr12-68592236-68592767_9	chr12-68592236-68592767	ATCATGAGAATTCATAAGAA;ACTGATATATTCCATTCCTC	-39	0.46951717380321273	1.9172338719444741	2.3065534787945814	0.9374884273848659	-0.14139060712255477	1.0181924828169722	1.0247540300469025	0.9328380070659051	0.6252086840840162	-0.4162003289148666
chr12-68592236-68592767_10	chr12-68592236-68592767	CAGACGTGCGCCACCAAGCT;GTCTCTCTGGCATCATCAGT	-39	1.6210126706702492	1.4898218800393725	0.6809405487786188	0.05905336720437466	-0.16233969828755834	-0.1847675799341692	-0.04518647210056822	0.23175231516312736	2.0478244194685153	0.5925008436284308
chr12-68597020-68597956_1	chr12-68597020-68597956	AGCGGACTGGTAGTTTCCCC;AGGTAGAAGACACAGTTGAC	-44	1.2515771629921353	1.3221453289941434	0.8904009450095747	1.4658918434167016	0.28161803377446115	-0.4246700995311532	0.45758028984355154	1.1126188628054094	0.21555471992554767	-1.4816293171785202
chr12-68597020-68597956_2	chr12-68597020-68597956	AGCGGACTGGTAGTTTCCCC;AGTGAGGGACAAAACCTCTC	-44	1.092798688582434	1.3981908563498924	1.1900001266277618	-0.8837249160253731	-0.4282569678514192	0.02862592022718306	-0.45725768112027965	-0.8542022953185109	-0.49569043955892084	0.3206119188462326
chr12-68597020-68597956_3	chr12-68597020-68597956	AGCGGACTGGTAGTTTCCCC;ATTGCACATCCAAGTTTCCC	-44	1.2919436380565679	1.5727816915660506	1.2553938704215566	0.3892542508638176	0.6410564084641819	1.2700713641298658	0.6503360217630295	-0.5352725669654739	0.4129195304809927	-2.701515378660544
chr12-68597020-68597956_4	chr12-68597020-68597956	AATGTTCAGTGTAGACTACA;AGGTAGAAGACACAGTTGAC	-44	0.16813688404053712	-0.23054881251262532	-0.4196969450392792	-1.8619193448612152	-0.09163193846698046	0.37057164361984896	0.39907144002972594	0.4782403910620309	-0.12227532784233605	-0.5311340774443355
chr12-68597020-68597956_5	chr12-68597020-68597956	AATGTTCAGTGTAGACTACA;AGTGAGGGACAAAACCTCTC	-44	0.43555679039404116	0.36798196457864873	0.2634377165696387	-0.21119134365967795	-0.6632795177558882	-1.0549837669398023	-1.3016238931868853	-1.1311650279985115	-0.8947120302105808	-3.745959923228438
chr12-68597020-68597956_6	chr12-68597020-68597956	AATGTTCAGTGTAGACTACA;ATTGCACATCCAAGTTTCCC	-44	0.7792935269896578	0.12063633977996	-0.695702685057556	-0.018122479496010084	0.5209404308917406	-1.0781558568141145	-1.3159341138141167	-1.132633179874644	-0.9228681524265427	-0.5810721250762608
chr12-68597020-68597956_7	chr12-68597020-68597956	GTGATTCCTGTGCTCAGATA;AGGTAGAAGACACAGTTGAC	-44	1.044838485266398	1.242948956530152	0.9975225363033415	1.3022297252460624	0.1450270981223923	-0.5130678304833792	-0.9545006705253934	-1.1232656887317807	-2.1459437337144354	-2.123074304121428
chr12-68597020-68597956_8	chr12-68597020-68597956	GTGATTCCTGTGCTCAGATA;AGTGAGGGACAAAACCTCTC	-44	1.1449364375408402	1.360084578081429	1.0758052546709358	-0.29765632651798585	0.4378708239091264	0.0606674160935305	0.4106957979165209	0.7687762817979212	0.9416718236738237	0.01957695459407556
chr12-68597020-68597956_9	chr12-68597020-68597956	GTGATTCCTGTGCTCAGATA;ATTGCACATCCAAGTTTCCC	-44	1.2409033043545334	1.658771111417802	1.4407432644490048	1.363473573354111	-0.6200313946577848	0.7730053814853545	0.36909780460825653	-0.1563987102968549	0.508893592447007	0.3891670812231014
chr12-68597020-68597956_10	chr12-68597020-68597956	ATCTCGAGCAGCTGGCTTGT;GCAGGTGGGAAGTGCCAGAG	-44	-1.7365416814616053	-0.8367806441660727	0.19160278143949577	-0.8461643616490535	-0.3681126081216997	-0.49244483894171537	-0.5560888901093356	-0.361256610712297	-1.34438795175298	-2.0407089407507746
chr12-68603137-68604004_1	chr12-68603137-68604004	TATAAGGGTCACTAATGTCT;TGGTTTCGCAGAGAGACACT	-50	0.8114808428721614	0.13790884094255473	-0.7197486880143551	-0.9885103200504831	-2.898126102548604	-0.23524203963796245	-0.3571272989802223	-0.2675681062915059	0.3544004868892414	1.229464426839406
chr12-68603137-68604004_2	chr12-68603137-68604004	TATAAGGGTCACTAATGTCT;GTTATAGAGAATATAGAAAT	-50	-0.05340764559421948	-0.1406138309948686	-0.021399615773887097	0.5125109444600984	-0.7200098834654544	0.27939214341020707	-0.13832592028564464	-0.5185417013714912	-0.014391975607249575	-0.16637555158852121
chr12-68603137-68604004_3	chr12-68603137-68604004	GAGAGAGAAAGTGAGTCCAG;TGGTTTCGCAGAGAGACACT	-50	-0.7291006389466436	-0.19128370867938196	0.4350199248646396	0.8385615502654039	-2.239582937145578	-0.9915827768941889	-1.9368241078755732	-2.7949997494926357	-3.144809308319905	-10.225080275023501
chr12-68603137-68604004_4	chr12-68603137-68604004	GAGAGAGAAAGTGAGTCCAG;GTTATAGAGAATATAGAAAT	-50	1.662326120303906	0.7692748593336984	-1.235072745259588	-1.2935257504216577	-2.636282934833678	-2.56588966789547	-2.0101692234890276	-1.1614208603560612	0.24866221810455985	-0.4428310499714977
chr12-68603137-68604004_5	chr12-68603137-68604004	ATTACCCCAACAATCAGTAG;TGGTTTCGCAGAGAGACACT	-50	0.972112128348257	1.6736223881176713	1.6955122107638927	-0.012064002295464447	1.1667253508084017	0.5325653651867042	0.2617807075945884	-0.001532500841737893	-0.22501715804741537	-0.9535291197260658
chr12-68603137-68604004_6	chr12-68603137-68604004	TATAAGGGTCACTAATGTCT;GCACTTCAGATAATATTTGT	-50	0.06245150143430107	0.14187356157465486	0.29159711035928043	0.059045331994385684	-0.9522704574138317	0.5814787001713015	0.36008431942205504	0.14191834618584923	0.5224455116309845	-0.8959459801562815
chr12-68603137-68604004_7	chr12-68603137-68604004	ATTACCCCAACAATCAGTAG;GTTATAGAGAATATAGAAAT	-50	1.371208261275273	1.2886473583794151	0.673385668607047	0.17397301075554059	1.0324854084712314	0.8055031226690711	0.6564931125911283	0.4589118825541097	0.6004842349425712	0.5934736123957729
chr12-68603137-68604004_8	chr12-68603137-68604004	GAGAGAGAAAGTGAGTCCAG;GCACTTCAGATAATATTTGT	-50	-0.617417564948525	-0.9466599225814901	-0.6925309879768602	0.4963012558968605	-0.012992222525268545	2.0420638254699433	1.9467322863868934	1.4545842778570484	2.481786051781558	1.283383374065507
chr12-68603137-68604004_9	chr12-68603137-68604004	ATTACCCCAACAATCAGTAG;GCACTTCAGATAATATTTGT	-50	0.6109768327375377	0.5455428510579676	0.354421024014645	-0.23215490990123766	-0.5278872629420769	-1.364802689566032	-0.9256910505649263	-0.29047517191266453	-1.3623638618033285	-0.8996095440421016
chr12-68603137-68604004_10	chr12-68603137-68604004	AGAGAGAAAGTGAGTCCAGG;AAAAAAACAGCACAAGCACT	-50	1.1408043924198135	0.9521011354217075	0.38104291535629287	0.019507666115188893	0.3854302754586968	1.3539778723527376	1.1045901998380803	0.6163097567279185	0.006718641609796261	0.04972625420787501
chr12-68616592-68617462_1	chr12-68616592-68617462	AGTGCACACATTAAGCAAGT;TGAGTGTGAGTAGATCGGCT	-64	0.7406756968435108	1.0385267531651914	0.9886138747996767	-2.4748920530159957	-0.24453665812145062	-0.19228218436861058	-0.45419673933687754	-0.5083838481583728	-0.1710241016643111	-1.4965426364458414
chr12-68616592-68617462_2	chr12-68616592-68617462	TACGGACGGCAGGGGAAATA;TGAGTGTGAGTAGATCGGCT	-64	2.069593553510472	1.9870614800544444	0.9389823216022266	-0.3088694261664055	1.9353802258896506	0.3111810494443039	-0.055113535741039554	-0.3744516151144592	-1.6437398038114446	-2.276122664087757
chr12-68616592-68617462_3	chr12-68616592-68617462	GGTACTCTGGGATAATGCTT;TGAGTGTGAGTAGATCGGCT	-64	1.9750574587560592	1.6493557084842037	0.3760346370196029	-0.853076582919388	0.17375691925105038	0.7799326469563637	1.5140584432204927	1.9386080759920645	2.8182854158982615	0.8152372424357104
chr12-68616592-68617462_4	chr12-68616592-68617462	AGTGCACACATTAAGCAAGT;AAACACAGGGAGAATTCTCT	-64	0.37168234720222537	-0.028743790262599815	-0.33253127142299116	-1.016210386971547	-0.024697159942224916	-0.13564293971584138	-0.3410748736148738	-0.35264355421022453	-0.6130232724118876	-0.5960687844024835
chr12-68616592-68617462_5	chr12-68616592-68617462	TACGGACGGCAGGGGAAATA;AAACACAGGGAGAATTCTCT	-64	1.1392831715580527	1.0605375859850044	0.5798332683129607	-0.2525513561118782	-0.40271800973446353	-0.02215235800563985	-0.3324373487686059	-0.4850526445444332	0.29678678604247816	-1.0857085556431523
chr12-68616592-68617462_6	chr12-68616592-68617462	GGTACTCTGGGATAATGCTT;AAACACAGGGAGAATTCTCT	-64	-0.07228923993208874	0.17984596525008206	0.46206271732676	-0.2208863303171587	-0.9527121288025608	-0.3157552738261653	-0.220735186673051	0.05235190935834996	1.1653767653575067	-0.1451939130749955
chr12-68616592-68617462_7	chr12-68616592-68617462	AGTGCACACATTAAGCAAGT;TTGCAGATGGTACAAAGGTT	-64	0.30544789105734343	-0.21916935783485103	-0.5892305204415093	0.026140974197147844	-2.3193030776644723	-1.0197296940091922	-1.804284961266036	-2.3134484709424448	-0.8886081907188377	-1.385676263436022
chr12-68616592-68617462_8	chr12-68616592-68617462	TACGGACGGCAGGGGAAATA;TTGCAGATGGTACAAAGGTT	-64	1.3226614990974348	2.047894569976743	1.9336897199015435	2.685402095169848	0.156474677993081	1.2545035028643654	1.3087582645872207	1.2043949967047243	0.19528145823849996	0.8828476155969931
chr12-68616592-68617462_9	chr12-68616592-68617462	GGTACTCTGGGATAATGCTT;TTGCAGATGGTACAAAGGTT	-64	0.05944714311399184	-0.07184221418228885	-0.030267691646652464	0.6793156342420106	-0.49341227467770143	1.326839761812348	0.9029442597893638	0.13530543996142702	-0.7405051100803853	-0.4037891834468686
chr12-68616592-68617462_10	chr12-68616592-68617462	AACAACCTCAATAGTACGGA;GGTCACTGAGACTTAAACAC	-64	1.0159686932152976	0.3417442874331166	-0.6687129795554333	0.9555557594176037	-1.5934821109983115	0.8697410371379384	1.359428787948456	1.6504406809410075	1.411237436165131	0.035664379224886966
chr12-68625035-68625407_1	chr12-68625035-68625407	AGAGACAGGTAACAGAAAGT;GTGATGACTTAATATTCCAC	-72	1.572412845684676	1.6577011454610213	1.0632668348060172	0.380852741508105	-0.40805392563588566	1.1563258465755408	1.1470408364134577	1.0051082852939903	0.7955584206898983	0.6325965504784078
chr12-68625035-68625407_2	chr12-68625035-68625407	AGAGACAGGTAACAGAAAGT;TGGGAGGCTGCACAGACAGT	-72	0.3328554921952366	-0.17441188208762526	-0.5454800151912913	0.5361477368853803	-0.00836498779327425	-0.31613699958504804	-0.35635116447739934	-0.18134759472517786	-0.8280442319819522	-0.3215264654825408
chr12-68625035-68625407_3	chr12-68625035-68625407	AGAGACAGGTAACAGAAAGT;ACAGACAGTGGGAAACACGT	-72	-1.0299700216122454	-1.1526150260191932	-0.6180176237378988	-0.420675893959839	0.6052759379932767	-0.46737358270946255	-0.4379144172100558	-0.17951682610261388	0.4403548470178519	-0.11710320990416002
chr12-68625035-68625407_4	chr12-68625035-68625407	TCTGCACTCCTCCCAGCCCT;GTGATGACTTAATATTCCAC	-72	-0.6056058501525107	-1.2127472986078642	-1.1368289988213	-2.023914391972557	0.011444300347837144	-0.7537621453545157	0.25567491733592373	0.9904981387945839	-1.1063892799055381	0.3878474017551636
chr12-68625035-68625407_5	chr12-68625035-68625407	TCTGCACTCCTCCCAGCCCT;TGGGAGGCTGCACAGACAGT	-72	1.8924770097829653	1.185704041289765	-0.6516174840252971	-2.363923935550974	0.5943709035052682	-3.1238347984675032	-2.52371343491885	-1.5883765665820486	-0.2438244096459623	0.6635300458380575
chr12-68625035-68625407_6	chr12-68625035-68625407	TCTGCACTCCTCCCAGCCCT;ACAGACAGTGGGAAACACGT	-72	1.8165875177385231	2.573404625150389	2.260139848911863	-0.7775431516631841	-0.3610771237084832	-1.0358163812727699	-0.3361288708646322	0.3458448723091201	-0.8693931998692676	-1.7655989973454234
chr12-68625035-68625407_7	chr12-68625035-68625407	AACGTCCATTAATGAATGGA;GTGATGACTTAATATTCCAC	-72	1.5283624709936896	0.8247650162443755	-0.6555032092258459	0.3659406519401491	0.12033698557402119	1.1487755391602992	0.9889654547203219	0.6826772557924138	0.2820564515981962	0.45710001950861967
chr12-68625035-68625407_8	chr12-68625035-68625407	AACGTCCATTAATGAATGGA;TGGGAGGCTGCACAGACAGT	-72	-0.0024890784587414225	-0.06926513902249815	0.03698824253900197	-0.13364532922645236	0.3736970226936079	-0.26328054559281733	-0.13201262555218132	0.15482455256142713	-0.7233462818187683	-0.539372484743649
chr12-68625035-68625407_9	chr12-68625035-68625407	AACGTCCATTAATGAATGGA;ACAGACAGTGGGAAACACGT	-72	-0.9043721650328737	-0.7011899991403555	-0.10175515691017753	-1.2717378180897998	-0.4773808785911507	0.2848423546523308	0.9404278620026716	1.4093337354118205	0.28264220731702694	-0.42878986213111303
chr12-68625035-68625407_10	chr12-68625035-68625407	GAGTAACTGCTTAATGGTAT;CCTTGGGAACTGCTCTAATG	-72	0.4296473896663521	0.7839265606848701	0.8958631463180554	0.35935120841085483	-0.8565350349928176	-0.009951223472420103	-0.4658565676364842	-0.8069359784656202	-1.2429947320265358	-2.763317789816444
chr12-68628018-68628307_1	chr12-68628018-68628307	AGTCGGGTGAATCCTAATTA;TCTGTGCTGAAGCTCTATTA	-75	0.6247627171957219	0.48999136719484765	0.2457941799858545	1.470865927103904	1.7179437943914726	1.9707821230337523	1.827866651400545	1.291742221046059	1.633723525560465	0.7313073873134237
chr12-68628018-68628307_2	chr12-68628018-68628307	TGTGCCCAATAAATACCATC;TCTGTGCTGAAGCTCTATTA	-75	1.8656148180237748	1.4510431581466856	0.13986375521198532	-0.6848952113016369	-0.27916897535436375	-0.1095720566379886	0.5360279454483133	1.0619799991426833	1.1505153574505103	-0.0663256194121706
chr12-68628018-68628307_3	chr12-68628018-68628307	AGTCGGGTGAATCCTAATTA;ATAGGAAATTGGCTCAGCCC	-75	0.6036253459976106	1.2990466838461554	1.4665092243566966	0.1734568631765884	-1.7252865465383471	-9.962051796934828e-4	0.3048242793221831	0.6491462642339757	0.01824681009224285	0.1920917076642362
chr12-68628018-68628307_4	chr12-68628018-68628307	GTAACCCGATGGTATTTATT;TCTGTGCTGAAGCTCTATTA	-75	1.9572903497626732	0.9688584670365932	-1.697489327223802	1.1417789248087893	1.276508350395518	0.13026104988006873	0.3453656253141362	0.6101228866990055	0.8248416321730997	-0.44157418705440604
chr12-68628018-68628307_5	chr12-68628018-68628307	AGTCGGGTGAATCCTAATTA;ATAACGGTAAGAGTTTGTAG	-75	2.4367760305784247	2.5288307228124225	1.423405981243422	1.0328941783039733	0.5966632329196456	0.11981556063285809	-0.19245568447420947	-0.38721583893080436	0.9915495115629385	0.6336589005735336
chr12-68628018-68628307_6	chr12-68628018-68628307	TGTGCCCAATAAATACCATC;ATAGGAAATTGGCTCAGCCC	-75	-0.3164575916350128	0.49064021118281914	1.031080861427196	-0.4916545023001145	1.2397575083420007	-1.1126790733760248	-1.1026699962006294	-0.7294812217578008	-0.41953497011762275	-1.1307635575964894
chr12-68628018-68628307_7	chr12-68628018-68628307	GTAACCCGATGGTATTTATT;ATAGGAAATTGGCTCAGCCC	-75	-0.2989678419315676	-1.0588209642153743	-1.2769785389734234	-0.30154846407406205	-0.806550775180979	1.4248602811295528	1.0535635612723082	0.3442210903169179	0.20946377399421626	-2.531669429959083
chr12-68628018-68628307_8	chr12-68628018-68628307	TGTGCCCAATAAATACCATC;ATAACGGTAAGAGTTTGTAG	-75	0.6953721541136721	-0.5629927201842075	-2.3369291997033264	1.7016108713274585	-0.2697323301561125	1.523432121217828	1.3068118312959978	0.8104623562862363	-0.15278315803751388	0.41357128344557326
chr12-68628018-68628307_9	chr12-68628018-68628307	GTAACCCGATGGTATTTATT;ATAACGGTAAGAGTTTGTAG	-75	0.02862717684833194	-0.3207127960483854	-0.39990330229293025	-2.0124915271053387	0.3644964503516544	0.21793977422487465	0.6303012013950241	0.9944278461240609	1.5312897054554526	-1.4233461635992468
chr12-68628018-68628307_10	chr12-68628018-68628307	GAGTCGGGTGAATCCTAATT;TATGGAGCTTAGATTCACAT	-75	0.7503118517117148	-0.032413152686771265	-0.9862592996162077	-1.1712063914600037	1.1516052448919907	0.6923990318968413	0.4425328235749365	0.15838100590267717	0.4436242684185273	-1.2287082599214594
chr12-68630163-68630950_1	chr12-68630163-68630950	ACTCTGTAGACAAGCCCCAT;TAGGATATACAAGATCCTGT	-77	1.663626278555064	0.9396327758916881	-0.703998756761038	-1.4360605223562544	-0.48973398727181183	0.46963881091627313	0.5525237139568595	0.6536458144947515	0.950008218988312	-0.2836908714499465
chr12-68630163-68630950_2	chr12-68630163-68630950	ATAGGGCAGGTCCATTTGGA;TAGGATATACAAGATCCTGT	-77	0.755137592301567	0.13971405095034312	-0.6090849182507233	-0.1407896940139362	1.515593887559861	0.43188855695725625	0.8000828987672771	1.1014845579777224	1.2062715644804805	-0.8792844270861566
chr12-68630163-68630950_3	chr12-68630163-68630950	TCTGATCATTGGCTTAGATT;TAGGATATACAAGATCCTGT	-77	1.714263857440065	1.9369087356660828	1.3668844474142137	-0.009874654414392366	1.0413459683588577	0.23182548551339738	-0.17656234815583735	-0.5283814978101421	0.42855085365922624	1.2503361541427638
chr12-68630163-68630950_4	chr12-68630163-68630950	ACTCTGTAGACAAGCCCCAT;GGGTATAGGGGCTTAAATGT	-77	1.0632622782188834	1.4532653109431637	1.3024926033641213	0.923120022475431	0.13747769754329078	-0.7079267846359336	-0.8237767309608762	-0.6231331544478423	-0.7514177503702839	-1.862873468963277
chr12-68630163-68630950_5	chr12-68630163-68630950	ATAGGGCAGGTCCATTTGGA;GGGTATAGGGGCTTAAATGT	-77	-0.1452610130100562	0.6888345384437558	1.174469801675359	0.50093909605459	-1.1226837189264853	-0.13858220226898987	-0.06844375242955146	0.15160653707898933	-0.7246068310433036	-0.6528015836214606
chr12-68630163-68630950_6	chr12-68630163-68630950	ACTCTGTAGACAAGCCCCAT;ACTGACATGTGCTACCAGTG	-77	0.6151662756808938	0.21815229536317654	-0.2236566336239859	-1.1928526046461672	-0.39754565918497514	0.31999650785274125	-0.06755521243848912	-0.41847100922192937	-0.678052860171638	-0.2917441416509211
chr12-68630163-68630950_7	chr12-68630163-68630950	TCTGATCATTGGCTTAGATT;GGGTATAGGGGCTTAAATGT	-77	1.573434903327636	1.357718132296681	0.4951869105995598	-0.7662207579650753	-1.3810723763169301	-0.3625545937447803	-0.4078158981163256	-0.22671508980441293	0.5109580766185184	1.665272843313163
chr12-68630163-68630950_8	chr12-68630163-68630950	ATAGGGCAGGTCCATTTGGA;ACTGACATGTGCTACCAGTG	-77	-0.7750453774494728	-0.1396091354060088	0.5257011551861771	0.8284074892349137	0.4249767462821616	-0.41605930219563486	-0.3086060574746157	-0.00752494236037663	0.067889305473355685	0.3605492933156241
chr12-68630163-68630950_9	chr12-68630163-68630950	TCTGATCATTGGCTTAGATT;ACTGACATGTGCTACCAGTG	-77	0.1006429568020446	0.18632506479059038	0.3219427079247598	-0.6779908211960937	0.8931846870135048	-0.19961145863748528	-0.20427217303395076	-0.026821455470325096	0.7896217806536837	-0.3024897851809535
chr12-68630163-68630950_10	chr12-68630163-68630950	GAGAAGTACACCTATCCTCA;GAAGATGGAGCAATTAACTA	-77	-0.19682453495143534	-0.014618168564692903	0.2920530626632912	-0.5287164771239837	0.8224947274621794	0.8223531445679003	0.4851824218943224	0.043898211152491845	-0.6516943346749443	-0.5794570980834001
chr12-68634561-68635320_1	chr12-68634561-68635320	GCTGAGGAAAAGCCACCAGA;AGATAGTTGCTGCTCACCCA	-81	-0.36816087866138	-0.38787140886006555	-0.09342373426231708	-1.0528533506362192	-0.22634758808821812	-1.4554320163880152	-1.973745177034453	-1.9681793115027588	-0.8723247950127049	-3.086570088433694
chr12-68634561-68635320_2	chr12-68634561-68635320	GTATTCAAGAAGTAGCAAGA;AGATAGTTGCTGCTCACCCA	-81	1.3162660571807259	1.2945183848140938	0.7595831811249827	-0.46505754418928297	-5.266779071556911	-0.1368110626966103	-0.21791150381198668	-0.11590815722530354	-0.17296364733668693	-0.6924975976674426
chr12-68634561-68635320_3	chr12-68634561-68635320	GATATCCCCAGATATTCACA;AGATAGTTGCTGCTCACCCA	-81	0.20925620029985526	0.21676977487752888	0.26349491736595165	0.9668718717616992	-0.6397114069822657	0.3942866459574369	0.16163679533219757	-0.017477441537154904	0.596164217346952	-0.4184838949424816
chr12-68634561-68635320_4	chr12-68634561-68635320	GCTGAGGAAAAGCCACCAGA;GAAGTAGCTAGAGTCAACCT	-81	0.3072370081913223	1.5614602033545506	1.9735808597969327	1.558041767210814	0.8158027630381085	-0.5211494483208294	-0.4136620432028579	-0.09215950220417632	-0.469916355226925	0.5674961993876362
chr12-68634561-68635320_5	chr12-68634561-68635320	GTATTCAAGAAGTAGCAAGA;GAAGTAGCTAGAGTCAACCT	-81	0.7116092188996387	-0.29856039206483953	-1.572229303928418	1.038472035742012	-0.1363624055740757	-0.35947933138002364	-0.49624326580738576	-0.39092247962492316	1.1377952499254822	0.9399909587486672
chr12-68634561-68635320_6	chr12-68634561-68635320	GATATCCCCAGATATTCACA;GAAGTAGCTAGAGTCAACCT	-81	1.4741806780258833	1.2813120042592248	0.5046882285617972	-0.5707953004540567	0.06377610288443192	-0.6723492256628255	-0.8784572040493225	-0.7611968688054258	-0.7715083987589846	-1.1641504766798867
chr12-68634561-68635320_7	chr12-68634561-68635320	GCTGAGGAAAAGCCACCAGA;GTAAAAGACGGGCTAACTGC	-81	-1.1999251308168264	0.1384368310485939	1.0423457716682092	-0.7201751292738887	0.12059246310862051	-0.5180137740545813	-0.7675410648117419	-0.727133390184468	-0.6625860282102372	0.8174434087007826
chr12-68634561-68635320_8	chr12-68634561-68635320	GTATTCAAGAAGTAGCAAGA;GTAAAAGACGGGCTAACTGC	-81	-1.1958941163145833	-0.9404381833679714	-0.2148928250708652	0.5436966500966443	0.12917360354672064	1.0612202487558717	0.909116306625778	0.6371031243552752	-0.6324413647853274	0.7129106904016587
chr12-68634561-68635320_9	chr12-68634561-68635320	GATATCCCCAGATATTCACA;GTAAAAGACGGGCTAACTGC	-81	-0.696762668243336	-0.37619624401032153	0.1790782334765654	0.17717453947329936	-0.6481253615072677	0.2626841964132992	0.26626902118048495	0.3490098233806087	0.8459501996790928	0.2728224847518037
chr12-68634561-68635320_10	chr12-68634561-68635320	TTAGGTAAGGAGATCAGGGA;CTATCTGAGGCCCATGGTAC	-81	1.4669206687358327	1.4789145131413681	0.8861480493828499	1.6641609821015475	-0.35064944123585834	1.4715359750224732	1.2247235930589822	0.7013525156717677	1.5138064838798992	-0.6325371797487979
chr12-68653020-68653612_1	chr12-68653020-68653612	AGACACTCTTCAGTAATGAC;GACAGTAGAGGGCAGATGTT	-100	0.6330420001106029	0.41811717518114305	0.11243511042964936	-1.0254484204694831	-0.46178192757497827	-0.34959168197859075	-0.48624807077709115	-0.3831124167653917	-1.5027470787861905	-1.1725672599960388
chr12-68653020-68653612_2	chr12-68653020-68653612	AGACACTCTTCAGTAATGAC;AGATCCTCTCAGCCTTTGAT	-100	-2.232284744019455	0.9777558421624086	2.119552640569223	-0.19350865129055397	1.3863889684989517	1.0131602284053953	0.7132730630626646	0.2634469064750908	1.2865867003197398	0.10536860757581011
chr12-68653020-68653612_3	chr12-68653020-68653612	AGACACTCTTCAGTAATGAC;TAAGACAACACCAAGAATCA	-100	0.686665119611519	1.2487356687930093	1.3356869548051387	0.42883670687731196	0.4930299528671605	0.027045349944179033	0.07840716719439564	0.2501842286235468	-0.30825625644739063	0.7515491878108885
chr12-68653020-68653612_4	chr12-68653020-68653612	AGAGACATGGTCGATACTCT;GACAGTAGAGGGCAGATGTT	-100	1.0181039369507512	1.0857801985931321	0.7733496161306183	0.3801379639826824	0.28021658504827923	-0.8955814741110474	0.016646165784778566	0.7439456750102128	1.033597498930636	0.29021338121971046
chr12-68653020-68653612_5	chr12-68653020-68653612	AGAGACATGGTCGATACTCT;AGATCCTCTCAGCCTTTGAT	-100	0.9779136822728951	0.5572300562377591	-0.1303128429359149	0.6966161677382029	0.44314891971941944	-0.24014563457751545	0.29415083410747134	0.793711998697141	0.381406496281789	0.5265974492879967
chr12-68653020-68653612_6	chr12-68653020-68653612	AGAGACATGGTCGATACTCT;TAAGACAACACCAAGAATCA	-100	0.5019293451268244	1.8487644409553936	2.2111605203761497	-0.014369243193183683	-0.5694466511913847	0.8715970566736408	0.7771076485176692	0.6209042421318294	0.054982265244480036	-0.0752609070873674
chr12-68653020-68653612_7	chr12-68653020-68653612	TAGCAAAAGGGTATAAAAGA;GACAGTAGAGGGCAGATGTT	-100	0.9251142658260626	0.34419292308339045	-0.48272516351565786	0.736567504506875	-0.17963426121412132	-1.0929712500131676	-0.5760335587245046	0.048619207176097336	1.0059999259078378	0.8121419314559849
chr12-68653020-68653612_8	chr12-68653020-68653612	TAGCAAAAGGGTATAAAAGA;AGATCCTCTCAGCCTTTGAT	-100	0.8825223373084691	1.3266180802160088	1.2818719229376698	1.5083895076842024	1.2045896860583285	2.2281959806929725	2.236568533111481	1.8228943192805664	1.9094811964700487	1.5304118046811055
chr12-68653020-68653612_9	chr12-68653020-68653612	TAGCAAAAGGGTATAAAAGA;TAAGACAACACCAAGAATCA	-100	-1.3375354497633918	-0.8146273754495209	0.02437597017256143	0.4558655148126963	0.11229504972209182	-1.4664410524497704	-1.5006550950058346	-1.0876081090037952	-0.8941459053704359	-0.9721557137877336
chr12-68653020-68653612_10	chr12-68653020-68653612	AGGGCTGACTTAGCTATTCG;CTGAACAAATATATACCCTG	-100	1.3684325061256621	1.1548485458628388	0.42421460974611386	0.4963012558968605	0.5478936337289636	0.7643439585719899	1.0045462336994297	1.1606322953916088	1.4271735882941108	0.6806587786368247
chr12-68655680-68656088_1	chr12-68655680-68656088	ATGGAATATAGTAAGCGTTC;AATTCGGGTAATAACTTCCA	-102	2.551716032016424	1.981677617220875	-0.26636526384802317	1.126857439866078	-2.1091703510977577	0.45492525318382054	0.4455216357120121	0.47338823399111024	1.441066152153799	-0.42081300748227657
chr12-68655680-68656088_2	chr12-68655680-68656088	AAATCAATAAAAGACCACCC;AATTCGGGTAATAACTTCCA	-102	0.515663546606056	-0.5374244101790034	-1.7085517835025585	-1.4133611434433448	-1.2074893019255362	0.10142451718047285	0.11801773449826507	0.24697999945960536	0.8221519476959475	0.7350849891243381
chr12-68655680-68656088_3	chr12-68655680-68656088	ATGGAATATAGTAAGCGTTC;TCAGTTCTGTACCTCCCAGG	-102	1.5938026879358465	1.5337125078827551	0.8070001997340608	0.8364548348692792	-0.37124349828853365	-1.143076511516764	-1.917551300642139	-2.3622388587053385	-0.4715870518246943	-1.5945972049670991
chr12-68655680-68656088_4	chr12-68655680-68656088	ATGGAATATAGTAAGCGTTC;GGAGGTACAGAACTGAGCAG	-102	-0.8965547429679169	0.6890761178991295	1.5192079367183067	1.8108403290633335	-0.3177596088325723	1.1061337473222934	2.0844447382261158	2.5549210650593848	2.758237063717464	0.01053060538470783
chr12-68655680-68656088_5	chr12-68655680-68656088	AAATCAATAAAAGACCACCC;TCAGTTCTGTACCTCCCAGG	-102	0.346063154552034	-0.08727838193846787	-0.40323238318814547	0.3622824101035201	-1.7121557528990938	0.39891348361856577	0.8966917188164756	1.2738686351172297	1.2175598054462473	0.5807404522937478
chr12-68655680-68656088_6	chr12-68655680-68656088	AAATCAATAAAAGACCACCC;GGAGGTACAGAACTGAGCAG	-102	1.2689348710128445	0.6546437922763658	-0.4689431117722144	-1.545881786897699	-0.9673220949822522	0.964371626207543	1.6419875913272424	2.0118400224210973	1.5945577060162799	1.2781194643389902
chr12-68655680-68656088_7	chr12-68655680-68656088	AGTTTGACCATACAGGATGA;AATTCGGGTAATAACTTCCA	-102	1.4732209807542627	1.4907818174532586	0.8988818668020319	1.0855877396902793	0.15405483684020388	1.0362036577482903	1.1134546089717672	1.0822506561805467	0.8515230432422815	0.28237343717670443
chr12-68655680-68656088_8	chr12-68655680-68656088	AGTTTGACCATACAGGATGA;TCAGTTCTGTACCTCCCAGG	-102	-0.33286014105620637	1.0623654168696914	1.7034780219606744	-0.25145265882115453	-1.908675806589379	-1.0884065786079984	-0.7664627729470368	-0.22603293941183453	0.3194983133954636	-0.1512888126278456
chr12-68655680-68656088_9	chr12-68655680-68656088	AGTTTGACCATACAGGATGA;GGAGGTACAGAACTGAGCAG	-102	1.305778897501158	1.2896282455015229	0.7648553938503765	-0.14128139397528514	-0.7272853138681398	-0.9399523085809746	-1.2327307769292382	-1.1304561748778696	-1.0794327315517749	-3.265404555230037
chr12-68655680-68656088_10	chr12-68655680-68656088	AACACCAGCTATTAACTACA;ATTGCTACATGTAACTACAA	-102	1.379924727997762	1.25662496048259	0.6013637539330946	-0.18180992300476198	-0.6904886452543464	-0.014217280419668691	-0.4360121831437998	-0.7290041829876504	-1.0716550341480224	-0.9759918204978967
chr12-68658371-68658710_1	chr12-68658371-68658710	GATCAGTGGCAACAGCAGTT;GTTATAGTGGAGAAAATGTA	-105	1.3760813557924303	1.139856062426063	0.3826535913391488	1.2704901471065368	0.9584796037711255	0.5663318342746785	0.2757548325154821	-0.022293814465375067	-0.06018251484157653	-0.12315122360856565
chr12-68658371-68658710_2	chr12-68658371-68658710	GATCAGTGGCAACAGCAGTT;GGTTATAGTGGAGAAAATGT	-105	1.2832373768136789	1.9521045799835495	1.8315123726622355	1.3022297252460624	0.05811751312014027	0.6608733588569794	0.5499154457199368	0.4312721845795549	0.4876258261440434	-0.011474492182659227
chr12-68658371-68658710_3	chr12-68658371-68658710	GCACCTGCAGATATGATCAG;GTTATAGTGGAGAAAATGTA	-105	1.833125482877462	1.500296351812747	0.32417010653631667	1.2803578245172589	0.45242224637698986	1.4693640380160258	1.227820633995654	0.712966024826716	0.4446830669210404	-0.03053515533929411
chr12-68658371-68658710_4	chr12-68658371-68658710	AAGCCGTATTCAAACACCTC;GTTATAGTGGAGAAAATGTA	-105	0.4427036025697521	1.1212683388987024	1.3463255499828832	0.4117329054045725	-0.43371042098693097	0.6855221539759077	0.21955905040197182	-0.376286647434116	-0.26341078357622555	-0.13406863641209807
chr12-68658371-68658710_5	chr12-68658371-68658710	GCACCTGCAGATATGATCAG;GGTTATAGTGGAGAAAATGT	-105	0.4637281061904541	0.45507592646931455	0.37171940154532523	0.14834372853908265	0.22723980930789872	-0.662023241574966	-1.0128830862525575	-1.0377426550446875	-0.6240425156933255	-0.3604960015264452
chr12-68658371-68658710_6	chr12-68658371-68658710	AAGCCGTATTCAAACACCTC;GGTTATAGTGGAGAAAATGT	-105	-0.28972601454403824	0.5214201338594664	1.0532839817850144	1.1773269174092136	1.456162695875218	-0.8168490007776441	-1.209984652867308	-1.2390368206533444	-2.0035020404886072	-0.9955765976415205
chr12-68658371-68658710_7	chr12-68658371-68658710	GATCAGTGGCAACAGCAGTT;ATAATAGACCTTGGTTATAG	-105	0.9226065834080228	1.9080123317192357	2.0407360814301243	1.8603535313676176	0.19659470298872558	0.3812273576980927	-0.027367101362904656	-0.42761221194217985	-0.5772682098059057	-1.487295800323081
chr12-68658371-68658710_8	chr12-68658371-68658710	GCACCTGCAGATATGATCAG;ATAATAGACCTTGGTTATAG	-105	-1.8054724358071368	-1.4437520567364948	-0.4744544126765012	-0.7136397705817047	-0.9214962423051021	0.1379492966618918	0.11904695439618794	0.21112747562187711	-0.8958944701223229	-0.9782794232806671
chr12-68658371-68658710_9	chr12-68658371-68658710	AAGCCGTATTCAAACACCTC;ATAATAGACCTTGGTTATAG	-105	0.5604627207012546	0.7085823723549489	0.6657177968473796	1.8240779881136089	-0.07774253290999648	0.8150868829803497	1.5303716454206584	1.941236058687147	1.6375984833611097	-0.5667112356392233
chr12-68658371-68658710_10	chr12-68658371-68658710	GGGCCCATGAATCAATGAAG;TTCAAGGCAGTCTTAAGTGC	-105	-0.694656927632413	0.15797987138046088	0.8386640194045882	0.7868397353339518	-0.4518331552737954	-0.5752233430450535	-1.279811103171296	-1.8167219248374749	-1.7928863661097532	-1.9424946190498438
chr12-68660758-68662442_1	chr12-68660758-68662442	AGAGGCTGCTGATGTCATGA;GTATAATAGAACTTCAGAGC	-108	1.8477872451166233	1.3010465451252033	-0.19768914925437894	0.2633820448431301	-0.9645170329080227	-0.7370080969529759	-0.9880698270753645	-0.8960004732247533	0.11540526584016535	-0.17722184359979534
chr12-68660758-68662442_2	chr12-68660758-68662442	AGAGGCTGCTGATGTCATGA;TACATAAAGAGGATGAGCAC	-108	-0.3420321270024807	-1.1864654191776955	-1.4568189052556875	1.0750302907824831	-0.4299210268280235	0.23182548551339738	0.2144941464032096	0.2867004362350037	0.11218521920359296	0.35995992057146536
chr12-68660758-68662442_3	chr12-68660758-68662442	AGAGGCTGCTGATGTCATGA;GTTAATGGTTGGTTACACTT	-108	-0.7235969656993535	-0.7157164706534337	-0.25763146605198156	-0.032854612829207874	1.122533632432861	0.46803735879828823	0.4319452104479203	0.43304189467960674	0.05996629178972543	0.3913345835509506
chr12-68660758-68662442_4	chr12-68660758-68662442	TGATTATTCAAGCAGAACGT;GTATAATAGAACTTCAGAGC	-108	0.1613559061422496	0.33900475524355794	0.4902939710685158	0.18300325084279423	-0.38555938550730456	-0.8421361002995421	-0.7944495000819388	-0.4493442309866332	0.48814314595159564	-0.7659047816769149
chr12-68660758-68662442_5	chr12-68660758-68662442	GGGAGATAGAAAAGTAACCT;GTATAATAGAACTTCAGAGC	-108	0.6542245163110283	0.49952854952172016	0.22595662873688252	0.6072965817838907	0.22302943678273493	0.9133426656795366	1.5144761567747138	1.8561303399861973	1.628388981020772	1.1255798858583679
chr12-68660758-68662442_6	chr12-68660758-68662442	TGATTATTCAAGCAGAACGT;TACATAAAGAGGATGAGCAC	-108	-0.4333322493236025	0.023206120224570335	0.5180188890517862	1.7812222179268415	0.8487397631804877	-0.3632673351102945	-0.9744236195159125	-1.4306492031396136	-1.4299678719536746	-0.9103311620360741
chr12-68660758-68662442_7	chr12-68660758-68662442	GGGAGATAGAAAAGTAACCT;TACATAAAGAGGATGAGCAC	-108	0.38489250084859206	0.04959364416428455	-0.21064181780082503	-0.6518195474431276	-0.006595539570138639	-0.2501053804284921	-0.2871877211549885	-0.12405133223821471	-0.6021902611947311	-0.12904999365667266
chr12-68660758-68662442_8	chr12-68660758-68662442	TGATTATTCAAGCAGAACGT;GTTAATGGTTGGTTACACTT	-108	1.3799373006025872	1.2662023619510439	0.6192610151625852	0.5674727895841907	-1.392795028689812	0.3729650162622818	0.30026568146387034	0.2905717609839644	1.5795611175684843	-0.0921393870531338
chr12-68660758-68662442_9	chr12-68660758-68662442	GGGAGATAGAAAAGTAACCT;GTTAATGGTTGGTTACACTT	-108	0.07412365912208317	0.11267893947428244	0.23740386124455767	-0.46474168860781184	1.5322154346317423	0.5750937105486393	0.23806251446771787	-0.12386582475551891	0.3088621307996057	0.7377062419916139
chr12-68660758-68662442_10	chr12-68660758-68662442	CCTTCACAACATGAGGAAGT;TCAGAGCAGAAATTGTGAAT	-108	0.8639858573364345	0.6482548623012089	0.21404586523523222	-0.8788844341151532	-1.087323609778624	-1.0480552602282085	-0.9452925960664215	-0.5273051436561835	-0.46536962759959233	-1.3783610652165406
chr12-68663523-68664113_1	chr12-68663523-68664113	TAATTAGAACTGCTGCACAA;AAATAGGGAAGGTTTATGTT	-110	-0.10547800224970244	-1.2706931043986769	-2.0915990654183307	0.4525446902355391	0.5340180297975692	0.16612257644391465	-0.34857672227861547	-0.837137008757129	-1.1800901748423067	-0.5442596978980708
chr12-68663523-68664113_2	chr12-68663523-68664113	TAATTAGAACTGCTGCACAA;GCAATTTGTTAGACAGTGAT	-110	0.32485306250212315	1.2460968580006502	1.5830261480089889	-0.1444494552310875	0.6807676215145	-0.49761496641546293	-0.2627121830452557	0.13114244594500565	1.1539524310664182	1.1053357123433798
chr12-68663523-68664113_3	chr12-68663523-68664113	TAATTAGAACTGCTGCACAA;ATGACATTGTAGTCAAGAGT	-110	1.247212547923595	0.8580064593361106	0.026981400539632917	0.6702258229146449	-3.945109151031976	-0.5324453149508601	-0.2597376864682003	0.16122255030503996	-0.20189201319292874	0.1095871340521785
chr12-68663523-68664113_4	chr12-68663523-68664113	ATTGTGCAGCAGTTCTAATT;AAATAGGGAAGGTTTATGTT	-110	-0.6573771066424282	-0.32216557564210546	0.22239251529512089	0.8326866761838156	0.6119814499783434	1.3495652768631745	1.3776372091923896	1.2242082240326486	0.6609598970360986	-0.03347942597196017
chr12-68663523-68664113_5	chr12-68663523-68664113	ATTGTGCAGCAGTTCTAATT;GCAATTTGTTAGACAGTGAT	-110	0.5944297863002541	0.5311779016893331	0.34983230671358156	0.05714698124153879	1.7372579454199863	1.3494547249125262	1.737234295757616	1.877004836155856	1.4259770579325286	0.34997919574182745
chr12-68663523-68664113_6	chr12-68663523-68664113	ATTGTGCAGCAGTTCTAATT;ATGACATTGTAGTCAAGAGT	-110	-0.14175183197431432	0.4553421568730542	0.8799511624862416	-0.446646047710468	-0.14250274159700344	-0.12241988303211797	-0.10721178843549005	0.06893937001634529	-0.4446022179439213	-1.6703452607718479
chr12-68663523-68664113_7	chr12-68663523-68664113	TGTTATCCTCACCATAATCC;AAATAGGGAAGGTTTATGTT	-110	0.9562865813868769	1.0484934474652234	0.7829226499039307	0.8212520635584385	-0.22807428167750415	0.9979117703081858	1.190426313090975	1.2628304622245878	1.8706438939115544	1.1628760522284514
chr12-68663523-68664113_8	chr12-68663523-68664113	TGTTATCCTCACCATAATCC;GCAATTTGTTAGACAGTGAT	-110	0.816251031289405	-0.26975803636034634	-1.7880755149044216	0.06997266511475822	0.18224594423148452	-0.5710600533315	-0.9532775029538852	-1.036457208242073	-0.6791842936858483	-0.865958473291822
chr12-68663523-68664113_9	chr12-68663523-68664113	TGTTATCCTCACCATAATCC;ATGACATTGTAGTCAAGAGT	-110	-0.06187816250809326	0.42049898893362075	0.7800463701017745	0.26104377999737277	0.6178764099601586	-0.12382842463527724	-0.01950500651569876	0.22156425541576139	1.86370146983549	0.5182213753301187
chr12-68663523-68664113_10	chr12-68663523-68664113	AAATGGGCCCTAATCGGAGA;TAAGTCCAGCCCAAACTAGA	-110	0.8825608104690907	0.7791170557989887	0.42020584183934667	-0.06731751684691183	0.20761667225334487	1.0291245068605956	0.9660422957105784	0.8016700072166549	0.6308937203503454	0.9636060420672354
chr12-68671409-68671994_1	chr12-68671409-68671994	GGATCACTAGACTACTAAAG;AATGTCTAATTGCTACCAAG	-118	0.7972328645917607	0.4751982534927712	-0.008904883664334154	0.8713334905848338	-0.949151876759858	-0.047873215264673065	-0.2016132433035988	-0.18519955083969428	1.0935295101961406	-0.4127896110887057
chr12-68671409-68671994_2	chr12-68671409-68671994	ACAATCTGGTTCTCTTGTCC;AATGTCTAATTGCTACCAAG	-118	0.02291725357483263	0.5805304725110708	0.9307188259431056	0.23526057466143507	1.004361607470097	0.7351984848994889	1.0828013642427576	1.3154409499608755	0.6452324324180125	-0.3208409248016713
chr12-68671409-68671994_3	chr12-68671409-68671994	GGATCACTAGACTACTAAAG;GGATGCTTGAAATGATTCCA	-118	-0.04838131422779517	-0.11417293916449092	0.013918785248214285	-0.34661067618484176	-0.49198671953798023	0.9541708645553186	1.1103409187818234	1.163798591775541	0.9445227071489857	0.4377706387035734
chr12-68671409-68671994_4	chr12-68671409-68671994	GGATCACTAGACTACTAAAG;AAAGTTTAGAACTCCAAGAC	-118	1.1064188014388623	0.2801133038999584	-1.0324247813069343	0.9428051908050787	0.3972917273023101	1.953457600082882	1.4793256596203446	0.3182506997447429	-0.2622784319353621	0.09405952781660612
chr12-68671409-68671994_5	chr12-68671409-68671994	ACAATCTGGTTCTCTTGTCC;GGATGCTTGAAATGATTCCA	-118	1.5115471717944133	1.9255926528105547	1.5785476399570313	0.6711232937601256	0.1511827881380322	0.5900915301434444	0.20827283022730286	-0.22162587404641348	0.5613207161947298	-1.1367973328215628
chr12-68671409-68671994_6	chr12-68671409-68671994	ACAATCTGGTTCTCTTGTCC;AAAGTTTAGAACTCCAAGAC	-118	-0.7621847925850325	-0.22237022547708069	0.41641328424096646	-0.15128625605623525	-0.6684075611912266	-0.003409380001280408	0.2428375235491569	0.5524876689775156	1.224423808764309	0.46027809811327025
chr12-68671409-68671994_7	chr12-68671409-68671994	AAGAAGAAGAAGAATCTAGC;AATGTCTAATTGCTACCAAG	-118	0.44680765787813514	1.032362160601021	1.2251290620239115	-0.26504687705965385	-0.0716603658291181	-0.44176017479837343	-0.39753685817703005	-0.13400078597586068	-0.2708798956264834	0.5746623670999057
chr12-68671409-68671994_8	chr12-68671409-68671994	AAGAAGAAGAAGAATCTAGC;GGATGCTTGAAATGATTCCA	-118	1.0641604874300699	0.9422505045517479	0.4698106472529573	0.4119153984767423	-1.0310445559968942	0.7791666532392545	0.4625032541205102	0.0642180358178774	-0.3935569986467794	-1.855411449018847
chr12-68671409-68671994_9	chr12-68671409-68671994	AAGAAGAAGAAGAATCTAGC;AAAGTTTAGAACTCCAAGAC	-118	0.6031605868158992	0.7454769138316294	0.679650333464118	0.047426388851390895	-0.618943303083518	-0.48879344632461363	-0.9073174418230273	-1.0553680704074098	-0.482463879921741	-1.5959872027237607
chr12-68671409-68671994_10	chr12-68671409-68671994	AATTCTATTACTGTTAGAAC;AGCACTGAGAAACCAATGCT	-118	-0.04270530416830519	-0.3713908572476482	-0.3997898893469853	-1.1965646095312585	-0.419295414171294	-0.50200611642214	-0.7381558043871272	-0.6889372856758086	-0.6101885109461544	-0.940944263794878
chr12-68673008-68673424_1	chr12-68673008-68673424	GTCATATACCAAATCCCCAT;GCTTATGCAGTGGTATCTGT	-120	0.23807976085003996	0.14688949923681607	0.12515527138033902	0.5222262081880953	0.21314299811574203	-0.36304142815392243	0.30679948402048063	0.8805406863389619	0.7131635808240842	-0.055752422487382367
chr12-68673008-68673424_2	chr12-68673008-68673424	GTCATATACCAAATCCCCAT;AGGCTGGTTAGATACGCTGT	-120	0.14337676152366283	0.08432523651742592	0.12618388431283506	1.3315139629087451	-0.269612943069041	0.09716308956124436	-0.5793653501320118	-1.3354612091378848	-0.9602139346793378	-0.9935544600657837
chr12-68673008-68673424_3	chr12-68673008-68673424	TATACTCAAGATAACTGACA;GCTTATGCAGTGGTATCTGT	-120	0.4342792516943453	0.08432523651742592	-0.21462689245383917	-0.088201737519059	0.7427678818474515	0.1426447815892682	-0.0016823497856836723	-0.022919693317226087	0.9335490319464207	-0.5244985332289657
chr12-68673008-68673424_4	chr12-68673008-68673424	TATACTCAAGATAACTGACA;AGGCTGGTTAGATACGCTGT	-120	1.1920856074546853	1.3193194200544354	0.9567556811669844	0.872667885280325	-0.6169155778560298	0.30909888072709574	-0.356900045579034	-1.1836443442825908	-0.15574739025002318	0.23086906387946385
chr12-68673008-68673424_5	chr12-68673008-68673424	TTTGCACATCAATATATAGT;GCTTATGCAGTGGTATCTGT	-120	-0.9493613174647331	-1.4617970480616782	-1.1516583096726891	-0.03107605570983955	-0.8572119683734625	0.0397994303967756	-0.03954515238019967	0.0234354407432196	-0.3882132820567548	-0.14645850257185572
chr12-68673008-68673424_6	chr12-68673008-68673424	TTTGCACATCAATATATAGT;AGGCTGGTTAGATACGCTGT	-120	1.223626120075754	1.2951463393563512	0.8788022004887082	0.3740403758386579	0.35769245668694605	0.41200171240877864	0.20551905914572988	0.05082125625823745	-0.4150125848651829	-0.060089078080744866
chr12-68673008-68673424_7	chr12-68673008-68673424	GTCATATACCAAATCCCCAT;ATCAGGGTGAATGGGGACAA	-120	1.3861761535029422	1.425534558040613	0.8987283990883606	0.010157377285716227	-0.7238396433142651	0.0035468373671800864	0.9436231004825845	1.5575746689858863	1.4995207134904696	0.8271776694177584
chr12-68673008-68673424_8	chr12-68673008-68673424	TATACTCAAGATAACTGACA;ATCAGGGTGAATGGGGACAA	-120	1.55050152206885	1.2767187783457972	0.3681641143705667	-0.541809359826157	0.041182073849937155	1.1160594067690497	0.7978883995663085	0.28699024637795606	0.7849925204449563	0.2364993112522087
chr12-68673008-68673424_9	chr12-68673008-68673424	TTTGCACATCAATATATAGT;ATCAGGGTGAATGGGGACAA	-120	1.3992861134506673	1.1068645112315212	0.27823281083491896	0.47793900669132594	-1.0518770995782591	-0.38015599818566986	-0.7580722012833927	-0.8890188301004519	-0.6498953989178611	-0.9141088243629323
chr12-68673008-68673424_10	chr12-68673008-68673424	GATGAGTATTACGTTAGTTA;CTAATTTAGAGGGAGAATCA	-120	0.4781329078097465	0.6777963469474634	0.6986078797906344	0.5318155955448355	-0.8859238935621699	-0.02382084388938107	0.13226113147069532	0.38849962963229473	0.35971394754043723	0.11405134129390222
chr12-68675028-68675857_1	chr12-68675028-68675857	GCCTTGATGAGATAGAGAAC;CAGATTTATCAGGTTACATG	-122	1.3957722103046462	1.3039220395158055	0.6665091908553181	1.2034670669283447	-0.4155151303032083	0.6864491162368309	0.4614442026711799	0.2093096497173508	0.5699929968834007	1.4369382509877289
chr12-68675028-68675857_2	chr12-68675028-68675857	GCCTTGATGAGATAGAGAAC;TATATAAACAGACTAGAAGT	-122	0.36832812169270285	0.8335014876177327	1.0149238860296963	0.1559365198476151	0.593158055142678	-0.15484123574258893	-0.3342393140172545	-0.3159855661752363	0.23590871451723391	-0.4732538948384227
chr12-68675028-68675857_3	chr12-68675028-68675857	GCCTTGATGAGATAGAGAAC;ATAATAATTATAGTAATAGG	-122	0.12299928970742302	0.1473350113301408	0.24266336259555168	0.6358185628688284	-1.9490700569942596	-0.5299828127276912	0.3107096495240086	0.9673707428806406	0.049642585310241766	-0.16122186155850649
chr12-68675028-68675857_4	chr12-68675028-68675857	TACAGGCCAAATCACATGAA;CAGATTTATCAGGTTACATG	-122	0.6968699307563377	0.49436579681923676	0.16316414537703008	0.7563803955781302	-0.3985364665835847	0.15714426180623	-0.3894356180664817	-0.927146634690423	-0.29893557940940096	-0.4480003798776311
chr12-68675028-68675857_5	chr12-68675028-68675857	GAACAGGCTCCCTTTAGTAC;CAGATTTATCAGGTTACATG	-122	0.25453688292058085	0.49821589200512884	0.6381551436441822	0.23822158713145392	-0.2998659300114568	0.5331792257555722	0.7005802361976923	0.8521541834472204	0.4934773233139157	-0.3690632706885786
chr12-68675028-68675857_6	chr12-68675028-68675857	TACAGGCCAAATCACATGAA;TATATAAACAGACTAGAAGT	-122	1.113832712926122	1.8411805365683036	1.8146264353858514	1.0464020400402667	1.052436070596838	-0.42709674289154725	-0.5147015918244439	-0.3530777245504797	0.23947661947865012	-0.035075985993718965
chr12-68675028-68675857_7	chr12-68675028-68675857	GAACAGGCTCCCTTTAGTAC;TATATAAACAGACTAGAAGT	-122	0.38081947616440326	-0.21370509970686086	-0.694655173222331	0.7587436079364797	-0.11505847079510603	-1.6306558703653335	-2.167057521728251	-2.134233314393561	-0.6579447736756164	-1.154043328497703
chr12-68675028-68675857_8	chr12-68675028-68675857	TACAGGCCAAATCACATGAA;ATAATAATTATAGTAATAGG	-122	0.21488899388477328	0.827716945321562	1.1206855690686555	0.7106319270343067	-0.6114740632631955	-0.3682588945099586	-0.6663243200383192	-0.7124685452265158	-0.7105007505095658	-1.0437490172198947
chr12-68675028-68675857_9	chr12-68675028-68675857	GAACAGGCTCCCTTTAGTAC;ATAATAATTATAGTAATAGG	-122	1.3273787736932643	0.6880360627132056	-0.5178303926449938	0.5797502515541189	0.09108492029048317	0.5047721638466794	0.07226611038214222	-0.4049786700081623	-0.24643912546836852	0.24516974081116225
chr12-68675028-68675857_10	chr12-68675028-68675857	GTGATTTGGCCTGTACTAAA;CATAGTAATGGGAAGTAATG	-122	0.5913173468152947	0.5600312573547133	0.4002962521097576	1.164832849089785	-0.7788295825217106	0.7150038542592223	0.5799519807546829	0.42188053376900536	0.22764730232897482	0.4720269759021161
chr12-68683668-68684552_1	chr12-68683668-68684552	TGTATGGCAATACTAAATTT;AGTTAGCTCCAGCATAATAC	-131	1.3433331642840165	2.144713879049267	2.051610566592486	1.0465713210859826	-0.5817037665807837	0.3730168494697343	0.08229169807977597	-0.15912667673040093	0.3201860300091698	-0.6419444946003938
chr12-68683668-68684552_2	chr12-68683668-68684552	AAAATCGAAAATAGGTTGTA;AGTTAGCTCCAGCATAATAC	-131	0.1170160420495067	-0.1638943958213216	-0.24289545158605516	0.8277903058334928	-0.962288515312672	0.07987222473713709	-0.30193938973430384	-0.5711030237237247	0.04823578567518282	-0.5960784753166098
chr12-68683668-68684552_3	chr12-68683668-68684552	TGTATGGCAATACTAAATTT;CTGGCATGTAGACTGTATAG	-131	0.4657602580658479	0.8507529181552161	0.9600837850129047	1.087667831149898	0.711644417787194	0.11686089619394681	0.25359240648999387	0.46857578847940873	0.3697672800919225	0.37242615760681164
chr12-68683668-68684552_4	chr12-68683668-68684552	AAAATCGAAAATAGGTTGTA;CTGGCATGTAGACTGTATAG	-131	2.303226294491276	1.5432585820168316	-0.8975944935797524	-0.6974034220095758	0.011472008073890963	1.1266953517230653	0.8514546431626258	0.40002523122343975	0.8313253710167223	4.1837191925910537e-4
chr12-68683668-68684552_5	chr12-68683668-68684552	AATCAATTACCGGCCAGGTG;AGTTAGCTCCAGCATAATAC	-131	1.5762468050734828	1.5088016034077314	0.7860398618497019	-0.11276160896104101	-0.8929071286095602	-0.5087260412729658	-0.6353575186729488	-0.4875101277709439	-0.510771485567826	-1.0715364565423149
chr12-68683668-68684552_6	chr12-68683668-68684552	AATCAATTACCGGCCAGGTG;CTGGCATGTAGACTGTATAG	-131	0.8612541960835017	1.1674686013174151	1.066980257925415	1.1303674227716276	0.5653741907126275	1.1798708173690995	1.1404596798620636	0.9615766174207208	0.8742583298007693	-0.6358338969356432
chr12-68683668-68684552_7	chr12-68683668-68684552	TGTATGGCAATACTAAATTT;TCTACATGCCAGTATTATGC	-131	4.355361152197757	4.590797624290782	2.174269095520978	-0.15655537651539414	1.064071561371736	0.603753954050397	1.1708465357126216	1.5478074168597589	2.6021683552759995	1.1017472004002293
chr12-68683668-68684552_8	chr12-68683668-68684552	AAAATCGAAAATAGGTTGTA;TCTACATGCCAGTATTATGC	-131	0.6738246435875509	0.7258280519110133	0.5756197927351416	0.7831835638188274	1.3105568219858275	0.14341575619782884	1.345912069795948	2.0144821411092626	1.8169722155299266	1.5191457053144855
chr12-68683668-68684552_9	chr12-68683668-68684552	AATCAATTACCGGCCAGGTG;TCTACATGCCAGTATTATGC	-131	0.6560868333224562	1.1914483582725621	1.280845934152909	1.6360618884961844	-0.11901634688620674	0.48240211619622275	0.15814176842275945	-0.15811030270996707	-0.04458118721587877	1.4758025881103738
chr12-68683668-68684552_10	chr12-68683668-68684552	CTAGGGTATTTGTTAGTGCC;TACTGGCATGTAGACTGTAT	-131	1.0360976876891523	1.4200202711948198	1.2785819171365094	1.5696989252107028	0.1196082495366444	0.28538027641319424	0.5975916594475547	0.8930912697578356	1.221670410218852	0.1781656500153687
